{"doc":["stori","membership","write","sign","stori","membership","write","sign","term","privaci","discov","stori","think","expertis","writer","topic","discov","stori","think","expertis","writer","topic","statu","career","press","blog","privaci","term","text","speech","team","stai","curiou","stai","curiou"],"headings":["medium","good","idea","find","medium","open","platform","reader","find","dynam","think","expert","undiscov","voic","share","write","topic"],"url":"https://medium.com","previewTitle":"Medium – Where good ideas find you.","preview":"Medium is an open platform where readers find dynamic thinking, and where expert and undiscovered voices can share their writing on any topic.","forwardLinks":[]}