{"doc":["home","compani","review","sign","sign","employ","post","job","post","cv","www","teach","job","school","colleg","teacher","karachi","gulistan","jouhar","kp","2023","chase","karachi","job","karachi","karachi","remot","job","lahor","karachi","gulistan","jouhar","kp","2023","teacher","job","vacanc","karachi","pharmaci","technician","type","job","onlin","karachi","job","lahor","lahor","full","time","karachi","fresh","intermedi","karachi","laravel","remot","night","shift","job","karachi","karachi","work","home","student","karachi","writer","remot","manag","lahor","remot","job","restaur","hotel","lahor","teach","onlin","karachi","shahra","faisal","account","faisalabad","hotel","restaur","karachi","remot","islamabad","lahor","gulberg","coloni","social","medium","market","remot","type","karachi","karachi","karachi","veterinari","rider","job","lahor","lahor","teach","job","school","colleg","dubai","compani","dentist","part","time","remot","video","edit","remot","pharmaci","technician","creativ","work","home","onlin","type","laravel","remot","graphic","design","remot","food","datum","analyst","karachi","iberianz","financ","islamabad","writer","remot","seo","internship","remot","remot","part","time","remot","job","bookkeep","remot","ui","ux","teach","onlin","graphic","design","karachi","internship","lahor","virtual","assist","remot","write","faisal","mover","social","medium","market","remot","fresh","graduat","karachi","veterinari","gujranwala","faisalabad","rawalpindi","korangi","peshawar","faisalabad","karachi","sialkot","peshawar","hyderabad","sheikhupura","rawalpindi","sargodha","islamabad","sahiw","hyderabad","wah","canton","karachi","quetta","multan","jhelum","lahor","lahor","abbottabad","multan","sukkur","bahawalpur","islamabad","onlin","job","pakistan","islamabad","remot","remot","onlin","math","physic","teacher","r","480","000","karachi","datum","scienc","job","fresh","graduat","logist","head","custom","servic","repres","ui","ux","design","remot","cnc","machin","internship","graphic","design","remot","databas","develop","work","home","account","financ","brows","job","brows","compani","countri","center","esg","2024","access","privaci","center","ad","choic","term","trend","search","trend","job","popular","citi","popular","compani"],"headings":["job","search","search","million","job","onlin","find","step","career","tool","job","search","cv","compani","review","step","job","search","job","search","engin","job","job","search","engin","job","list","search","job","career","employ","work","find","job","rss","job","fee","xml"],"url":"https://indeed.com","previewTitle":"Job Search | Indeed","preview":"With Indeed, you can search millions of jobs online to find the next step in your career. With tools for job search, CVs, company reviews and more, were with you every step of the way.","forwardLinks":[]}