{"doc":["due","downward","trend","respiratori","viru","maryland","mask","long","requir","remain","strongli","recommend","john","hopkin","medicin","clinic","locat","maryland","read","john","hopkin","hospit","top","rank","hospit","nation","new","world","report","2023","24","hospit","list","theodor","dewees","serv","interim","capac","18","month","name","dean","medic","faculti","ceo","john","hopkin","medicin","travel","john","hopkin","hospit","bayview","medic","center","find","app","offer","step","step","direct","appoint","current","patient","complet","onlin","form","conveni","home","commun","provid","access","test","result","request","prescript","renew","manag","appoint","develop","injuri","train","5k","collegi","sport","tournament","sport","medicin","expert","action","learn","expert","john","hopkin","child","hospit","john","hopkin","child","center","push","boundari","pediatr","medicin","patient","famili","fulfil","dream","research","foundat","john","hopkin","medicin","yield","insight","treatment","learn","lab","research","faculti","clinic","trial","doctor","locat","appoint","mychart","payment","bill","assist","top","rank","dean","ceo","john","hopkin","medicin","name","find","sign","mychart","keep","game","john","hopkin","child","hospit","john","hopkin","child","center","john","hopkin","school","medicineappli","admiss","research","john","hopkin","new","skip","navig","skip","navig","john","hopkin","medicin","home","patient","care","health","research","school","medicin","mychart","schedul","appoint","find","doctor","pai","bill","employ","vaccin","visitor","guidelin","doctor","locat","appoint","mychart","read","read","read","read","learn","sport","medicin","care","watch","video","sport","medicin","team","john","hopkin","child","hospit","john","hopkin","child","center","school","medicin","research","public","newsroom","health","inform","newslett","price","transpar","contact","patient","care","locat","notic","privaci","practic","privaci","statement","term","condit","discrimin","notic","follow","facebook","follow","twitter","follow","linkedin","follow","instagram","follow","youtub","follow","weibo","top","button","john","hopkin","medicin","home","patient","care","health","research","school","medicin","mychart","schedul","appoint","find","doctor","pai","bill","employ","vaccin","mask","guidelin","visitor","guidelin","doctor","locat","appoint","mychart","estim","bill","creat","onlin","estim","hospit","fee","portion","care","pai","bill","pai","bill","onlin","phone","contact","question","feder","price","transpar","view","list","standard","hospit","charg","insur","inform","review","list","insur","plan","accept","financi","assist","explor","wai","pai","medic","bill","learn","payment","plan","surpris","act","learn","patient","john","hopkin","child","hospit","john","hopkin","child","center","medic","student","ph","program","resid","fellow","graduat","program","graduat","clinic","educ","postdoctor","fellow","public","newsroom","health","inform","newslett","espa","ol","fran","ai","tagalog","portugu","italiano","ti","ng","vi","po","ny","igbo","asusu","yor","krei","ayisyen","deutsch","polski","deitsch","john","hopkin","medicin","mask","strongli","recommend","requir","maryland","start","immedi","pediatr","care","child","child"],"headings":["home","john","hopkin","medicin"],"url":"https://hopkinsmedicine.org","previewTitle":"Home | Johns Hopkins Medicine","preview":"No preview available","forwardLinks":[]}