{"doc":["small","special","everydai","life","bite","bright","idea","treat","dai","democrat","design","dispatch","straight","heart","lmhult","inter","ikea","system","1999","2024","ikea","stori","job","newsroom","busi","ikea","everydai","ritual","brighten","everydai","br","ggan","collect","sun","ikea","storag","school","banish","bathroom","clutter","amaz","colour","tesamman","collect","ut","dd","collect","help","pet","feel","home","daksju","collect","grow","ikea","sustain","report","highlight","action","ikea","storag","school","simpl","recip","organis","kitchen","futur","work","mittzon","system","ikea","yust","retro","style","hotel","room","furnish","ikea","work","ikea","artist","resid","anni","leibovitz","live","home","silversida","seri","fantast","ceram","style","report","classic","blue","white","ikea","80","design","flashback","check","life","home","report","dajlien","collect","design","home","workout","ikea","storag","school","boost","small","bedroom","explor","ikea","yearbook","ikea","storag","school","idea","organis","home","ikea","storag","school","abc","child","storag","global","refuge","forum","2023","provid","opportun","respect","cosi","celebr","global","gather","ikea","foundat","reach","goal","fan","ikea","icon","quiz","explor","colour","home","storag","box","student","life","sweden","start","small","citi","famili","apart","sweden","pack","person","ikea","world","big","japan","ikea","world","ol","portug","countri","live","visit","swedish","farmhous","make","design","dream","true","project","time","extra","mile","intern","sale","inter","ikea","group","ikea","foundat","ikea","museum","social","entrepreneurship","faq","privaci","cooki","statement","http","www","ikea","pr","puertorico","es","http","www","ikea","pr","puertorico","en","http","www","ikea","ae","ar","http","www","ikea","ae","en","http","www","ikea","hk","zh","http","www","ikea","hk","en","http","www","ikea","es","http","www","ikea","en","http","www","ikea","ca","en","http","www","ikea","ca","fr","http","www","ikea","ma","fr","http","www","ikea","ma","ar","http","www","ikea","ma","en","http","www","ikea","pl","pl","http","www","ikea","jo","ar","http","www","ikea","jo","en","http","www","ikea","cz","http","www","ikea","cz","en","http","www","ikea","http","www","ikea","en","http","www","ikea","gb","en","http","www","ikea","ch","de","http","www","ikea","ch","fr","http","www","ikea","ch","http","www","ikea","ch","en","http","www","ikea","r","sr","http","www","ikea","nl","http","www","ikea","fr","http","www","ikea","en","http","www","ikea","bh","en","http","www","ikea","bh","ar","http","www","ikea","hu","hu","http","www","ikea","gr","http","www","ikea","gr","en","http","www","ikea","http","www","ikea","en","http","www","ikea","ar","http","www","ikea","en","http","www","ikea","en","http","www","ikea","sk","sk","http","www","ikea","se","sv","http","www","ikea","se","en","http","www","ikea","sg","en","http","www","ikea","ph","en","http","www","ikea","pt","pt","http","www","ikea","pt","en","http","www","ikea","dk","da","http","www","ikea","http","www","ikea","bg","http","www","ikea","tr","http","www","ikea","tr","en","http","www","ikea","lt","lt","http","www","ikea","lt","ru","http","www","ikea","lt","en","http","www","ikea","ru","ru","http","www","ikea","jp","ja","http","www","ikea","jp","en","http","www","ikea","cy","http","www","ikea","cy","en","http","www","ikea","nz","en","http","www","ikea","au","en","http","www","ikea","cn","cn","zh","http","www","ikea","cn","cn","en","http","www","ikea","sa","ar","http","www","ikea","sa","en","http","www","ikea","kw","ar","http","www","ikea","kw","en","http","www","ikea","kr","ko","http","www","ikea","kr","en","http","www","ikea","fi","fi","http","www","ikea","fi","en","http","www","ikea","es","http","balear","ikea","es","http","www","ikea","hr","hr","http","www","ikea","nl","nl","http","www","ikea","http","www","ikea","qa","en","http","www","ikea","qa","ar","http","www","ikea","il","http","www","ikea","om","ar","http","www","ikea","om","en","http","www","ikea","de","de","http","www","ikea","ee","http","www","ikea","ee","ru","http","www","ikea","ee","en","http","www","ikea","lv","lv","http","www","ikea","lv","ru","http","www","ikea","lv","en","http","www","ikea","si","sl","http","www","ikea","ms","http","www","ikea","en","http","www","ikea","tw","zh","http","www","ikea","tw","en","http","canaria","ikea","es","http","www","ikea","ro","ro","http","www","ikea","en","http","www","ikea","http","www","ikea","fr","fr","http","www","ikea","de","http","www","ikea","en","http","www","ikea","ua","uk","http","www","ikea","mx","es","http","www","ikea","mx","en","http","www","ikea","en","http","www","ikea","nl","en","http","www","ikea","cl","es","http","www","ikea","es","good","morn","enjoi","easi","overnight","oat","wild","swim","workout","spend","time","natur","groceri","shop","special","bring","bloom","home","wrap","dai","smile","danc","night","design","iina","vuorivirta","symfonisk","lamp","design","mikael","axelsson","burvik","tabl","design","akanksha","deo","br","nden","rug","design","maja","ganszyniec","nning","chair","design","sarah","fager","henrik","preutz","fr","set","chair","add","extra","everydai","stori","product"],"headings":["hej","ikea","global","furnitur","home","accessori","design","idea","inspir","big","dream","small","budget","everydai","life","begin","home"],"url":"https://ikea.com","previewTitle":"Hej! Welcome to IKEA Global","preview":"Furniture, home accessories, design ideas and inspiration for big dreams and small budgets. A better everyday life begins at home!","forwardLinks":[]}