{"doc":["late","insight","analysi","featur","fund","round","new","trend","profil","featur","acquisit","upcom","event","start","free","trial","17","2024","coreweav","rais","5b","debt","have","push","chri","metinko","coreweav","big","continu","have","cloud","infrastructur","startup","rais","billion","debt","facil","month","rais","billion","ventur","17","2024","week","10","big","fund","round","uniqu","bio","vercel","lead","huge","week","chri","metinko","round","hit","quarter","billion","dollar","round","100","million","17","2024","calcul","termin","arr","startup","simpl","formula","guest","author","simpl","formula","easili","calcul","termin","arr","startup","write","guest","contributor","john","kim","founder","ceo","sendbird","share","will","17","2024","investor","limit","avail","vacat","rental","startup","joanna","glasner","crunchbas","datum","assembl","list","compani","fund","year","focu","short","term","rental","crunchbas","new","show","fund","round","featur","search","list","reka","have","perplex","have","vercel","openai","proteologix","loverboi","coreweav","anthrop","mistral","have","sigma","comput","show","acquisit","show","event","organ","peopl","event","term","servic","privaci","polici","sitemap","price","log","portugues","vc","firm","shill","launch","50m","opportun","fund","growth","stage","startup","techcrunch","thread","final","start","fact","check","program","techcrunch","emb","account","startup","layer","secur","3m","goal","replac","quickbook","techcrunch","anthrop","hire","instagram","founder","head","product","techcrunch","truth","categori","build","forb","nrf","shein","leav","london","york","guess","ipo","forb","mozilla","director","nabiha","sy","bring","joi","creativ","internet","exclus","fast","compani","googl","have","push","rift","youtub","creator","fast","compani","boe","face","crimin","charg","violat","deal","negoti","secret","regul","fortun","morgan","stanlei","bui","properti","debt","blackston","ventur","sourc","bloomberg","crunchbas","new","subscrib","crunchbas","daili","compani","career","partner","blog","press","contact","crunchbas","pro","marketplac","crunchbas","enterpris","datum","licens","custom","stori","price","creat","profil","featur","list","search","crunchbas","differ","knowledg","center","ca","privaci","notic","tulyp","seed","tulyp","5m","speedinvest","codespher","seri","codespher","19","3m","creandum","tappa","seed","tappa","9m","alicorn","ventur","partner","ember","seed","ember","5m","valar","ventur","kudo","seri","kudo","10","2m","qed","investor","otpless","seed","otpless","5m","sidbi","ventur","capit","veepio","convert","note","veepio","10m","capit","global","colab","softwar","seri","colab","softwar","21m","insight","partner","keyper","seed","keyper","4m","beco","capit","middl","east","ventur","partner","mevp","peachi","seed","peachi","4m","anotherwai","ventur","torc","randstad","digit","silverbow","resourc","crescent","energi","1b","butter","grubmarket","goldvip","technolog","solut","crown","ipso","prioriti","softwar","blackston","group","swipeclock","iri","softwar","group","omixon","werfen","ayana","renew","power","oil","natur","ga","corpor","800m","atom","financ","toggl","logrhythm","exabeam","22","2024","sale","enabl","summit","la","vega","austin","texa","unit","state","22","2024","enterpris","rise","confer","person","2024","saint","paul","minnesota","unit","state","29","2024","blockchain","economi","summit","istanbul","istanbul","istanbul","turkei","jun","2024","lead","todai","shape","tomorrow","2024","vienna","wien","austria","jun","12","2024","solar","energi","storag","summit","2024","san","francisco","california","unit","state","jul","2024","south","summit","madrid","madrid","madrid","spain","sep","17","2024","dreamforc","2024","san","francisco","california","unit","state","sep","18","2024","big","datum","london","2024","london","england","unit","kingdom","dec","2024","aw","invent","la","vega","nevada","unit","state","organ","transact","monei","rais","lead","investor","acquire","acquir","price","start","date","event","locat","crunchbas","insight","analysi"],"headings":["crunchbas","discov","innov","compani","peopl","crunchbas","lead","destin","compani","insight","earli","stage","startup","fortun","1000","insight","competit","uncov","startup","trend","compani","fund","datum","find","prospect","beat","competitor","quota"],"url":"https://crunchbase.com","previewTitle":"Crunchbase: Discover innovative companies and the people behind them","preview":"Crunchbase is the leading destination for company insights from early-stage startups to the Fortune 1000. Get insights into your competition. Uncover startup trends, get company funding data. Find new prospects, beat competitors and quotas.","forwardLinks":[]}