{"doc":["find","clean","space","chromebook","app","have","remov","solid","navig","app","case","file","download","don","disappear","sudden","dslr","camera","tend","expens","excel","budget","friendli","option","worth","confus","part","bui","game","rig","import","pc","compon","game","ugreen","nexod","pro","160w","power","devic","time","gener","have","creat","logo","great","idea","drawback","jump","disabl","meta","have","assist","facebook","instagram","whatsapp","app","mute","chatbot","airpod","waterproof","airpod","pro","airpod","wet","struggl","solv","todai","connect","hint","categori","solut","stick","have","compar","carrier","decid","discord","opt","sponsor","quest","form","advertis","platform","long","delet","entir","post","rid","imag","instagram","carousel","delet","item","batch","post","sponsor","ecovac","notion","catch","gentl","introduct","googl","bing","search","explor","invis","web","special","deep","search","engin","difficult","find","great","indi","game","plai","wai","favorit","find","account","link","email","address","phone","method","ensur","datum","misus","onlin","control","panel","control","alexa","enabl","smart","home","devic","base","person","experi","big","benefit","drawback","appl","homekit","smart","home","wai","appl","music","free","13","inch","ipad","air","case","2024","wai","filter","tiktok","content","don","connect","342","todai","answer","clue","saturdai","18","2024","short","film","phone","app","help","lose","weight","trend","delet","app","chromebook","waze","googl","map","navig","app","find","download","android","budget","dslr","camera","2024","import","compon","game","pc","charger","will","bui","have","creat","logo","pro","con","practic","disabl","meta","have","mute","airpod","aren","waterproof","wet","connect","341","todai","answer","clue","fridai","17","2024","mobil","carrier","verizon","mobil","opt","discord","ad","delet","singl","imag","video","instagram","carousel","150","deebot","t30","seri","ultim","multi","surfac","clean","solut","start","notion","12","deep","search","engin","explor","invis","web","favorit","indi","game","wai","find","account","link","email","address","phone","numb","amazon","echo","hub","review","bring","smart","home","control","level","have","appl","homekit","year","pro","con","gpt","4o","bring","gpt","work","famili","lose","pet","open","door","scammer","avoid","sick","spotifi","price","increas","option","pc","mobil","window","mac","linux","android","io","internet","social","medium","secur","programm","product","creativ","dii","lifestyl","smart","home","game","entertain","tech","explain","artifici","intellig","tech","jargon","network","review","bui","guid","free","cheat","sheet","sign","newslett","window","11","chatgpt","iphon","playstat","facebook","avoid","scam","emoji","explain","free","movi","stream","appl","music","wai","appl","music","free","ipad","air","13","inch","ipad","air","case","2024","tiktok","wai","filter","tiktok","content","don","word","game","connect","342","todai","answer","clue","saturdai","18","2024","filmmak","short","film","phone","fit","app","help","lose","weight","pc","mobil","explain","digit","life","chromebook","delet","app","chromebook","david","deloni","googl","map","waze","googl","map","navig","app","joel","lee","jowi","moral","file","manag","find","download","android","deni","manyinsa","alvin","wanjala","dslr","budget","dslr","camera","2024","barri","peacock","pc","game","import","compon","game","pc","jayric","mane","charger","will","bui","jowi","moral","logo","design","have","creat","logo","pro","con","practic","rubi","helyer","meta","disabl","meta","have","mute","chifundo","kasiya","appl","airpod","airpod","aren","waterproof","wet","dan","helyer","denis","lim","word","game","connect","341","todai","answer","clue","fridai","17","2024","dave","parrack","mobil","plan","mobil","carrier","verizon","mobil","bertel","king","discord","opt","discord","ad","hannah","knight","social","medium","tip","delet","singl","imag","video","instagram","carousel","maham","asad","alvin","wanjala","promot","150","deebot","t30","seri","ultim","multi","surfac","clean","solut","neeraj","paruthi","notion","start","notion","bobbi","jack","web","search","12","deep","search","engin","explor","invis","web","dan","price","pc","game","favorit","indi","game","kri","naudu","onlin","privaci","wai","find","account","link","email","address","phone","numb","cheryl","vaughn","adaez","uch","40","smart","home","amazon","echo","hub","review","bring","smart","home","control","level","brent","dirk","appl","homekit","have","appl","homekit","year","pro","con","brent","dirk","gpt","4o","bring","gpt","work","famili","lose","pet","open","door","scammer","avoid","sick","spotifi","price","increas","option","muo","valnet","publish","group","pc","mobil","submenu","window","mac","linux","android","io","internet","submenu","social","medium","secur","programm","product","submenu","creativ","dii","lifestyl","submenu","smart","home","game","entertain","tech","explain","submenu","artifici","intellig","tech","jargon","network","review","bui","guid","pc","mobil","submenu","window","mac","linux","android","io","window","mac","linux","android","io","internet","submenu","social","medium","secur","programm","social","medium","secur","programm","product","submenu","creativ","dii","creativ","dii","lifestyl","submenu","smart","home","game","entertain","smart","home","game","entertain","tech","explain","submenu","artifici","intellig","tech","jargon","network","artifici","intellig","tech","jargon","network","review","bui","guid","submenu","free","cheat","sheet","submenu","free","cheat","sheet","free","cheat","sheet","sign","newslett","join","team","audienc","press","event","contact","follow","advertis","career","term","privaci","polici","makeuseof","late"],"headings":["muo","technolog","simplifi","muo","guid","modern","tech","learn","tech","gadget","discov","cool","stuff","internet"],"url":"https://makeuseof.com","previewTitle":"MUO - Technology, Simplified.","preview":"MUO is your guide to modern tech. Learn how to make use of the tech and gadgets around you, and discover cool stuff on the internet.","forwardLinks":["https://www.valnetinc.com"]}