{"doc":["cooki","site","agre","appl","privaci","polici","compani","legal","follow","io","android","devic","radio","spin","check","shazam","airplai","chart","discov","current","global","radio","trend","supplier","respons","app","concert","chart","radio","spin","download","shazam","app","concert","chart","radio","spin","app","career","appl","devic","android","devic","shazamkit","develop","term","privaci","polici","manag","datum","librari","song","second","find","music","concert","shazam","shazam","footer"],"headings":["shazam","music","discoveri","chart","song","lyric","identifi","music","plai","explor","music","love","discov","song","lyric","artist","shazam"],"url":"https://shazam.com","previewTitle":"Shazam - Music Discovery, Charts & Song Lyrics","preview":"Identify the music playing around you. Explore the music you love. Discover songs, lyrics, and artists on Shazam.","forwardLinks":[]}