{"doc":["essenti","cooki","site","function","option","cooki","advertis","personalis","content","usag","analysi","social","medium","accept","option","cooki","consent","process","person","datum","includ","transfer","parti","parti","european","econom","area","vari","standard","datum","protect","privaci","polici","inform","person","datum","inform","chang","choic","bmc","dedic","publish","open","access","journal","portfolio","250","titl","strive","drive","progress","biologi","health","scienc","medicin","20","year","expertis","pioneer","open","access","trust","extens","experi","deliv","high","qualiti","impact","research","provid","support","publish","experi","author","open","transpar","commun","focu","heart","research","publish","bmc","famili","journal","bmc","part","springer","natur","publish","find","journal","editori","polici","peer","review","process","articl","process","charg","faq","oa","fund","polici","support","membership","inform","discov","launch","select","journal","publish","signific","advanc","area","global","public","health","find","inclus","journal","publish","research","aspect","digit","technolog","medicin","public","health","springer","natur","sustain","develop","goal","sdg","programm","aim","connect","research","tackl","world","tough","challeng","practition","polici","busi","insight","bmc","seri","pioneer","approach","datum","share","open","datum","commit","support","research","share","datum","help","datum","share","normal","17","2024","15","2024","14","2024","websit","agre","term","condit","state","privaci","right","privaci","statement","cooki","polici","privaci","choic","manag","cooki","prefer","centr","2024","biom","central","state","part","springer","natur","blood","skin","fat","find","african","trypanosom","anim","highlight","bmc","seri","april","2024","cleav","lip","palat","awar","week","highlight","bmc","seri","follow","bmc","skip","main","content","explor","journal","publish","bmc","login","explor","journal","publish","bmc","focu","bmc","global","public","health","focu","bmc","digit","health","sustain","develop","goal","programm","open","datum","bmc","seri","blood","skin","fat","find","african","trypanosom","anim","highlight","bmc","seri","april","2024","cleav","lip","palat","awar","week","highlight","bmc","seri","read","blog","receiv","bmc","newslett","manag","articl","alert","languag","edit","author","scientif","edit","author","polici","access","press","center","support","contact","leav","feedback","career","bmc","twitter","page","bmc","facebook","page","bmc","weibo","page","term","condit","state","privaci","right","privaci","statement","cooki","privaci","choic","manag","cooki","springer","natur","explor","journal","publish","bmc","login","explor","journal","publish","bmc","login","blood","skin","fat","find","african","trypanosom","anim","17","2024","highlight","bmc","seri","april","2024","15","2024","cleav","lip","palat","awar","week","highlight","bmc","seri","14","2024","read","blog","receiv","bmc","newslett","manag","articl","alert","languag","edit","author","scientif","edit","author","polici","access","press","center","support","contact","leav","feedback","career","bmc","twitter","page","bmc","facebook","page","bmc","weibo","page","bmc","research","progress","privaci","choic","author","advanc","research","bmc","focu","bmc","global","public","health","focu","bmc","digit","health","sustain","develop","goal","programm","open","datum","bmc","seri","blog"],"headings":["bmc","research","progress"],"url":"https://biomedcentral.com","previewTitle":"BMC, research in progress ","preview":"No preview available","forwardLinks":["https://bmcglobalpublichealth.biomedcentral.com","https://bmcdigitalhealth.biomedcentral.com","https://www.springernature.com","https://twitter.com","https://www.facebook.com","http://www.weibo.com"]}