{"doc":["advic","child","health","behavior","growth","birth","teen","year","bodi","work","homework","kid","support","advic","health","emot","life","design","teen","approv","doctor","expert","approv","health","educ","resourc","prek","12th","grade","note","inform","nemour","kidshealth","educ","purpos","specif","medic","advic","diagnosi","treatment","consult","doctor","1995","2024","nemour","foundat","nemour","child","health","kidshealth","medicin","regist","trademark","nemour","foundat","right","reserv","imag","sourc","nemour","foundat","getti","imag","skip","content","nemour","child","health","doctor","locat","gener","health","growth","develop","infect","diseas","condit","pregnanc","babi","nutrit","fit","emot","behavior","school","famili","life","aid","safeti","doctor","hospit","video","expert","answer","help","kid","worri","kid","worri","parent","provid","calm","support","bodi","work","puberti","grow","stai","healthi","stai","safe","dictionari","health","problem","ill","injuri","relax","unwind","peopl","place","feel","expert","answer","video","handl","stress","wai","stress","moment","find","bodi","mind","sexual","health","food","fit","diseas","condit","infect","drug","alcohol","school","job","sport","expert","answer","stai","safe","video","depress","feel","depress","talk","parent","good","place","start","tip","talk","parent","site","sitio","para","padr","kid","site","sitio","para","ni","os","teen","site","sitio","para","adolescent","educ","site","contact","partner","editori","polici","permiss","guidelin","privaci","polici","term","notic","nondiscrimin","parent","kid","teen","educ","parent","kid","teen","educ","sitio","para","padr","parent","home","gener","health","growth","develop","infect","diseas","condit","pregnanc","babi","nutrit","fit","emot","behavior","school","famili","life","aid","safeti","doctor","hospit","video","expert","answer","categori","well","center","parent","home","sitio","para","padr","categori","well","center","sitio","para","ni","os","kid","home","bodi","work","puberti","grow","stai","healthi","stai","safe","dictionari","health","problem","ill","injuri","relax","unwind","peopl","place","feel","expert","answer","video","categori","well","center","kid","home","sitio","para","ni","os","categori","well","center","sitio","para","adolescent","teen","home","bodi","mind","sexual","health","food","fit","diseas","condit","infect","drug","alcohol","school","job","sport","expert","answer","stai","safe","video","categori","well","center","teen","home","sitio","para","adolescent","categori","well","center","contact","partner","editori","polici","permiss","guidelin","privaci","polici","term","notic","nondiscrimin","kidshealth","parent","kid","teen","educ"],"headings":["nemour","kidshealth","web","visit","site","child","health","kidshealth","trust","sourc","physician","review","inform","advic","child","health","parent","issu","parent","kid","teen","educ","english","spanish","kid","health","kidshealth","children","doctor","parent","kid","teen","english","spanish","espanol"],"url":"https://kidshealth.org","previewTitle":"Nemours KidsHealth - the Web's most visited site about children's health ","preview":"KidsHealth is the #1 most-trusted source for physician-reviewed information and advice on children's health and parenting issues. For parents, kids, teens, and educators, in English and in Spanish.","forwardLinks":["https://www.nemours.org"]}