{"doc":["offici","websit","unit","state","govern","offici","websit","gov","gov","websit","belong","offici","govern","organ","unit","state","secur","gov","websit","http","lock","http","mean","have","safe","connect","gov","websit","share","sensit","inform","offici","secur","websit","usda","faq","resourc","coronaviru","covid","19","learn","learn","advanc","racial","justic","equiti","opportun","address","climat","chang","tackl","food","nutrit","insecur","market","opportun","learn","prioriti","phone","live","chat","mondai","fridai","8am","5pm","est","essenti","resourc","usda","partner","usda","financi","opportun","individu","commun","learn","prepar","recov","build","long","term","resili","thought","local","commun","employe","face","unpreced","devast","find","usda","servic","resourc","farmer","rancher","produc","find","real","life","solut","healthi","eat","style","myplat","resourc","farmer","rancher","opportun","shape","futur","agricultur","count","visit","vaccin","gov","call","800","232","0233","askusda","usda","care","partner","portal","loan","grant","disast","resourc","wildfir","farmer","gov","myplat","censu","agricultur","find","covid","19","vaccin","sign","updat","skip","main","content","depart","agricultur","home","topic","anim","biotechnolog","broadband","conserv","coronaviru","datum","disast","resourc","center","farm","food","nutrit","forestri","health","safeti","invas","speci","opioid","organ","plant","recreat","research","scienc","rural","trade","urban","agricultur","agenc","usda","agenc","career","employe","servic","farm","bill","futur","work","initi","staff","offic","prioriti","equiti","usda","climat","solut","food","nutrit","secur","market","opportun","medium","agenc","new","releas","agenc","report","blog","digit","press","releas","radio","glossari","askusda","recal","contact","advanc","racial","justic","equiti","opportun","address","climat","chang","tackl","food","nutrit","insecur","market","opportun","askusda","phone","live","chat","mondai","fridai","8am","5pm","est","usda","care","partner","portal","essenti","resourc","usda","partner","loan","grant","usda","financi","opportun","individu","commun","disast","resourc","learn","prepar","recov","build","long","term","resili","mental","physic","tree","differ","shonterria","charleston","serv","rural","commun","safe","hous","2501","program","fund","support","aquacultur","resili","hawaii","micronesia","preserv","tradit","aphi","role","safeguard","cherri","tree","visit","vaccin","gov","return","top","home","topic","agenc","prioriti","medium","askusda","pandem","assist","contact","site","map","polici","link","perform","career","report","fraud","usda","contract","inspector","gener","plain","languag","write","usda","open","foia","access","statement","privaci","polici","discrimin","statement","anti","harass","polici","inform","qualiti","usa","gov","whitehous","gov","egov","feedback","fear","act","datum","offic","special","counsel","whistleblow","protect","coordin","vulner","disclosur","polici","agenc","financi","report","usda","care","partner","portal","subscrib","depart","agricultur","usda","twitter","usda","facebook","usda","linkedin","usda","constant","contact","usda","instagram","usda","flickr","usda","youtub","usda","rss","home","topic","topic","anim","biotechnolog","broadband","conserv","coronaviru","datum","disast","resourc","center","farm","food","nutrit","forestri","health","safeti","invas","speci","opioid","organ","plant","recreat","research","scienc","rural","trade","urban","agricultur","topic","anim","biotechnolog","broadband","conserv","coronaviru","datum","disast","resourc","center","farm","food","nutrit","forestri","health","safeti","invas","speci","opioid","organ","plant","recreat","research","scienc","rural","trade","urban","agricultur","agenc","agenc","usda","agenc","career","employe","servic","farm","bill","futur","work","initi","staff","offic","agenc","usda","agenc","career","employe","servic","farm","bill","futur","work","initi","staff","offic","prioriti","prioriti","equiti","usda","climat","solut","food","nutrit","secur","market","opportun","prioriti","equiti","usda","climat","solut","food","nutrit","secur","market","opportun","medium","medium","agenc","new","releas","agenc","report","blog","digit","press","releas","radio","medium","agenc","new","releas","agenc","report","blog","digit","press","releas","radio","glossari","askusda","recal","contact","home","topic","agenc","prioriti","medium","askusda","pandem","assist","contact","site","map","polici","link","perform","career","report","fraud","usda","contract","inspector","gener","plain","languag","write","usda","open","foia","access","statement","privaci","polici","discrimin","statement","anti","harass","polici","inform","qualiti","usa","gov","whitehous","gov","egov","feedback","fear","act","datum","offic","special","counsel","whistleblow","protect","coordin","vulner","disclosur","polici","agenc","financi","report","usda","care","partner","portal","home","main","navig","util","navig","biden","harri","administr","partner","state","conserv","168","000","acr","privat","forestland","prioriti","featur","main","navig","footer","footer","navig"],"headings":["usda"],"url":"https://usda.gov","previewTitle":"USDA","preview":"No preview available","forwardLinks":["https://ask.usda.gov","https://www.fs.usda.gov","https://www.farmers.gov","https://www.myplate.gov","https://www.agcensus.usda.gov"]}