{"doc":["continu","brows","sage","websit","north","america","chang","locat","independ","guarante","find","import","skip","main","content","forget","password","creat","account","disciplin","product","resourc","instructor","student","librarian","research","book","author","editor","journal","author","editor","review","instagram","facebook","twitter","linkedin","social","scienc","space","chang","locat","learn","learn","close","technic","support","find","rep","career","log","account","log","contact","disciplin","social","scienc","human","ag","gerontolog","anthropolog","art","human","busi","commun","medium","studi","counsel","psychotherapi","crimin","justic","criminolog","cultur","studi","econom","develop","studi","educ","famili","studi","gender","sexual","studi","geographi","earth","environment","scienc","histori","interperson","domest","violenc","law","polit","scienc","intern","relat","psycholog","public","affair","research","method","statist","evalu","religion","social","work","sociolog","studi","skill","vocat","profession","studi","social","scienc","human","ag","gerontolog","anthropolog","art","human","busi","commun","medium","studi","counsel","psychotherapi","crimin","justic","criminolog","cultur","studi","econom","develop","studi","educ","famili","studi","gender","sexual","studi","geographi","earth","environment","scienc","histori","interperson","domest","violenc","law","polit","scienc","intern","relat","psycholog","public","affair","research","method","statist","evalu","religion","social","work","sociolog","studi","skill","vocat","profession","studi","health","life","biomed","scienc","alli","health","health","specialti","biologi","clinic","medicin","health","servic","life","biomed","scienc","nurs","plant","agricultur","scienc","public","health","veterinari","medicin","engin","physic","scienc","comput","engin","materi","scienc","mathemat","physic","chemistri","product","book","journal","learn","resourc","digit","solut","open","access","book","journal","learn","resourc","digit","solut","open","access","resourc","sage","colleg","publish","instructor","journal","author","editor","review","book","author","editor","societi","associ","librarian","research","subscript","agent","right","permiss","booksel","advertis","promot","student","sage","talk","open","access","technic","support","sage","colleg","publish","instructor","journal","author","editor","review","book","author","editor","societi","associ","librarian","research","subscript","agent","right","permiss","booksel","advertis","promot","student","sage","talk","open","access","technic","support","new","room","career","locat","new","room","career","locat","brows","book","journal","digit","solut","learn","resourc","catalog","resourc","instructor","journal","author","editor","review","book","author","editor","chines","journal","author","research","librarian","student","societi","advertis","sage","contact","new","career","access","digniti","work","modern","slaveri","statement","privaci","polici","access","legal","notic","sell","person","inform","login","find","social"],"headings":["sage","public","homesearchcart","sage","global","academ","publish","book","journal","grow","suit","librari","product","servic"],"url":"https://sagepub.com","previewTitle":"SAGE Publications Inc | HomeSearchcart","preview":"Sage is a global academic publisher of books, journals, and a growing suite of library products and services.","forwardLinks":[]}