{"doc":["texa","gov","offici","websit","state","texa","will","guid","onlin","servic","resourc","inform","great","state","photo","credit","eramos1969","flickr","texa","gov","offici","websit","state","texa","will","guid","onlin","servic","resourc","inform","great","state","photo","credit","eramos1969","flickr","upgrad","renew","driver","licens","knock","vehicl","registr","renew","list","check","txt","state","offici","digit","assist","easi","fast","secur","care","texa","govern","do","tap","explor","texa","enjoi","lone","star","state","park","histor","landmark","campground","fish","hunt","exhibit","fair","cultur","will","connect","busi","find","busi","resourc","run","grow","compani","job","seek","recruit","econom","develop","program","busi","taxi","resid","texa","offer","varieti","resourc","love","live","life","healthi","govern","texa","govern","agenc","offer","rang","resid","busi","servic","texan","find","servic","agenc","site","cooki","provid","great","user","experi","texa","gov","accept","cooki","detail","view","site","polici","copyright","2024","state","texa","right","reserv","servic","relat","site","support","english","learn","txt","explor","texa","find","busi","resourc","learn","texa","health","servic","access","govern","servic","directori","texa","texa","texa","gov","site","polici","privaci","polici","sitemap","appli","renew","vehicl","registr","renew","replac","driver","licens","request","driver","record","order","vital","record","servic","texa","veteran","portal","texa","open","datum","portal","texa","record","inform","locat","trail","support","frequent","ask","question","provid","feedback","texa","gov","texa","gov","texa","texa","txt","texa","outdoor","recreat","cultur","busi","boom","stai","healthi","govern","work"],"headings":["texa","gov","offici","websit","state","texa","explor","offici","websit","state","texa","will","find","govern","servic","inform","resourc"],"url":"https://texas.gov","previewTitle":"Texas.gov | The Official Website of the State of Texas","preview":"Explore the official website of the State of Texas. We'll help you find the government services, information, and resources you need.","forwardLinks":[]}