{"doc":["search","200","individu","encyclopedia","refer","book","world","trust","publish","read","content","peopl","love","top","univers","institut","encyclopedia","dai","research","onlin","consum","inform","servic","award","winner","2009","2010","2019","encyclopedia","right","reserv","topic","world","onlin","encyclopedia","pick","week","encyclopedia","pandem","flu","bacteriophag","anglerfish","skip","main","content","explor","read","read","read","taxat","incom","tax","incom","tax","assess","levi","individu","corpor","incom","patholog","autism","autism","development","disabl","result","neurolog","disord","affect","normal","function","brain","buddhism","pure","land","buddhism","pure","land","buddhism","amid","devot","sect","mahayana","buddhism","china","japan","center","worship","buddha","amitabha","histori","boston","tea","parti","boston","tea","parti","1773","explor","travel","conqueror","biographi","hernan","cort","hern","cort","hernando","cortez","1485","1547","spanish","conquistador","conqueror","mexico","french","benelux","physic","geographi","pyrene","pyrene","spin","pirineo","fr","environment","surrog","mother","educ","martial","art","barcelona","earth","environ","histori","literatur","art","medicin","peopl","philosophi","religion","place","plant","anim","scienc","technolog","social","scienc","law","sport","everydai","life","addit","refer","articl","daili","class","activ","home","site","feedback","privaci","cooki","polici","term","condit","daili","footer","menu"],"headings":["encyclopedia","free","onlin","encyclopedia","encyclopedia","onlin","dictionari","encyclopedia","pictur","fact","video","inform","homework","million","articl","free","onlin","librari","encyclopedia","onlin","dictionari","encyclopedia","pictur","fact","video","inform","homework","million","articl","free","onlin","librari"],"url":"https://encyclopedia.com","previewTitle":"Encyclopedia.com | Free Online Encyclopedia","preview":"Encyclopedia.com – Online dictionary and encyclopedia with pictures, facts, and videos. Get information and homework help with millions of articles in our FREE, online library.","forwardLinks":[]}