{"doc":["kyiv","lviv","asia","europ","north","america","africa","south","america","oceania","wikimedia","cc","sa","pakistan","central","south","east","asia","karachi","lahor","punjab","sindh","stardrift","cc","sa","kyiv","ukrain","johnni","cc","lviv","western","ukrain","wikimedia","asia","tokyo","mumbai","hong","kong","beij","raphael","europ","pari","rome","london","madrid","jeff","turner","cc","unit","state","canada","north","america","central","america","mexico","caribbean","south","america","york","citi","san","francisco","washington","mexico","citi","wikimedia","cc","sa","africa","cairo","marrakech","cape","town","johannesburg","s23678","cc","sa","south","america","bueno","air","rio","de","janeiro","paulo","lima","theo","crazzolara","cc","oceania","sydnei","melbourn","auckland","perth","salzburg","salzburg","austria","central","park","york","citi","unit","state","perugia","umbria","itali","bangkok","thailand","mapcarta","mapbox","openstreetmap","open","databas","licens","cc","sa","wikimedia","cc","deutsch","espa","ol","fran","ai","portugu","overview","map","direct","satellit","photo","map","overview","map","direct","satellit","photo","map","tap","map","travel","open","map","pakistan","destin","dai","explor","world","escap","random","place"],"headings":["mapcarta","open","map","explor","world","mapcarta","open","map","discov","open","knowledg","openstreetmap","wikipedia"],"url":"https://mapcarta.com","previewTitle":"Mapcarta - The Open Map","preview":"Explore the world with Mapcarta, the open map. Discover open knowledge from OpenStreetMap, Wikipedia and more.","forwardLinks":[]}