{"doc":["find","alberta","govern","servic","inform","shape","futur","govern","polici","program","servic","govern","alberta","job","job","post","provinc","resourc","job","seeker","prioriti","govern","alberta","initi","action","plan","15","2024","14","2024","14","2024","67","wildfir","alberta","start","peopl","learn","reduc","risk","wildfir","mitig","impact","inform","emerg","includ","critic","emerg","alert","inform","alert","awar","prepar","download","app","todai","respons","plan","strengthen","health","care","educ","build","safe","support","commun","manag","provinc","resourc","wise","promot","job","creation","continu","build","alberta","competit","advantag","refocu","health","care","system","improv","health","outcom","albertan","empow","health","care","worker","deliv","qualiti","care","provinc","updat","major","activ","emerg","recoveri","inform","alberta","alberta","risk","drought","water","shortag","part","nomin","youth","adult","senior","volunt","contribut","commun","daniel","smith","swear","alberta","19th","premier","octob","11","2022","find","popular","topic","skip","content","alberta","ca","refocu","health","care","alberta","foster","kinship","care","old","abus","afford","action","plan","child","care","subsidi","renew","vehicl","registr","find","servic","public","engag","job","govern","action","new","task","forc","stop","invas","mussel","border","set","foundat","refocu","health","system","teacher","rural","alberta","grand","nombr","enseign","dan","alberta","rural","facebook","twitter","instagram","linkedin","wildfir","prevent","mitig","learn","govern","agricultur","birth","adopt","death","marriag","divorc","busi","econom","develop","cultur","drive","safeti","educ","train","emerg","prepared","disast","respons","public","safeti","employ","energi","environ","famili","social","support","fish","wildlif","health","hous","indigen","relat","infrastructur","justic","move","alberta","municip","profit","charit","organ","outdoor","recreat","tourism","sport","tax","inform","download","app","budget","2024","refocu","health","care","alberta","activ","emerg","updat","drought","star","alberta","volunt","initi","task","forc","stop","invas","mussel","border","set","foundat","refocu","health","system","teacher","rural","alberta","new","alberta","ca","ministri","job","contact","govern","staff","directori","alberta","ca","disclaim","privaci","access","facebook","twitter","instagram","linkedin","refocu","health","care","alberta","foster","kinship","care","old","abus","afford","action","plan","child","care","subsidi","renew","vehicl","registr","15","2024","task","forc","stop","invas","mussel","border","14","2024","set","foundat","refocu","health","system","14","2024","teacher","rural","alberta","grand","nombr","enseign","dan","alberta","rural","alberta","ca","home","open","govern","contact","govern","social","medium","directori","facebook","twitter","instagram","linkedin","15","2024","task","forc","stop","invas","mussel","border","alberta","govern","launch","task","forc","defend","provinc","zebra","quagga","mussel","aquat","invas","speci","14","2024","set","foundat","refocu","health","system","propos","legisl","support","refocu","alberta","health","care","system","ensur","albertan","care","14","2024","teacher","rural","alberta","fund","student","space","post","secondari","educ","program","recruit","train","rural","remot","indigen","teacher","alberta","ministri","job","contact","govern","staff","directori","alberta","ca","disclaim","privaci","access","facebook","twitter","instagram","linkedin","wildfir","prevent","mitig","popular","topic","featur","find","alberta","govern","servic","inform","initi","featur","new","premier","alberta","footer","link","link"],"headings":["govern","alberta","alberta","ca","find","alberta","govern","servic","inform"],"url":"https://alberta.ca","previewTitle":"Government of Alberta | Alberta.ca","preview":"Find Alberta government services and information.","forwardLinks":[]}