{"doc":["trainer","gym","shoe","runner","tenni","shoe","call","simpl","shoe","ubiquit","big","ey","world","grow","14","foot","meter","100","pound","499","kg","produc","french","retail","herm","exclus","handbag","name","actress","singer","jane","birkin","actress","latina","young","person","win","emmi","lead","comedi","seri","discov","art","new","articl","featur","list","histori","societi","scienc","tech","biographi","anim","natur","geographi","travel","art","cultur","subscrib","subscrib","game","quiz","histori","societi","scienc","tech","biographi","anim","natur","geographi","travel","art","cultur","monei","video","18","2024","endang","speci","dai","conserv","effort","endang","speci","act","bald","eagl","american","allig","grai","wolf","endang","speci","orangutan","speci","critic","endang","save","shark","2020","investig","declin","tiger","popul","anim","eat","extinct","plant","anim","aliv","human","mona","lisa","king","crimson","king","charl","unveil","royal","portrait","mona","lisa","mountain","mona","lisa","think","answer","renaiss","italian","alp","lecco","lake","como","carrington","net","record","price","leonora","carrington","le","distract","de","dagobert","sothebi","surrealist","sorceri","alchemi","occult","yasuk","british","nobil","peerag","oda","nobunaga","list","state","capit","unit","state","schwa","casualti","world","war","ii","baphomet","hous","lord","pentecost","timelin","1980","mari","antoinett","eat","cake","northern","southern","light","elector","colleg","vote","state","ten","dai","vanish","switch","gregorian","calendar","differ","presid","prime","minist","helen","keller","fly","plane","timelin","1990","religion","old","balanc","chemic","equat","wonder","world","world","danger","bird","larg","island","world","cultur","recogn","gender","american","polit","scandal","12","greek","god","goddess","classic","danc","india","10","hockei","player","time","mind","alter","plant","fall","star","10","famou","endang","speci","invest","retir","household","financ","compani","influenc","market","good","side","hustl","meme","stock","2021","phenomenon","calcul","posit","size","trade","kei","risk","manag","invest","tech","sector","stock","beginn","guid","histori","sneaker","coloss","squid","birkin","bag","america","ferrera","quiz","america","athena","zeu","basic","greek","mytholog","ultim","anim","quiz","guess","languag","quiz","pictur","movi","quot","quiz","american","civil","right","movement","quiz","tool","dog","breed","quiz","bake","bake","good","quiz","ladi","unit","state","quiz","video","polit","histori","term","asian","american","learn","histori","aapi","heritag","month","woman","color","elect","congress","kamala","harri","path","vice","presid","chines","immigr","build","transcontinent","railroad","asian","american","woman","navi","subscrib","histori","societi","bonni","clyde","die","live","timelin","titan","final","hour","scienc","tech","tornado","form","summer","start","biographi","chien","shiung","wu","pei","anim","natur","10","organ","name","david","attenborough","incred","fact","bee","geographi","travel","explor","earth","great","mountain","rang","volcano","danger","erupt","art","cultur","classic","danc","india","continu","histori","hardcor","punk","compound","interest","calcul","mortgag","payment","calcul","percentag","increas","calcul","retir","incom","calcul","time","monei","tvm","calcul","procon","org","britannica","monei","advocaci","anim","alain","elkann","interview","privaci","notic","facebook","twitter","youtub","instagram","yasuk","british","nobil","peerag","oda","nobunaga","list","state","capit","unit","state","schwa","casualti","world","war","ii","baphomet","hous","lord","pentecost","timelin","1980","mari","antoinett","eat","cake","northern","southern","light","elector","colleg","vote","state","ten","dai","vanish","switch","gregorian","calendar","differ","presid","prime","minist","helen","keller","fly","plane","timelin","1990","religion","old","balanc","chemic","equat","wonder","world","world","danger","bird","larg","island","world","cultur","recogn","gender","american","polit","scandal","12","greek","god","goddess","classic","danc","india","10","hockei","player","time","mind","alter","plant","fall","star","10","famou","endang","speci","polit","histori","term","asian","american","learn","histori","aapi","heritag","month","woman","color","elect","congress","kamala","harri","path","vice","presid","chines","immigr","build","transcontinent","railroad","asian","american","woman","navi","britannica","kid","merriam","webster","school","librari","melingo","britannica","book","escola","britannica","english","arab","nglish","sp","en","translat","procon","britannica","merch","iphon","app","ipad","app","australia","brazil","china","japan","latin","america","unit","kingdom","encyclopaedia","britannica","syndic","api","intern","publish","site","map","articl","facebook","twitter","youtub","instagram","legal","info","contact","privaci","polici","term","divers","line","fire","popular","britannica","britannica","trend","quiz","featur","video","britannica","premium","subscript","unlock","exclus","content","britannica","content","trust","world","articl","write","continu","fact","check","expert","subscrib","britannica","premium","unlock","entir","databas","trust","content","todai","explor","britannica","calcul","britannica"],"headings":["encyclopedia","britannica","britannica","explor","fact","check","onlin","encyclopedia","encyclopaedia","britannica","hundr","thousand","object","articl","biographi","video","imag","expert","britannica","refer","onlin","encyclopedia","encyclopaedia","store","dictionari","thesauru"],"url":"https://britannica.com","previewTitle":"Encyclopedia Britannica | Britannica","preview":"Explore the fact-checked online encyclopedia from Encyclopaedia Britannica with hundreds of thousands of objective articles, biographies, videos, and images from experts.","forwardLinks":["https://premium.britannica.com","https://www.pinterest.com"]}