{"doc":["espa","olnew","fast","spin","planet","solar","system","kiddl","parent","educ","kid","safe","search","editor","espa","ol","privaci","contact","site","block","keyword","block","web","fact","imag","kimag","espa","olnew","18","trivium","click","answer","fast","spin","planet","solar","system","18","trivium","click","answer","fast","spin","planet","solar","system","fast","spin","planet","solar","system","safe","visual","search","engin","kid"],"headings":["kiddl","visual","search","engin","kid","kiddl","safe","search","engin","offer","safe","web","imag","video","search","result","vet","editor","search","kid","safe","search","engin"],"url":"https://kiddle.co","previewTitle":"Kiddle - visual search engine for kids","preview":"Kiddle is a safe search engine, offering a safe web, image, and video search. Results are vetted by editors.","forwardLinks":["https://es.kiddle.co"]}