{"doc":["grubhub","food","deliveri","countri"],"headings":["grubhub","food","deliveri","countri","free","onlin","order","restaur","30","000","restaur","500","citi","food","deliveri","takeout","click","grubhub","click","click","food"],"url":"https://grubhub.com","previewTitle":"Grubhub food delivery is not available in your country","preview":"Free online ordering from restaurants near you! With more than 30,000 restaurants in 500+ cities, food delivery or takeout is just a click away. Because with Grubhub: Click, click, food!","forwardLinks":[]}