{"doc":["africa","asia","middl","east","north","south","america","oceania","europ","egypt","morocco","south","africa","tunisia","cambodia","china","mainland","en","hong","kong","sar","en","india","indonesia","japan","kazakhstan","macao","sar","en","malaysia","philippin","singapor","south","korea","taiwan","region","en","thailand","vietnam","vi","nam","bahrain","jordan","kuwait","lebanon","oman","qatar","saudi","arabia","unit","arab","emir","canada","fr","canada","en","chile","colombia","costa","rica","ecuador","guatemala","mexico","xico","panama","peru","unit","state","uruguai","australia","zealand","albania","austria","sterreich","belaru","belgi","belgiqu","bosnia","herzegovina","bosna","hercegovina","bulgaria","croatia","cypru","czech","republ","esk","republika","denmark","danmark","estonia","finland","sv","suomi","franc","georgia","germani","deutschland","greec","hungari","magyarorsz","iceland","sland","ireland","israel","itali","italia","kosovo","latvia","lithuania","luxembourg","netherland","nederland","north","macedonia","norwai","norg","poland","polska","portug","romania","rom","nia","russia","serbia","slovakia","slovensk","republika","slovenia","spain","espa","sweden","sverig","schweiz","svizzera","suiss","turkei","rkiy","ukrain","unit","kingdom","suggest","egypt","morocco","south","africa","tunisia","cambodia","china","mainland","en","hong","kong","sar","en","india","indonesia","japan","kazakhstan","macao","sar","en","malaysia","philippin","singapor","south","korea","taiwan","region","en","thailand","vietnam","vi","nam","bahrain","jordan","kuwait","lebanon","oman","qatar","saudi","arabia","unit","arab","emir","canada","fr","canada","en","chile","colombia","costa","rica","ecuador","guatemala","mexico","xico","panama","peru","unit","state","uruguai","australia","zealand","albania","austria","sterreich","belaru","belgium","belgi","belgiqu","bosnia","herzegovina","bosna","hercegovina","bulgaria","croatia","cypru","czech","republ","esk","republika","denmark","danmark","estonia","finland","sv","suomi","franc","georgia","germani","deutschland","greec","hungari","magyarorsz","iceland","sland","ireland","israel","itali","italia","kosovo","latvia","lithuania","luxembourg","netherland","nederland","north","macedonia","norwai","norg","poland","polska","portug","romania","rom","nia","russia","serbia","slovakia","slovensk","republika","slovenia","spain","espa","sweden","sverig","switzerland","schweiz","svizzera","suiss","turkei","rkiy","ukrain","unit","kingdom","choos","locat"],"headings":["offer","fashion","qualiti","price","shop","destin","fashion","onlin","offer","fashion","qualiti","price","sustain"],"url":"https://hm.com","previewTitle":"H&M offers fashion and quality at the best price","preview":"Welcome to H&M, your shopping destination for fashion online. We offer fashion and quality at the best price in a more sustainable way.","forwardLinks":[]}