{"doc":["nci","nation","trust","sourc","cancer","inform","inform","risk","factor","symptom","cancer","diagnos","treatment","option","support","scienc","underpin","nci","explor","resourc","research","conduct","work","appli","fund","train","opportun","clinic","trial","step","collabor","care","improv","patient","qualiti","life","liquid","biopsi","test","show","tremend","promis","expert","studi","need","fda","approv","alectinib","alecensa","post","surgeri","treatment","peopl","alk","posit","lung","cancer","role","plai","fight","cancer","learn","involv","year","nci","prepar","profession","judgment","budget","lead","progress","cancer","connect","cancer","inform","specialist","800","cancer","live","chat","email","brain","nervou","system","cancer","inform","nci","director","dr","kimryn","rathmel","senior","nci","leader","nci","30","divis","offic","center","work","build","maintain","enhanc","cohes","comprehens","cancer","research","agendum","nci","reli","advisori","committe","provid","advic","nation","cancer","program","nci","scientif","prioriti","nation","cancer","institut","nation","institut","health","skip","main","content","espa","ol","find","cancer","type","treatment","side","effect","prevent","diagnosi","stage","find","clinic","trial","fund","opportun","resourc","research","appli","grant","train","nci","find","research","contact","kei","nci","initi","approach","show","promis","improv","cancer","symptom","manag","clinic","trial","step","collabor","care","improv","patient","qualiti","life","blood","test","accur","detect","earli","stage","pancreat","cancer","liquid","biopsi","test","show","tremend","promis","expert","studi","need","target","therapi","option","lung","cancer","expand","fda","approv","alectinib","alecensa","post","surgeri","treatment","peopl","alk","posit","lung","cancer","learn","learn","start","senior","leader","inform","nci","director","dr","kimryn","rathmel","senior","nci","leader","nci","divis","offic","center","nci","30","divis","offic","center","work","build","maintain","enhanc","cohes","comprehens","cancer","research","agendum","advisori","board","review","group","nci","reli","advisori","committe","provid","advic","nation","cancer","program","nci","scientif","prioriti","top","websit","en","espa","ol","reus","copyright","social","medium","contact","public","dictionari","cancer","term","find","clinic","trial","access","foia","privaci","secur","disclaim","vulner","disclosur","live","chat","800","cancer","nciinfo","nih","gov","site","feedback","facebook","follow","instagram","youtub","linkedin","depart","health","human","servic","nation","institut","health","nation","cancer","institut","usa","gov","cancer","cancer","type","research","grant","train","new","event","nci","find","cancer","type","treatment","side","effect","prevent","diagnosi","stage","find","clinic","trial","fund","opportun","resourc","research","appli","grant","train","nci","find","research","contact","kei","nci","initi","approach","show","promis","improv","cancer","symptom","manag","clinic","trial","step","collabor","care","improv","patient","qualiti","life","blood","test","accur","detect","earli","stage","pancreat","cancer","liquid","biopsi","test","show","tremend","promis","expert","studi","need","target","therapi","option","lung","cancer","expand","fda","approv","alectinib","alecensa","post","surgeri","treatment","peopl","alk","posit","lung","cancer","senior","leader","inform","nci","director","dr","kimryn","rathmel","senior","nci","leader","nci","divis","offic","center","nci","30","divis","offic","center","work","build","maintain","enhanc","cohes","comprehens","cancer","research","agendum","advisori","board","review","group","nci","reli","advisori","committe","provid","advic","nation","cancer","program","nci","scientif","prioriti","websit","en","espa","ol","reus","copyright","social","medium","contact","public","dictionari","cancer","term","find","clinic","trial","access","foia","privaci","secur","disclaim","vulner","disclosur","improv","live","peopl","cancer","research","peopl","affect","cancer","research","featur","new","research","readi","contribut","progress","cancer","nci","fiscal","year","2025","profession","judgment","budget","propos","answer","organ"],"headings":["comprehens","cancer","inform","ncifacebookfollow","xinstagramyoutubelinkedin","accur","date","comprehens","cancer","inform","govern","princip","agenc","cancer","research"],"url":"https://cancer.gov","previewTitle":"Comprehensive Cancer Information - NCIFacebookFollow on XInstagramYoutubeLinkedin","preview":"Accurate, up-to-date, comprehensive cancer information from the U.S. government's principal agency for cancer research.","forwardLinks":["https://nationalcancerplan.cancer.gov","https://www.facebook.com","https://twitter.com","https://www.instagram.com","https://www.youtube.com","https://www.linkedin.com","https://www.hhs.gov","https://www.nih.gov"]}