{"doc":["cooki","set","cooki","consent","tool","skip","main","content","canada","english","canada","francai","unit","state","franc","germani","unit","kingdom","argentina","brazil","chile","columbia","costa","rica","el","salvador","guatemala","hondura","mexico","nicaragua","panama","peru","australia","site","map","privaci","polici","term","disput","resolut","trademark","guidelin","legal","ad","cooki","privaci","choic","ca","privaci","notic","roku","unit","state","chang","work","watch","roku","channel","featur","free","channel","store","product","roku","tv","stream","player","audio","accessori","special","offer","support","wi","fi","connect","remot","control","channel","view","account","payment","subscript","devic","issu","roku","setup","roku","featur","audio","devic","activ","devic","sign"],"headings":["come","happi","stream","roku","simpl","stream","entertain","tv","term","thousand","channel","choos"],"url":"https://roku.com","previewTitle":"Coming soon: Happy Streaming™","preview":"Roku provides the simplest way to stream entertainment to your TV. On your terms. With thousands of available channels to choose from.","forwardLinks":[]}