{"doc":["bold","mind","don","wait","discov","univers","minnesota","twin","citi","internship","research","opportun","undergradu","major","graduat","profession","degre","major","interest","faculti","readi","inspir","think","univers","minnesota","twin","citi","opportun","move","discov","don","visit","fall","love","citi","minneapoli","beauti","campu","kind","commun","transfer","student","incred","impress","professor","devot","area","studi","connect","student","umn","celebr","success","everydai","extraordinari","will","discov","peopl","adventur","explor","fascin","idea","find","inspir","follow","instagram","mean","umnproud","organ","compani","twin","citi","young","motiv","student","workforc","prove","employ","take","univers","minnesota","special","student","spring","break","explor","histori","civil","right","movement","present","dai","effect","social","justic","design","student","experi","transform","learn","trip","singapor","come","week","univers","host","numer","commenc","ceremoni","recogn","thousand","student","campu","academ","achiev","fund","mind","tomorrow","student","urgent","explor","design","cuisin","singapor","2024","commenc","ceremoni","systemwid","skip","main","content","wordmark","univers","minnesota","twin","citi","fill__dark","grai","fill","231f20","stroke","000000","stroke","width","stroke","miterlimit","10","fill__maroon","fill","7a0019","fill__maroon","fill","7a0019","fill__dark","grai","fill","231f20","stroke","000000","stroke","width","stroke","miterlimit","10","myu","stop","job","hous","librari","bookstor","tuition","cost","academ","calendar","academ","admiss","student","life","research","health","scienc","gopher","athlet","new","event","datum","incid","inform","myu","stop","job","academ","admiss","student","life","research","health","scienc","gopher","athlet","new","event","plai","video","close","video","close","video","plai","video","visit","appli","request","inform","academ","admiss","student","life","undergradu","graduat","hybrid","onlin","power","curat","io","student","urgent","explor","design","cuisin","singapor","2024","commenc","ceremoni","systemwid","read","new","umn","crookston","umn","morri","umn","duluth","umn","twin","citi","umn","rochest","search","librari","academ","calendar","employ","alumnu","resourc","contact","map","park","transport","offic","equiti","divers","safe","campu","give","link","facebook","page","link","instagram","page","link","linkedin","page","link","tiktok","account","link","twitter","page","link","youtub","page","wordmark","univers","minnesota","twin","citi","fill__dark","grai","fill","231f20","stroke","000000","stroke","width","stroke","miterlimit","10","fill__maroon","fill","7a0019","fill__maroon","fill","7a0019","fill__dark","grai","fill","231f20","stroke","000000","stroke","width","stroke","miterlimit","10","privaci","statement","report","web","disabl","relat","issu","websit","feedback","crookston","duluth","morri","rochest","twin","citi","myu","stop","job","search","menu","search","menu","hous","librari","bookstor","tuition","cost","academ","calendar","academ","admiss","student","life","research","health","scienc","gopher","athlet","new","event","datum","incid","inform","myu","stop","job","academ","admiss","student","life","research","health","scienc","gopher","athlet","new","event","system","websit","crookston","duluth","morri","rochest","twin","citi","search","librari","academ","calendar","employ","alumnu","resourc","contact","map","park","transport","offic","equiti","divers","safe","campu","link","facebook","page","link","instagram","page","link","linkedin","page","link","tiktok","account","link","twitter","page","link","youtub","page","crookston","duluth","morri","rochest","twin","citi","univers","minnesota","twin","citi","campu","util","menu","common","search","term","main","navig","task","list","main","navig","endless","opportun","discoveri","endless","opportun","discoveri","meet","umnproud","commun","new","system","campu","find","twin","citi","campu","connect"],"headings":["univers","minnesota","twin","citiesw","drive","univers","minnesota","twin","citi","nation","top","public","research","univers","offer","wide","rang","undergradu","graduat","program"],"url":"https://umn.edu","previewTitle":"University of Minnesota Twin CitiesWe are driven","preview":"The University of Minnesota, Twin Cities is among the nation’s top public research universities offering a wide range of undergraduate and graduate programs.","forwardLinks":["https://admissions.tc.umn.edu","http://umn.force.com","https://crk.umn.edu","https://www4.morris.umn.edu","https://d.umn.edu","https://twin-cities.umn.edu","https://r.umn.edu","https://www.facebook.com","https://www.instagram.com","https://www.linkedin.com","https://www.tiktok.com","https://twitter.com","https://www.youtube.com"]}