{"doc":["set","home","locat","time","date","1995","2024","time","date","1995","2024","privaci","term","world","clock","time","zone","calendar","calcul","timer","sun","moon","space","weather","weather","report","locat","love","site","support","compani","legal","servic","site","follow","current","time","saturdai","18","2024","islamabad","pakistan","21","24","41","world","clock","find","local","time","capit","big","citi","globe","person","world","clock","set","current","time","favorit","locat","time","zone","world","clock","current","time","globe","time","zone","map","world","map","time","zone","account","dst","real","time","time","zone","convert","calcul","time","differ","place","time","zone","meet","planner","find","time","meet","time","zone","event","time","announc","calcul","share","global","time","event","time","zone","tool","2024","18","sit","printabl","pdf","calendar","print","share","save","calendar","pdf","templat","add","event","creat","event","add","calendar","holidai","observ","worldwid","celebr","norwai","big","dai","headquart","norwai","timeandd","gear","constitut","dai","17","sara","kornberg","tell","special","dai","publish","13","2024","newslett","issu","134","publish","apr","25","2024","citi","eclips","publish","apr","2024","date","date","calcul","calcul","dai","date","date","calcul","add","subtract","numb","dai","start","date","creat","countdown","countdown","date","onlin","timer","alarm","creat","multipl","timer","start","order","onlin","stopwatch","time","activ","start","alert","lap","time","alarm","sound","explor","calcul","sunris","sunset","calcul","local","time","dai","length","dusk","dawn","moon","phasi","exact","time","moon","phase","citi","moonris","moonset","calcul","local","time","moonris","moonset","altitud","eclips","worldwid","local","time","solar","lunar","eclips","sky","tonight","find","track","sun","moon","planet","star","explor","astronomi","content","34","current","weather","weather","forecast","hour","todai","tomorrow","14","dai","week","weather","forecast","detail","weather","forecast","14","dai","hour","hour","weather","forecast","hour","dai","weather","condit","globe","contact","love","site","support","privaci","term","new","new","home","astronomi","new","time","zone","new","calendar","holidai","new","newslett","live","event","world","clock","main","world","clock","extend","world","clock","person","world","clock","clock","site","utc","time","time","zone","time","zone","home","time","zone","convert","meet","planner","event","time","announc","time","zone","map","time","zone","abbrevi","daylight","save","time","time","worldwid","time","differ","time","zone","new","calendar","calendar","home","calendar","2024","calendar","2025","monthli","calendar","printabl","calendar","pdf","add","calendar","event","calendar","creator","holidai","worldwid","dai","histori","fun","holidai","month","year","dai","week","leap","year","weather","worldwid","local","weather","week","forecast","hour","hour","week","climat","sun","moon","space","sun","moon","home","sun","calcul","moon","calcul","moon","phasi","night","sky","meteor","shower","dai","night","map","moon","light","world","map","eclips","live","stream","season","astronomi","new","timer","timer","home","stopwatch","timer","countdown","date","eclips","countdown","summer","countdown","year","countdown","countdown","site","calcul","calcul","home","date","date","calcul","durat","busi","date","date","exclud","holidai","date","calcul","add","subtract","busi","date","exclud","holidai","weekdai","calcul","week","numb","calcul","roman","numer","convert","altern","ag","calcul","date","pattern","calcul","distanc","calcul","account","account","locat","unit","event","world","clock","privaci","pai","servic","sign","regist","brows","site","advert","free","sun","moon","time","precis","exclus","calendar","templat","pdf","calendar","career","job","contact","contact","detail","sitemap","newslett","link","polici","advertis","disclaim","term","condit","privaci","polici","privaci","world","clock","time","zone","calendar","weather","sun","moon","timer","calcul","api","app","timeandd","timeandd","de"],"headings":["timeandd","world","top","site","time","time","zone","astronomi","organ","life","free","onlin","info","tool","reli","sign","need"],"url":"https://timeanddate.com","previewTitle":"timeanddate.com","preview":"Welcome to the world's top site for time, time zones, and astronomy. Organize your life with free online info and tools you can rely on. No sign-up needed. ","forwardLinks":[]}