{"doc":["advanc","search","sign","regist","inform","tv","seri","calendar","calendar","theater","usa","17","black","17","stranger","chapter","17","babe","17","blue","angel","17","venic","17","run","17","american","17","kingdom","planet","ap","10","come","theater","usa","dead","wrong","21","furiosa","mad","max","saga","24","garfield","movi","24","sight","24","hit","man","24","keeper","24","solo","24","kidnap","abduct","edgardo","mortara","24","command","shadow","29","netflix","main","catalog","show","tv","miniseri","17","thelma","unicorn","17","power","17","copa","71","16","bridgerton","tv","seri","16","monster","16","ashlei","madison","sex","lie","scandal","tv","miniseri","15","kevin","hart","kennedi","center","mark","twain","prize","american","humor","tv","11","cook","murder","uncov","stori","sar","rom","tv","miniseri","10","hbo","max","nikki","glaser","will","die","11","pretti","liar","summer","school","tv","miniseri","hack","tv","seri","tv","seri","april","26","velma","tv","seri","april","25","jinx","life","death","robert","durst","tv","miniseri","april","21","jinx","part","tv","miniseri","april","21","conan","brien","tv","seri","april","18","sympath","tv","miniseri","april","14","amazon","prime","99","tv","miniseri","17","outer","rang","tv","seri","16","maxton","hall","tv","seri","idea","scare","tv","miniseri","april","25","dinner","parent","tv","seri","april","18","fallout","tv","seri","april","11","alex","rider","tv","seri","april","sica","april","appl","tv","big","cigar","tv","miniseri","17","hollywood","con","queen","tv","miniseri","dark","matt","tv","seri","appl","music","live","kacei","musgrav","acapulco","tv","seri","big","door","prize","tv","seri","april","24","jane","tv","seri","april","19","franklin","tv","miniseri","april","12","argyl","april","12","disnei","tini","mech","de","pelo","16","tv","seri","15","doctor","15","doctor","tv","seri","11","lie","tv","seri","10","simpson","12th","10","star","war","tale","empir","tv","miniseri","shardlak","tv","seri","goodnight","bon","jovi","stori","tv","miniseri","april","26","netflix","upcom","releas","golden","kamui","19","tough","forc","earth","tv","seri","22","garouden","lone","wolf","tv","seri","23","illus","sale","rise","fall","generaci","zoe","23","good","hand","23","franco","escamilla","ladi","man","tv","23","tire","tv","seri","23","atla","24","oni","girl","24","start","rate","2023","tv","show","2020","2024","2022","great","classic","war","action","add","anim","horror","sci","fi","base","comic","adventur","saga","love","hate","romant","drama","popular","tv","show","2021","trailer","top","rate","movi","shawshank","redempt","break","bad","tv","seri","godfath","wire","tv","seri","godfath","part","ii","pianist","shine","12","angri","man","rate","movi","zone","interest","babi","reindeer","tv","miniseri","kingdom","planet","ap","asunta","case","tv","miniseri","coffe","tabl","fallout","tv","seri","cook","murder","uncov","stori","sar","rom","tv","miniseri","ghostbust","freez","empir","low","rate","movi","leav","slasher","sisterhood","tv","mother","bride","la","ermita","hipster","en","la","espa","vac","morbiu","disquiet","popular","movi","kingdom","planet","ap","zone","interest","lie","tv","seri","coffe","tabl","megalopoli","dead","don","hurt","furiosa","mad","max","saga","bodkin","tv","seri","free","fall","faq","privaci","polici","condit","privaci","configur","titl","search","tab","theater","titl","search","tab","top","fa","rank","fa","tv","premier","calendar","come","2024","2023","late","review","trailer","award","cann","2024","north","america","canada","mexico","canada","mexico","europ","spain","uk","ireland","spain","uk","ireland","oceania","australia","australia","south","america","argentina","chile","colombia","uruguai","paraguai","peru","ecuador","venezuela","costa","rica","hondura","guatemala","bolivia","dominican","rep","argentina","chile","colombia","uruguai","paraguai","peru","ecuador","venezuela","costa","rica","hondura","guatemala","bolivia","dominican","rep","rate","tour","sign","regist","releas","come","netflix","netflix","come","hbo","max","amazon","prime","disnei","appl","tv","uk","releas","uk","upc","releas","rank","top","1000","fa","box","offic","trailer","late","trailer","critic","movi","topic","saga","franchis","current","tv","seri","top","tv","seri","rate","tv","seri","top","filmaffin","top","top","top","releas","rank","list","award","festiv","oscar","2023","overview","fa","contact","2023","tv","show","2020","2024","2022","great","classic","war","action","add","anim","horror","sci","fi","base","comic","adventur","saga","love","hate","romant","drama","popular","tv","show","2021","privaci"],"headings":["filmaffin","filmaffin","person","vote","recommend","websit","movi","seri","social","network","film","seri","diari","vote","list","review","page","consult","inform","platform","person","recommend","base","person","tast","explor","filmographi","artist","career","million","director","actor","actress","discov","releas","netflix","hbo","max","amazon","prime","video","platform","averag","rate","popular","year","releas"],"url":"https://filmaffinity.com","previewTitle":"FilmAffinity","preview":"Filmaffinity is a personalized voting and recommendation website for movies and series, a social network and film and series diary with votes, lists and reviews, and a page to consult all the information of all the platforms and personal recommendations based on your personal taste. Explore the filmographies and artistic careers of over one million directors, actors and actresses, discover the best releases on Netflix, HBO MAX, Amazon Prime Video and other platforms by average rating, popularity or year of release.","forwardLinks":["https://www.facebook.com","https://twitter.com","https://api.whatsapp.com"]}