{"doc":["brooklynn","king","20","tiktok","star","armon","warren","27","youtub","star","carolin","gregori","20","tiktok","star","chase","mason","26","youtub","star","georg","strait","72","countri","singer","tina","fei","54","tv","actress","mrtop5","23","youtub","star","solidaritygam","28","youtub","star","ryan","clement","21","tiktok","star","jojo","siwa","20","realiti","star","nikocado","avocado","31","youtub","star","famousbirthdai","subject","practic","disclos","privaci","polici","ot","sdk","btn","ot","sdk","show","set","ot","sdk","btn","optanon","show","set","inherit","background","transpar","border","width","100","displai","content","ot","sdk","btn","ot","sdk","show","set","hover","ot","sdk","btn","optanon","show","set","hover","cursor","pointer","color","000","background","transpar","pmlink","visibl","hide","text","decor","cursor","pointer","background","transpar","border","pad","margin","color","silver","pmlink","hover","visibl","visibl","color","silver","medium","min","width","768px","pmlink","pmlink","hover","color","black","video","trivium","popular","trend","video","trivium","random","brooklynn","king","20","tiktok","star","armon","warren","27","youtub","star","carolin","gregori","20","tiktok","star","chase","mason","26","youtub","star","georg","strait","72","countri","singer","tina","fei","54","tv","actress","mrtop5","23","youtub","star","solidaritygam","28","youtub","star","ryan","clement","21","tiktok","star","jojo","siwa","20","realiti","star","nikocado","avocado","31","youtub","star","bobbi","althoff","107","babymag","73","jim","parson","66","kd","da","kid","63","moodi","unicorn","twin","63","janet","jackson","58","marcu","gunnarsen","55","video","trivium","contact","privaci","term","todai","birthdai","tomorrow","birthdai","trend"],"headings":["famou","birthdai","celebr","bio","todai","birthdai","find","todai","birthdai","discov","share","birthdai","simpl","entertain","learn","celebr"],"url":"https://famousbirthdays.com","previewTitle":"Famous Birthdays: celebrity bios and today's birthdays ","preview":"Find out today's birthdays and discover who shares your birthday. We make it simple and entertaining to learn about celebrities.","forwardLinks":["https://instagram.com","https://www.tiktok.com","https://twitter.com","https://www.youtube.com","https://itunes.apple.com","https://play.google.com","https://es.famousbirthdays.com","https://pt.famousbirthdays.com","https://fr.famousbirthdays.com"]}