{"doc":["2024","masterclass","secur","ssl","social","download","twitter","facebook","instagram","youtub","linkedin","download","app","store","googl","plai","amazon","app","store","roku","masterclass","homepag","masterclass","homepag","masterclass","onlin","class","skip","main","content","masterclass","logo","search","work","view","plan","log","sign","learn","unlimit","access","thousand","bite","size","lesson","bring","masterclass","todai","continu","explor","articl","sitemap","gift","divers","equiti","inclus","career","newsroom","secur","privaci","term","social","impact","masterclass","work","support","twitter","instagram","facebook","youtub","linkedin","download","app","store","googl","plai","amazon","app","store","roku"],"headings":["untitl","page"],"url":"https://masterclass.com","previewTitle":"Untitled Page","preview":"No preview available","forwardLinks":[]}