{"doc":["index","en","english","dictionari","load","random","word","dictionari","curiou","peopl"],"headings":["educalingo","dictionari","curiou","peopl","discov","hide","word","find","synonym","trend","statist","english","dictionari","imag","usag","exampl"],"url":"https://educalingo.com","previewTitle":" Educalingo, the dictionary for curious people ","preview":"Discover all that is hidden in the words. Find synonyms, uses, trends, statistics and much more. English dictionary with many images and usage examples.","forwardLinks":["https://www.facebook.com","https://twitter.com","https://pinterest.com"]}