{"doc":["access","160","million","public","page","stai","date","happen","field","share","research","collabor","peer","support","advanc","career","depth","stat","read","work","track","citat","visit","topic","page","log","join","free","join","free","engin","mathemat","biologi","comput","scienc","climat","chang","medicin","physic","social","scienc","astrophys","chemistri","join","free","scientif","recruit","hire","qualifi","research","build","team","scienc","find","market","solut","grow","brand","impact","scientif","commun","world","lead","network","scientist","find","new","career","center","term","privaci","copyright","imprint","consent","prefer","research","public","job","advertis","recruit","discov","scientif","knowledg","stai","connect","world","scienc","discov","research","connect","scientif","commun","measur","impact","advanc","research","join","commun","25","million","scientist","researchg","busi","solut"],"headings":["researchg","find","share","research","access","160","million","public","connect","25","million","research","join","free","gain","visibl","upload","research"],"url":"https://researchgate.net","previewTitle":"ResearchGate | Find and share research","preview":"Access 160+ million publications and connect with 25+ million researchers. Join for free and gain visibility by uploading your research.","forwardLinks":[]}