{"doc":["unfold","desir","learn","english","hesit","download","app","namast","english","todai","stepwis","learn","daili","updat","100","english","grammar","lesson","new","reader","daili","notif","plai","method","learn","sentenc","game","word","game","sound","game","balloon","game","boat","game","spot","error","game","learn","video","grammar","video","convers","video","practic","man","perfect","speak","practic","50","convers","lesson","unlimit","hindi","english","translat","smart","result","databas","lakh","word","instant","translat","smart","translat","relat","word","usag","type","hindi","easili","voic","type","synonym","antonym","similar","mean","word","english","write","pick","word","spell","checker","reliabl","sourc","check","hindi","word","spell","translat","commun","face","problem","translat","translat","relat","question","answer","hindi","type","pain","bolo","likho","app","type","hindi","easi","type","hindi","easi","open","app","start","speak","type","automat","save","hindi","note","reus","hindi","type","don","type","long","paragraph","voic","type","continu","mode","cam","type","long","paragraph","easili","advanc","mode","select","speech","text","transform","editor","flagship","product","hindi","english","shabdkhoj","free","onlin","hindi","english","english","hindi","mean","translat","servic","easi","word","mean","servic","internet","copyright","2007","2024","hinkhoj","infolab","llp","hinkhoj","regist","trademark","hinkhoj","infolab","llp","right","reserv","featur","namast","english","app","shabdkhoj","featur","featur","bolo","likho","app","hinkhoj","infolab","llp","site","explor","hinkhoj","login","sign","login","sign","stepwis","learn","daili","updat","100","english","grammar","lesson","new","reader","daili","notif","plai","method","learn","sentenc","game","word","game","sound","game","balloon","game","boat","game","spot","error","game","learn","video","grammar","video","convers","video","practic","man","perfect","speak","practic","50","convers","lesson","instant","translat","smart","translat","relat","word","usag","type","hindi","easili","voic","type","synonym","antonym","similar","mean","word","english","write","pick","word","spell","checker","reliabl","sourc","check","hindi","word","spell","translat","commun","face","problem","translat","translat","relat","question","answer","easi","open","app","start","speak","type","automat","save","hindi","note","reus","hindi","type","don","type","long","paragraph","voic","type","continu","mode","cam","type","long","paragraph","easili","advanc","mode","select","speech","text","transform","editor","contact","term","disclaim","privaci","polici","blog","career","english","hindi","translat","hindi","english","translat","brows","word","answer","explor","hinkhoj","hindi","servic"],"headings":["hinkhoj","onlin","hindi","servic","learn","lifestyl","translat","hinkhoj","popular","hindi","site","india","hindi","shabdkhoj","hindi","app","hindi","websit","directori","type","tool","hinkhoj","hindi","user","internet","eas","explor","learn","stuff","internet"],"url":"https://hinkhoj.com","previewTitle":"HinKhoj (हिंखोज) - Online Hindi (हिंदी) Services - Learning, Lifestyle, Translation","preview":"HinKhoj.com (हिंखोज) is most popular hindi site in India which provides hindi ShabdKhoj, hindi apps, hindi website directory and typing tools. Hinkhoj allow hindi users to use internet with ease and explore and learn stuff on internet.","forwardLinks":[]}