{"doc":["map","wheel","rut","modern","english","etymolog","definit","explan","word","mean","sound","600","000","year","date","word","earli","year","surviv","write","record","word","english","approxim","1700","word","convers","hundr","year","turn","manuscript","good","fortun","surviv","centuri","basic","sourc","work","weeklei","etymolog","dictionari","modern","english","klein","comprehens","etymolog","dictionari","english","languag","oxford","english","dictionari","edit","barnhart","dictionari","etymolog","holthausen","etymologisch","rterbuch","der","englischen","sprach","kipfer","chapman","dictionari","american","slang","full","list","print","sourc","compil","dictionari","benefit","suggest","dozen","peopl","meet","world","tremend","appreci","link","product","support","instal","chrome","extens","immodest","dispos","read","articl","chile","con","frontat","talia","felix","assist","editor","read","articl","doug","plinkett","dougla","harper","discov","home","offic","disturb","youtub","murder","video","talia","felix","assist","editor","read","articl","forum","full","list","sourc","link","io","app","android","app","chrome","extens","introduct","explan","follow","facebook","donat","paypal","ye","old","swag","shopp","support","patreon","2001","2024","dougla","harper","term","servic","privaci","polici","trend","word","pentecost","galliv","child","marriag","galav","hamburg","insinu","pong","natur","bank","english","english","deutsch","german","chines","japanes","korean","espa","ol","spanish","fran","ai","french","nederland","dutch","portugu","portugues","russian","chines","rk","turkish","italiano","italian","svenska","swedish","ti","ng","vi","vietnames","polski","polish","norsk","norwegian","dansk","danish","suomi","finnish","tina","czech","magyar","hungarian","greek","ukrainian","thai","hindi","word","onlin","etymolog","dictionari"],"headings":["etymonlin","onlin","etymolog","dictionari","onlin","etymolog","dictionari","etymonlin","internet","sourc","quick","reliabl","account","origin","histori","english","word","phrase","idiom","profession","satisfi","academ","standard","access"],"url":"https://etymonline.com","previewTitle":"Etymonline - Online Etymology Dictionary","preview":"The online etymology dictionary (etymonline) is the internet's go-to source for quick and reliable accounts of the origin and history of English words, phrases, and idioms. It is professional enough to satisfy academic standards, but accessible enough to be used by anyone.","forwardLinks":[]}