{"doc":["gatewai","uniqu","adventur","explor","trip","discov","guid","featur","current","custom","trip","like_minded_peopl","icon","deepli","immers","16","dai","itinerari","small","group","mind","peopl","solo","group_travel","icon","suitabl","solo","travel","coupl","group","friend","local_insid","icon","local","insid","lead","offer","authent","experi","difficult","curat","independ","hotel","icon","premium","accommod","hotel","star","rate","icon","featur","trip","spring","sale","itali","trip","seduct","southern","itali","10","dai","cultur","3279","2623","spring","sale","south","korea","trip","soul","south","korea","10","dai","cultur","4029","3223","spring","sale","japan","trip","japan","train","grand","tour","12","dai","rail","4759","4045","spring","sale","morocco","trip","epic","morocco","11","dai","cultur","2929","2343","spring","sale","taiwan","trip","tast","taiwan","train","dai","rail","2539","2031","spring","sale","portug","trip","complet","portug","train","dai","rail","2409","1927","travel","2024","travel","beauti","mosqu","istanbul","travel","34","beauti","place","visit","philippin","travel","beat","track","10","hide","gem","nyc","travel","mayan","ruin","visit","guatemala","travel","22","beauti","town","wale","travel","39","visit","attract","uruguai","chat","team","discuss","join","departur","modifi","exist","group","touch","travel","expert","call","email","enquiri","sign","newslett","save","100","uniqu","trip","privaci","polici","site","protect","recaptcha","googl","privaci","polici","term","servic","appli","travel","guid","africa","antarctica","asia","caribbean","central","america","europ","middl","east","north","america","pacif","south","america","video","video","librari","compani","content","team","app","de","sitemap","follow","facebook","twitter","pinterest","instagram","youtub","linkedin","legal","privaci","polici","state","privaci","notic","term","cooki","polici","brand","content","polici","book","term","condit","privaci","choic","contact","touch","advertis","partner","career","freelanc","job","respons","travel","cultur","trip","independ","parti","trust","account","hold","pt","truste","limit","accord","packag","travel","link","travel","arrang","regul","custom","servic","678","967","4965","uk","44","1630","35000","tripssupport","theculturetrip","copyright","2024","cultur","trip","right","reserv","uk","44","1630","350001","usa","678","967","4965","tripssupport","theculturetrip","travel","place","travel","2024","travel","place","travel","june","2024","travel","place","travel","juli","2024","travel","place","travel","august","2024","travel","place","travel","septemb","2024","travel","place","travel","octob","2024","travel","uniqu","eat","ancient","wineri","tast","georgia","2024","travel","jamaica","love","letter","teenag","travel","make","week","pari","travel","marrakech","casablanca","tale","moroccan","citi","travel","tast","picasso","malaga","lifestyl","big","spend","big","join","bucket","list","travel","trend","travel","luxuri","surf","relax","cultur","maldiv","cultur","trip","spring","sale","save","100","uniqu","small","group","trip","limit","spot","book","travel","guid","trip","privat","trip","trip","deal","choos","currenc","season","travel","travel","stori","travel","lover","cultur","tripper"],"headings":["cultur","trip","read","travel","guid","book","stai","experi","essenti","travel","companion","book","place","stai","hotel","hand","pick","world","bit","price","match","guarante","free"],"url":"https://theculturetrip.com","previewTitle":"Culture Trip: Read Travel Guides Book Stays And Experiences","preview":"Your essential travel companion. Book places to stay hotels and things to do hand-picked by us from the worlds best bits. Price-match guarantee. Free...","forwardLinks":[]}