{"doc":["archiv","ao3","user","profil","creat","work","content","post","comment","give","kudo","creat","collect","bookmark","particip","challeng","import","work","inform","publish","comment","profil","work","content","post","import","ao3","includ","summari","note","tag","access","public","limit","access","work","ao3","account","ao3","personnel","mind","share","person","inform","includ","religi","polit","view","health","racial","background","countri","origin","sexual","ident","person","relationship","learn","check","term","servic","privaci","polici","read","understand","term","servic","privaci","polici","log","rememb","work","search","tip","uchiha","sasuk","uzumaki","naruto","angst","kudo","10","65","140","fandom","057","000","user","12","980","000","work","archiv","project","organ","transform","work","join","invit","autom","invit","queue","fan","fanwork","invit","publish","15","2024","03","30pm","utc","comment","assist","ao3","user","resolv","complaint","fluent","languag","english","experi","copyedit","proofread","academ","journal","organ","transform","work","recruit","read","publish","mon","13","2024","04","25pm","utc","comment","12","month","otw","volunt","experi","organ","post","express","volunt","person","view","necessarili","reflect","view","otw","constitut","otw","polici","todai","post","claudia","rebaza","volunt","commun","chair","read","publish","fri","10","2024","04","26pm","utc","comment","commun","launch","long","await","otw","new","email","servic","assist","translat","servic","deliv","new","post","subscrib","email","inbox","free","includ","english","16","languag","add","futur","announc","futur","otw","newslett","issu","read","follow","archiv","twitter","tumblr","statu","updat","don","forget","check","organ","transform","work","new","outlet","updat","project","find","favorit","new","new","follow","footer","ao3","account","otw","recruit","polici","abus","translat","twc","claudia","rebaza","april","2024","newslett","volum","188","archiv","contact","develop","term","servic","privaci","polici","archiv","beta","log","invit","fandom","brows","search","new","otw","recruit","polici","abus","translat","twc","read","claudia","rebaza","12","read","april","2024","newslett","volum","188","read","close","main","content","forget","password","invit","fandom","fandom","anim","manga","book","literatur","cartoon","comic","graphic","novel","celebr","real","peopl","movi","music","band","medium","theater","tv","show","video","game","uncategor","fandom","fandom","anim","manga","book","literatur","cartoon","comic","graphic","novel","celebr","real","peopl","movi","music","band","medium","theater","tv","show","video","game","uncategor","fandom","brows","work","bookmark","tag","collect","work","bookmark","tag","collect","search","work","bookmark","tag","peopl","work","bookmark","tag","peopl","new","faq","wrangl","guidelin","donat","volunt","new","faq","wrangl","guidelin","donat","volunt","work","search","tip","uchiha","sasuk","uzumaki","naruto","angst","kudo","10","share","fanwork","notifi","favorit","work","seri","user","updat","particip","challeng","track","work","have","visit","work","check","fandom","anim","manga","book","literatur","cartoon","comic","graphic","novel","celebr","real","peopl","movi","music","band","medium","theater","tv","show","video","game","uncategor","fandom","otw","recruit","polici","abus","translat","twc","publish","15","2024","03","30pm","utc","comment","assist","ao3","user","resolv","complaint","fluent","languag","english","experi","copyedit","proofread","academ","journal","organ","transform","work","recruit","read","claudia","rebaza","publish","mon","13","2024","04","25pm","utc","comment","12","month","otw","volunt","experi","organ","post","express","volunt","person","view","necessarili","reflect","view","otw","constitut","otw","polici","todai","post","claudia","rebaza","volunt","commun","chair","read","april","2024","newslett","volum","188","publish","fri","10","2024","04","26pm","utc","comment","commun","launch","long","await","otw","new","email","servic","assist","translat","servic","deliv","new","post","subscrib","email","inbox","free","includ","english","16","languag","add","futur","announc","futur","otw","newslett","issu","read","ao3_statu","twitter","ao3org","tumblr","archiv","site","map","divers","statement","term","servic","dmca","polici","site","map","divers","statement","term","servic","dmca","polici","contact","polici","question","abus","report","technic","support","feedback","polici","question","abus","report","technic","support","feedback","develop","otwarch","v0","368","issu","gpl","otw","otwarch","v0","368","issu","gpl","otw","archiv","beta","archiv","fan","creat","fan","run","nonprofit","noncommerci","archiv","transform","fanwork","fanfict","fanart","fan","video","podfic"],"headings":["home","archiv","archiv","project","organ","transform","work","fanfict","transform","work","otw","fair","archiv"],"url":"https://archiveofourown.org","previewTitle":"\n          \n          Home\n        |\n        Archive of Our Own\n    ","preview":"An Archive of Our Own, a project of the\n    Organization for Transformative Works","forwardLinks":[]}