{"doc":["song","bubbl","hot","100","high","classic","interview","rutherford","tell","stori","silent","run","land","confus","rare","categori","ozzi","share","space","john","philip","sousa","photograph","mark","weiss","show","bon","jovi","album","cover","evolv","fresh","perspect","jazz","genr","creativ","renown","singer","songwrit","stori","big","song","warren","zevon","track","inspir","songwrit","hear","talk","songwrit","learn","paul","simon","glenn","frei","eagl","plai","bad","gui","1985","episod","miami","vice","base","song","smuggler","blue","underpromot","larg","label","singer","miguel","surpris","creep","37","billboard","200","2010","debut","album","brazilian","rocker","see","pictur","riff","gnarliest","song","riot","antarctica","cold","inhospit","beauti","conquer","human","bad","write","song","lyric","don","follow","rule","grammar","spot","don","song","touch","wonder","possibl","write","live","boi","mention","song","aliv","california","mazza","l20","hinder","coldplai","chicago","foo","fighter","system","goo","goo","doll","matchbox","twenti","ini","kamoz","bee","gee","corduroi","jacket","gap","big","hit","cover","song","fact","fiction","find","monthli","updat","late","interview","stori","add","song","2024","songfact","llc","brows","songfact","spotlight","miguel","featur","categori","vault","late","songplac","featur","quiz","featur","comment","todai","top","10","fact","fiction","smuggler","blue","glenn","frei","miguel","hot","song","song","hum","max","cavalera","soulfli","sepultura","antarctica","grammar","lyric","murdasid","lip","angel","yellow","25","everlong","chop","suei","iri","push","hotstepp","start","joke","pearl","jam","songfact","newslett","inform","follow","contribut","antarctica","al","stewart","blog","author","brows","fact","smuggler","blue","miguel","song","song","categori","read","interview","read","stori","quiz","black","crow","read","rest","murdasid","mazza","l20","lip","angel","hinder","yellow","coldplai","25","chicago","everlong","foo","fighter","chop","suei","system","iri","goo","goo","doll","push","matchbox","twenti","hotstepp","ini","kamoz","start","joke","bee","gee","taylor","swift","garth","brook","justin","bieber","ariana","grand","eagl","pink","kati","perri","door","queen","heart","blue","da","ba","dee","yo","listen","stori","gui","live","blue","world","dai","wanna","startin","somethin","wanna","startin","somethin","startin","somethin","wanna","starti","surviv","afraid","petrifi","think","live","side","fall","tonight","fight","couldn","hotstepp","hit","nah","na","na","na","nah","na","na","na","na","na","na","na","na","na","na","na","na","na","nah","nah","na","na","na","nah","na","na","gambler","warm","summer","ev","train","bind","meet","gambler","tire","bar","song","tipsi","babi","birkin","tellin","night","long","gasolin","groceri","list","bohemian","rhapsodi","real","life","fantasi","catch","landslid","escap","realiti","open","gonna","500","mile","wake","gonna","gonna","man","wake","10","obi","trice","real","gimmick","trailer","park","girl","outsi","song","movi","song","comput","technolog","song","food","titl","song","commonli","misinterpret","song","celesti","titl","song","suicid","song","woman","decept","danger","evil","song","girl","name","titl","song","tribut","friend","die","10","song","bodi","part","titl","fact","fiction","home","categori","place","blog","blog","home","songwrit","interview","song","write","fact","fiction","plai","song","music","quiz","songfact","page","songwrit","legend","songfact","podcast","titl","author","amanda","flinner","april","fox","bruce","pollock","carl","wise","corei","flanagan","dan","macintosh","develop","ed","pearc","greg","prato","jeff","suwak","jess","grant","laura","antonelli","lesli","michel","derrough","maggi","grimason","nicol","roberg","roger","catlin","shawna","ortega","stephani","myer","trevor","morelli","blog","home","songwrit","interview","song","write","fact","fiction","plai","song","music","quiz","songfact","page","songwrit","legend","songfact","podcast","titl","author","amanda","flinner","april","fox","bruce","pollock","carl","wise","corei","flanagan","dan","macintosh","develop","ed","pearc","greg","prato","jeff","suwak","jess","grant","laura","antonelli","lesli","michel","derrough","maggi","grimason","nicol","roberg","roger","catlin","shawna","ortega","stephani","myer","trevor","morelli","amanda","flinner","april","fox","bruce","pollock","carl","wise","corei","flanagan","dan","macintosh","develop","ed","pearc","greg","prato","jeff","suwak","jess","grant","laura","antonelli","lesli","michel","derrough","maggi","grimason","nicol","roberg","roger","catlin","shawna","ortega","stephani","myer","trevor","morelli","brows","song","artist","place","year","categori","song","artist","place","year","categori","sky","walker","vallei","rememb","adorn","have","beatl","walk","line","johnni","cash","face","laura","doggett","melt","modern","english","teenag","fantasi","jorja","smith","short","chang","hero","heavi","america","simon","garfunkel","rum","brother","osborn","catch","dave","clark","warszawa","david","bowi","fact","artist","lyric","categori","term","servic","privaci","polici","googl","privaci","polici","songfact","api","music","histori","calendar","song","licens","affili","disclosur","contact","facebook","twitter","youtub","messag","board","songfact","writer","bubbl","mike","rutherford","genesi","march","band","song","cover","stori","slipperi","wet","jo","jame","taylor","goldsmith","daw","melissa","manchest"],"headings":["song","mean","songfact","songfact","stori","mean","song","songwrit","interview","lyric"],"url":"https://songfacts.com","previewTitle":"Song Meanings at Songfacts","preview":"Songfacts - the stories and meanings behind the songs, with songwriter interviews and lyrics.","forwardLinks":[]}