{"doc":["page","creativ","common","attribut","sharealik","licens","term","privaci","polici","english","966","000","entri","345","000","espa","ol","926","000","entrada","fran","ai","146","000","entr","es","496","000","deutsch","116","000","eintr","ge","565","000","bahasa","indonesia","161","000","entri","polski","792","000","hase","377","000","languag","common","free","medium","collect","wikivoyag","free","travel","guid","wikipedia","free","encyclopedia","wikibook","free","textbook","wikinew","free","new","sourc","wikidata","free","knowledg","base","wikivers","free","learn","resourc","wikiquot","free","quot","compendium","mediawiki","free","open","wiki","softwar","wikisourc","free","content","librari","wikispeci","free","speci","directori","wikifunct","free","function","librari","meta","wiki","commun","coordin","document","creativ","common","attribut","sharealik","licens","term","privaci","polici","deutsch","english","fran","ai","kurd","malagasi","polski","catal","tina","eesti","espa","ol","esperanto","ido","bahasa","indonesia","italiano","lietuvi","limburg","magyar","nederland","norsk","bokm","zbekcha","portugu","rom","srpski","srpskohrvatski","suomi","svenska","rk","ti","ng","vi","afrikaan","asturianu","az","rbaycanca","bahasa","hulontalo","brezhoneg","cymraeg","dansk","euskara","frysk","galego","hrvatski","slenska","jawa","latina","latvi","lombard","bahasa","melayu","bahaso","minangkabau","na","vosa","vaka","viti","occitan","afaan","oromoo","plattd","tsch","qazaq","ng","shqip","sicilianu","simpl","english","sloven","ina","sloven","ina","kiswahili","tagalog","volap","walon","nglisc","aragon","arm","neashti","ava","aymar","bahasa","banjar","bikol","central","bosanski","corsu","fiji","hindi","royskt","gaeilg","idhlig","gungb","hausa","hornjoserbsc","interlingua","interlingu","kalaallisut","kasz","bsczi","konknni","tzebuergesch","li","niha","lojban","malti","mandail","ori","huatlaht","lli","gagana","moa","sesotho","soomaaliga","basa","sunda","tacawit","tatar","rkmen","neto","wolof","zazaki","isizulu","vahcuengh","gaelg","igbo","ikinyarwanda","inuktitut","upiak","kernewek","ling","la","dorerin","naoero","runa","simi","setswana","siswati","tok","pisin","xitsonga","tyap","wiktionari","free","dictionari","000","000","entri","100","000","entri","10","000","entri","000","entri","100","entri"],"headings":["wiktionari"],"url":"https://wiktionary.org","previewTitle":"Wiktionary","preview":"No preview available","forwardLinks":[]}