{"doc":["find","beer","will","love","featur","busi","owner","start","discov","share","log","cl","stroke","fff","stroke","miterlimit","10","stroke","width","2px","cl","cl","fill","fff","cl","cl","cl","cl","cl","cl","cl","stroke","width","0px","cl","fill","34a853","cl","fill","4285f4","cl","fill","a6a6a6","cl","fill","fbbc04","cl","fill","ea4335","learn","learn","cl","stroke","fff","stroke","miterlimit","10","stroke","width","2px","cl","cl","fill","fff","cl","cl","cl","cl","cl","cl","cl","stroke","width","0px","cl","fill","34a853","cl","fill","4285f4","cl","fill","a6a6a6","cl","fill","fbbc04","cl","fill","ea4335","start","learn","start","free","trial","datum","analyt","qr","code","menu","store","breweri","blog","support","career","term","privaci","cooki","polici","sell","person","inform"],"headings":["homeuntappd","drink","social","free","io","android","app","discov","share","favorit","beer","untappd","free","app","io","android","explor","nearbi","popular","bar","breweri","top","rate","beer","beer","craft","beer","breweri","craft","checkin","rate","breweri","app"],"url":"https://untappd.com","previewTitle":"HomeUntappd - Drink Socially - Free iOS and Android App","preview":"Discover and share your favorite beer with Untappd - a free app for iOS and Android. Explore nearby popular bars, breweries, and top-rated beers.","forwardLinks":["https://play.google.com","https://apps.apple.com","https://utfb.untappd.com","https://store.untappd.com","https://help.untappd.com","https://www.nextglass.co","https://www.facebook.com","https://www.instagram.com"]}