{"doc":["zoom","page","result","version","browser","disabl","browser","zoom","text","set","browser","default","font","size","set","zoom","ctrl","window","cmd","mac","zoom","keyboard","shortcut","ctrl","window","cmd","mac","commenc","event","kick","inform","plan","celebr","check","campu","coverag","connect","yale","congratul","graduat","explor","colleg","learn","nacc","support","success","futur","nativ","american","leader","recruit","encourag","mentor","servic","foster","commun","explor","center","explor","center","explor","colleg","explor","colleg","explor","center","explor","colleg","scientist","exampl","similar","plant","form","evolv","repeatedli","region","equal","opportun","nondiscrimin","yale","univers","univers","commit","base","judgment","admiss","educ","employ","individu","qualif","abil","affirm","seek","attract","faculti","staff","student","bodi","qualifi","person","divers","background","univers","polici","commit","affirm","action","law","employ","woman","minor","group","member","individu","disabl","protect","veteran","addition","accord","yale","polici","discrimin","harass","delin","feder","connecticut","law","yale","discrimin","admiss","educ","program","employ","individu","account","individu","sex","sexual","orient","gender","ident","express","race","color","nation","ethnic","origin","religion","ag","disabl","statu","special","disabl","veteran","veteran","vietnam","era","cover","veteran","titl","ix","educ","amend","1972","protect","peopl","sex","discrimin","educ","program","activ","institut","receiv","feder","financi","assist","inquiri","polici","refer","offic","institut","equiti","access","inquiri","depart","educ","offic","civil","right","ocr","boston","ed","gov","yale","full","nondiscrimin","titl","ix","statement","top","yale2024","yale","colleg","2024","meet","graduat","mother","son","parallel","path","lead","yale","school","nurs","tech","tank","home","test","amphibi","robot","innov","search","sign","star","univers","afford","treatment","option","live","diseas","close","curiou","berkelei","colleg","woman","scienc","yale","nativ","american","cultur","center","nativ","american","cultur","center","cush","center","yale","colleg","trumbul","colleg","afro","american","cultur","center","pauli","murrai","colleg","plant","studi","hint","evolut","predict","skip","main","content","yale","univers","calendar","give","new","directori","search","yale","leadership","organ","yale","fact","tradit","histori","center","institut","yale","world","visit","academ","undergradu","studi","graduat","profession","studi","depart","program","global","educ","summer","session","degre","offer","onlin","learn","admiss","undergradu","graduat","profession","school","financi","aid","intern","student","summer","session","degre","seek","student","world","fellow","program","life","yale","art","cultur","athlet","recreat","belong","yale","health","well","haven","residenti","life","servic","virtual","yale","student","group","activ","collect","lux","yale","collect","discoveri","museum","librari","research","featur","archiv","yale","commenc","2024","featur","archiv","featur","archiv","yale","colleg","2024","meet","graduat","mother","son","parallel","path","lead","yale","school","nurs","tech","tank","home","test","amphibi","robot","innov","search","sign","star","univers","afford","treatment","option","live","diseas","berkelei","colleg","explor","colleg","woman","scienc","yale","learn","explor","center","nativ","american","cultur","center","explor","center","cush","center","explor","center","yale","colleg","explor","colleg","trumbul","colleg","explor","colleg","afro","american","cultur","center","explor","center","pauli","murrai","colleg","explor","colleg","learn","campu","tour","map","direct","yale","visitor","center","museum","librari","haven","visit","resourc","contact","covid","19","info","career","emerg","info","privaci","polici","public","safeti","access","yale","yale","west","campu","yale","mobil","campu","tour","map","direct","yale","visitor","center","museum","librari","haven","visit","resourc","offic","institut","equiti","access","inquiri","depart","educ","offic","civil","right","ocr","boston","ed","gov","yale","full","nondiscrimin","titl","ix","statement","yale","instagram","facebook","youtub","sina","weibo","social","medium","contact","web","editor","top","yale","univers","search","yale","academ","admiss","life","yale","collect","research","calendar","give","new","directori","student","faculti","staff","alumnu","yale","univers","yale","univers","secondari","navig","main","navig","class","2024","time","celebr","late","yale","new","part","yale","help","link","visit","yale","social","link","main","navig","secondari","navig","gatewai","navig"],"headings":["yale","univers","found","1701","yale","univers","dedic","expand","share","knowledg","inspir","innov","preserv","cultur","scientif","inform","futur","gener"],"url":"https://yale.edu","previewTitle":"Yale University","preview":"Since its founding in 1701, Yale University has been dedicated to expanding and sharing knowledge, inspiring innovation, and preserving cultural and scientific information for future generations.","forwardLinks":["https://berkeley.yalecollege.yale.edu","https://wisay.sites.yale.edu","https://nacc.yalecollege.yale.edu","https://library.medicine.yale.edu","https://yalecollege.yale.edu","https://trumbull.yalecollege.yale.edu","https://afam.yalecollege.yale.edu","https://paulimurray.yalecollege.yale.edu","https://oiea.yale.edu"]}