{"doc":["access","adjust","tool","screen","read","translat","tool","text","version","gov","websit","translat","gov","languag","purchas","hunt","fish","trap","licens","renew","driver","licens","registr","order","birth","death","certif","reserv","campsit","indiana","state","park","manag","busi","individu","taxi","call","indiana","home","visit","great","state","matt","will","find","indiana","have","mission","empow","provid","good","govern","servic","great","continu","build","place","world","live","work","plai","studi","stai","find","indiana","access","set","fish","wildlif","mybmv","vital","record","camp","intim","accessib","brows","aloud","text","googl","translat","contrast","set","text","set","gov","homepag","set","support","chat","access","set","access","adjust","tool","screen","read","translat","tool","text","version","gov","websit","translat","gov","languag","ingov","logo","fill","fff","gov","access","set","governor","eric","holcomb","gov","search","local","weather","travel","advisori","gov","feedback","resid","visitor","busi","govern","resid","inform","visitor","inform","busi","inform","state","employe","resourc","gov","websit","govern","inform","popular","topic","fish","wildlif","purchas","hunt","fish","trap","licens","mybmv","renew","driver","licens","registr","vital","record","order","birth","death","certif","camp","reserv","campsit","indiana","state","park","intim","manag","busi","individu","taxi","find","agenc","view","indiana","map","indiana","event","onlin","servic","governor","instagram","link","governor","youtub","link","governor","facebook","link","governor","twitter","link","visit","governor","homepag","resid","visitor","busi","govern","state","job","educ","state","employe","find","agenc","onlin","servic","indiana","repres","indiana","locat","automat","taxpay","refund","frequent","ask","question","resourc","menu","resid","visitor","busi","govern","search","local","weather","travel","advisori","gov","feedback","local","weather","travel","advisori","gov","feedback","resid","visitor","busi","govern","appli","state","job","job","employ","health","program","bmv","branch","profession","licens","driver","licens","id","outdoor","licens","educ","individu","incom","taxi","polic","correct","activ","onlin","servic","handgun","licens","court","legislatur","child","care","finder","state","code","law","state","archiv","counti","inform","transpar","visit","indiana","state","park","indiana","state","museum","indiana","state","fair","casino","locat","campground","indiana","war","memori","white","river","state","park","indiana","state","polic","convent","center","event","calendar","licens","permit","taxi","start","busi","employ","grant","nextlevel","job","hire","report","procur","state","notari","bmv","so","busi","divis","state","form","transpar","state","code","law","governor","holcomb","lieuten","governor","attornei","gener","state","elect","divis","law","administr","code","state","inform","center","depart","revenu","gener","assembl","judici","branch","educ","state","personnel","depart","associ","indiana","counti","acceler","indiana","municip","local","govern","financ","indiana","township","associ","myloc","gov","core","main","banner","content","indiana","promot","onlin","servic","gov","new","event","governor","holcomb","elect","offici","content","onlin","servic","word","governor","holcomb","govern","offici"],"headings":["gov","offici","websit","state","indianain","gov","state","work","gov","offici","websit","state","indiana","place","find","inform","servic","new","event","relat","indiana","govern"],"url":"https://in.gov","previewTitle":"IN.gov | The Official Website of the State of IndianaIN.gov","preview":"A State that Works. IN.gov is the official website of the State of Indiana and your place to find information, services, news and events related to Indiana government.","forwardLinks":["https://in.accessgov.com","https://mybmv.bmv.in.gov","https://indianastateparks.reserveamerica.com","https://events.in.gov"]}