{"doc":["plan","enter","destin","find","place","current","locat","restaur","list","dai","world","find","dedic","gf","place","celiac","friendli","spot","tap","download","rate","gluten","free","app","iphon","android","app","amaz","extrem","help","celiac","safe","restaur","save","time","travel","app","help","app","gf","peopl","couldn","live","app","year","time","restaur","eat","area","easi","typic","choos","restaur","base","app","gluten","free","commun","don","io","android","devic","find","gluten","free","friendli","restaur","websit","social","busi","owner","featur","citi","chain","download","free","app","find","restaur","start","search","premium","app","amaz","extrem","help","celiac","safe","restaur","save","time","travel","app","help","app","gf","peopl","couldn","live","app","year","time","restaur","eat","area","easi","typic","choos","restaur","base","app","instagram","facebook","twitter","privaci","term","add","busi","faq","answer","contact","blog","list","busi","atlanta","austin","baltimor","boston","boulder","charlott","chicago","dalla","denver","detroit","dublin","hartford","honolulu","houston","indianapoli","la","vega","london","lo","angel","miami","minneapoli","montreal","nashvil","orlean","york","oklahoma","citi","omaha","pari","philadelphia","phoenix","portland","san","antonio","san","diego","san","francisco","seattl","toronto","washington","dc","citi","intern","airport","applebe","arbi","buffalo","wild","wing","burger","king","chick","fil","chili","chipotl","cracker","barrel","denni","jersei","mike","sub","mcdonald","pei","wei","chang","pizza","hut","red","robin","taco","bell","cheesecak","factori","wendi","chain","find","gluten","free","friendli","restaur","find","great","gluten","free","friendli","restaur"],"headings":["find","gluten","free","find","gluten","free","friendli","restaur","rate","gluten","free","app","iphon","android","download","free","app"],"url":"https://findmeglutenfree.com","previewTitle":"Find Me Gluten Free: Find gluten-free friendly restaurants near you","preview":"The best rated gluten-free app for iPhone and Android. Download our FREE APP now.","forwardLinks":[]}