{"doc":["holidai","start","save","limit","time","flash","sale","deal","quick","book","trip","weekend","special","price","except","flight","hotel","save","exclus","lastminut","top","deal","hot","holidai","hotspot","travel","will","find","enjoi","access","special","price","packag","deal","choos","thousand","flight","hotel","accommod","secur","deal","small","deposit","pai","rest","quickli","add","insur","luggag","rental","car","app","solut","worth","enjoi","offer","exclus","price","prioriti","custom","servic","lastminut","app","save","20","flight","hotel","book","code","app20uk","app","solut","worth","enjoi","offer","exclus","price","prioriti","custom","servic","lastminut","app","save","20","flight","hotel","book","code","app20uk","citi","guid","travel","tip","will","send","exclus","offer","sneak","peek","deal","travel","tip","late","advic","connect","mobil","app","gener","condit","privaci","polici","cooki","polici","manag","cooki","career","affili","partner","press","offic","datum","licens","advertis","promot","partnership","support","inform","contact","refund","procedur","airlin","inform","inform","travel","awar","advic","safeti","guidanc","travel","popular","flight","rout","destin","hotel","destin","holidai","destin","cater","holidai","travel","inspir","sustain","travel","interest","sign","newslett","holidai","combin","save","customis","offer","spread","cost","kei","partner","book","sunseek","famili","coupl","discov","flight","hotel","term","condit","appli","term","condit","appli","read","egypt","holidai","relax","enjoi","incred","beach","warm","water","red","sea","offer","book","subscrib","submit","email","consent","receiv","automat","creat","personalis","commun","includ","deal","offer","select","parti","product","servic","share","datum","collect","parti","info","unsubscrib","check","privaci","polici","websit","properti","bravonext","headquart","vicolo","de","calvi","6830","chiasso","switzerland","compani","vat","num","che","115","704","228","compani","belong","lastminut","group","2024","right","reserv","servic","websit","lastminut","group","partner","flight","inclus","holidai","bravonext","protect","atol","licenc","11082","flight","packag","sell","bravonext","protect","abtot","associ","bond","travel","organis","trust","limit","scheme","financi","protect","5503","lastminut","lastminut","lm","top","secret","hotel","top","secret","regist","trademark","own","compani","lastminut","group","bravonext","respons","content","extern","web","site","flight","hotel","flash","sale","holidai","citi","break","flight","hotel","gift","card","eurostar","car","transfer","cheap","hotel","london","hotel","london","hotel","amsterdam","hotel","barcelona","hotel","blackpool","hotel","brighton","hotel","cardiff","hotel","dubai","hotel","dublin","hotel","edinburgh","hotel","florenc","hotel","hong","kong","hotel","istanbul","hotel","la","vega","hotel","manchest","hotel","marrakech","hotel","york","hotel","pari","hotel","rome","hotel","york","flight","york","flight","amsterdam","flight","tenerif","flight","malaga","flight","dublin","flight","barcelona","flight","pari","flight","lanzarot","flight","ibiza","flight","rome","flight","berlin","flight","venic","flight","bangkok","amsterdam","citi","break","barcelona","citi","break","berlin","citi","break","budapest","citi","break","copenhagen","citi","break","dubai","citi","break","dublin","citi","break","eurostar","citi","break","istanbul","citi","break","krakow","citi","break","lisbon","citi","break","london","citi","break","marrakech","citi","break","york","citi","break","palma","citi","break","pari","citi","break","pragu","citi","break","rome","citi","break","stockholm","citi","break","vienna","citi","break","uk","holidai","inclus","holidai","amsterdam","holidai","barcelona","holidai","bora","bora","holidai","budapest","holidai","cape","verd","holidai","dubai","holidai","disneyland","pari","easter","holidai","greec","holidai","lanzarot","holidai","tenerif","holidai","la","vega","holidai","malta","holidai","marrakech","holidai","york","holidai","pari","holidai","rome","holidai","ski","holidai","spain","holidai","costa","rica","holidai","thailand","holidai","winter","sun","holidai","april","holidai","holidai","juli","holidai","summer","holidai","2024","holidai","benidorm","holidai","discov","late","project","promo","code","top","10","citi","break","weekend","break","site","map","spa","deal","spa","break","spa","hotel","flash","sale","special","limit","time","deal","custom","favourit","holidai","destin","holidai","offer","book","flight","hotel","travel","discov","holidai","inspir","getawai","magazin"],"headings":["book","cheap","holidai","flight","hotel","citi","break","lastminut","plan","holidai","offici","lastminut","websit","offer","amaz","late","travel","deal","huge","save","hotel","flight","holidai","citi","break","spa","book","onlin","save"],"url":"https://lastminute.com","previewTitle":"Book Cheap Holidays, Flights, Hotels & City Breaks | lastminute.com","preview":"Plan your next holidays with the official lastminute.com website. We offer amazing late travel deals. Huge savings on Hotels, Flights, Holidays, City Breaks, Spa & more. Book online now & save!","forwardLinks":[]}