{"doc":["question","god","jesu","bibl","theologi","understand","bibl","vers","passag","spiritu","issu","life","advic","counsel","top","20","commonli","ask","bibl","question","100","new","articl","top","20","visit","articl","200","answer","frequent","ask","bibl","question","publish","onlin","approxim","85","question","ask","answer","instantli","question","bibl","answer","will","find","view","frequent","ask","bibl","question","archiv","find","answer","bibl","question","question","week","deliv","inbox","top","20","question","top","20","articl","bibl","question","answer","find","common","question","question","question","week","heaven","god","find","subscrib","donat","donat","top","20","question","top","20","commonli","ask","bibl","question","100","new","articl","top","20","articl","top","20","visit","articl","archiv","question","privaci","polici","top","20","random","podcast","subscrib","top","20","random","podcast","gospel","crucial","question","content","index","question","week","bibl","studi","intern","donat","subscrib","lightdark","bibl","version","font","famili","line","height","font","size","facebook","twitter","pinterest","email","text","sm","contact","citat","serv","761","785","bibl","question","answer"],"headings":["bibl","question","answer","gotquest","org","bibl","question","answer","gotquest","org","fast","accur","answer","bibl","question","bibl","question"],"url":"https://gotquestions.org","previewTitle":"Bible Questions Answered | GotQuestions.org","preview":"Bible Questions Answered by GotQuestions.org! Fast and accurate answers to all your Bible Questions!","forwardLinks":[]}