{"doc":["explor","170m","document","global","commun","share","inform","find","inspir","scribd","app","scribd","web","browser","android","io","devic","download","offlin","access","instal","app","15m","present","subject","matt","expert","170m","document","topic","nich","access","million","ebook","audiobook","magazin","99","month","trial","cancel","anytim","99","month","subscript","access","million","ebook","audiobook","magazin","document","profession","content","uniqu","product","everand","offer","million","ebook","audiobook","magazin","newspap","podcast","sheet","music","scribd","host","million","commun","upload","document","academ","paper","legal","document","manual","slideshar","showcas","million","commun","upload","present","profession","document","scribd","digit","document","librari","170m","document","count","find","upload","text","topic","nich","academ","paper","legal","document","dii","hobbi","manual","share","document","scribd","creator","permiss","document","creator","read","copyright","faq","everand","home","stori","knowledg","99","month","explor","million","ebook","audiobook","podcast","magazin","newspap","sheet","music","read","devic","offlin","titl","ebook","audiobook","podcast","magazin","everand","find","document","academ","paper","legal","document","manual","scribd","visit","everand","download","everand","app","io","android","gain","access","million","titl","scribd","subscrib","everand","includ","monthli","subscript","log","everand","scribd","usernam","password","question","visit","faq","start","explor","million","fascin","document","find","special","knowledg","topic","answer","win","find","support","legal","social","free","app","legal","support","social","free","app","includ","subscript","scribd","everand","find","ebook","audiobook","podcast","magazin","scribd","access","everand","categori","categori","categori","categori","categori","find","ebook","audiobook","everand","scienc","mathemat","technolog","engin","teach","method","materi","social","scienc","law","busi","categori","top","english","learn","english","learn","ebook","audiobook","visit","everand","brows","million","titl","includ","ebook","audiobook","podcast","magazin","newspap","sheet","music","includ","subscript","extra","cost","upload","skip","carousel","scribd","document","academ","document","foreign","languag","studi","chines","esl","scienc","mathemat","astronomi","space","scienc","biologi","studi","aid","test","prep","book","note","colleg","entranc","exam","teach","method","materi","earli","childhood","educ","educ","philosophi","theori","profession","document","busi","busi","analyt","human","resourc","personnel","manag","career","growth","career","job","hunt","comput","applic","softwar","cad","cam","financ","monei","manag","account","bookkeep","audit","law","busi","financi","contract","agreement","polit","american","govern","intern","relat","technolog","engin","automot","aviat","aeronaut","cultur","document","art","antiqu","collect","architectur","biographi","memoir","artist","musician","entertain","rich","famou","comic","graphic","novel","histori","ancient","modern","philosophi","languag","art","disciplin","composit","creativ","write","linguist","literari","critic","social","scienc","anthropolog","archaeolog","true","crime","hobbi","craft","document","cook","food","wine","beverag","cours","dish","game","activ","card","game","fantasi","sport","home","garden","craft","hobbi","garden","sport","recreat","basebal","basketbal","person","growth","document","lifestyl","beauti","groom","fashion","religion","spiritu","buddhism","christian","improv","addict","mental","health","well","bodi","mind","spirit","diet","nutrit","scribd","everand","ebook","audiobook","slideshar","press","join","team","contact","invit","friend","scribd","enterpris","faq","access","purchas","adchoic","term","privaci","copyright","sell","share","person","inform","instagram","instagram","twitter","twitter","facebook","facebook","pinterest","pinterest","scribd","everand","ebook","audiobook","slideshar","press","join","team","contact","invit","friend","scribd","enterpris","term","privaci","copyright","sell","share","person","inform","faq","access","purchas","adchoic","instagram","instagram","twitter","twitter","facebook","facebook","pinterest","pinterest","document","english","select","espa","ol","portugu","deutsch","fran","ai","italiano","rom","bahasa","indonesia","english","select","espa","ol","portugu","deutsch","fran","ai","italiano","rom","bahasa","indonesia","scribd","subscript","faq","footer","menu"],"headings":["scribd","explor","170m","document","global","commun","explor","170m","document","global","commun","share","inform","find","inspir","scribd"],"url":"https://scribd.com","previewTitle":"Scribd: Explore 170M+ documents from a global community","preview":"Explore over 170M documents from a global community. Share information, and find inspiration on Scribd.","forwardLinks":[]}