{"doc":["gaana","gatewai","late","music","offer","30","million","song","divers","languag","includ","hindi","english","bollywood","region","track","stream","favourit","hindi","song","bollywood","music","english","mp3","song","radio","podcast","region","music","onlin","download","song","enjoi","anytim","entertain","network","india","2024","right","reserv","touch","experi","app","gaana","trend","song","song","song","album","radio","podcast","music","term","privaci","polici","faq","english","hindi","telugu","punjabi","tamil","kannada","bhojpuri","malayalam","marathi","bengali","gujarati","song","haryanvi","view","bollywood","song","devot","song","ghazal","bhajan","patriot","song","kid","song","rock","song","disco","song","sufi","song","love","song","view","arijit","singh","neha","kakkar","honei","singh","atif","aslam","rahman","lata","mangeshkar","kishor","kumar","armaan","malik","sunidhi","chauhan","nusrat","fateh","ali","khan","moham","rafi","guru","randhawa","mohit","chauhan","badshah","mc","stan","view","english","song","hindi","song","punjabi","song","tamil","song","telugu","song","kannada","song","bhojpuri","song","malayalam","song","marathi","song","bengali","song","odia","song","urdu","song","rajasthani","song","gujarati","song","assames","song","view","vibe","song","ruaan","tiger","tilasmi","bahein","heeramandi","udd","jaa","kaal","kaava","gadar","choli","ke","peech","leke","prabhu","ka","naam","tiger","tu","mil","gaya","srikanth","sajni","laa","pila","de","sharaab","soulmat","baarish","ki","jaay","koi","sehri","babu","view","sad","song","laapataa","ladi","dhamaka","fighter","pushpa","rule","anim","shape","shershaah","amar","singh","chamkila","maidaan","dunki","view","memori","lyric","gayatri","mantra","lag","ja","gale","lyric","jana","gana","mana","lyric","jai","laxmi","mata","aarti","perfect","lyric","ganesh","aarti","lyric","laxmi","ji","aarti","lyric","view","hindi","song","english","song","punjabi","song","telugu","song","tamil","song","bhojpuri","song","bengali","song","malayalam","song","kannada","song","marathi","song","gujarati","song","haryanvi","song","urdu","song","assames","song","rajasthani","song","view","md","motiv","rj","kartik","motiv","life","ki","rann","neeti","raavn","sundai","suspens","stori","podcast","riya","retro","motiv","podcast","dua","lipa","servic","view","coachella","2024","seri","song","bollywood","wed","song","bollywood","mashup","song","happi","birthdai","song","top","50","hindi","song","kamsin","kali","naina","hai","bhai","mirza","ishq","mitay","khaali","botal","hanuman","chalisa","maa","ka","bulawa","aaya","hai","ram","bhajan","bhajan","gold","song","bhakti","song","home","radio","podcast","music","gaana","trend","song","song","song","album","artist","lyric","music","label","genr","hindi","top","50","punjabi","top","50","intern","top","50","hindi","romanc","top","50","punjabi","romanc","top","50","top","50","hindi","danc","top","50","punjabi","parti","top","50","electron","top","30","bhakti","top","50","hindi","bhakti","top","50","punjabi","hip","hop","top","30","90","top","50","danc","top","50","retro","top","50","pop","top","50","indi","top","50","indipop","top","50","2010","top","50","2000","top","50","top","chart"],"headings":["download","late","mp3","song","onlin","plai","mp3","music","onlin","free","gaana","gaana","listen","download","late","mp3","song","onlin","download","hindi","song","bollywood","song","english","song","gaana","plai","offlin","creat","share","listen","stream","music","playlist","free","song","music","song","onlin","listen","song","mp3","song","listen","free","onlin","song","onlin","late","song","free","music","popular","song","movi","song","gaana","listen","song","onlin","listen","free","music","onlin","music","free","music","onlin","late","movi","song","hindi","song","plai","song","onlin","song","hindi","song","music","album","free","music","onlin","music","english","song","hollywood","song","playlist","music","music","onlin"],"url":"https://gaana.com","previewTitle":"Download Latest MP3 Songs Online: Play Old & New MP3 Music Online Free on Gaana.com","preview":"Gaana.com- Listen & Download latest MP3 songs online. Download new or old Hindi songs, Bollywood songs, English songs* & more on Gaana+ and play offline. Create, share and listen to streaming music playlists for free.","forwardLinks":[]}