{"doc":["sam","club","wholesal","price","top","brand","free","ship","member","2024","sam","west","right","reserv","sign","save","event","special","offer","membership","ship","deliveri","resourc","home","electron","household","essenti","health","well","season","depart","join","200","instant","save","end","june","shop","carousel","ad","carousel","ad","carousel","ad","carousel","ad","carousel","ad","top","term","condit","depart","groceri","fresh","food","pantri","snack","freez","food","candi","beverag","coffe","shop","groceri","storag","organ","furnitur","mattress","bed","bath","applianc","home","improv","kitchen","dine","shop","home","tv","home","theater","comput","cell","phone","ipad","tablet","audio","wearabl","technolog","game","shop","electron","toilet","paper","paper","towel","laundri","suppli","clean","suppli","dispos","tablewar","pet","suppli","babi","toddler","shop","household","essenti","pharmaci","diet","nutrit","protein","vitamin","supplement","sport","fit","beauti","person","care","medicin","cabinet","shop","health","well","summer","entertain","father","dai","graduat","wed","gift","card","flower","gift","outdoor","patio","photo","center","shop","season","member","mark","trend","auto","tire","cloth","jewelri","shoe","offic","toi","game","book","restaur","suppli","shop","depart","sam","servic","sam","servic","health","servic","auto","care","bui","protect","instal","home","improv","travel","entertain","photo","custom","busi","servic","club","servic","menu","depart","sam","servic","reorder","save","account","inform","benefit","refer","friend","list","purchas","histori","save","pai","sam","club","credit","check","gift","card","balanc","chang","password","center","free","ship","member","sam","cash","earn","bonu","offer","learn","sam","club","credit","meet","brand","shop","product","instant","save","center","pharmaci","busi","center","join","sam","club","member","mark","supplier","renew","membership","regist","membership","track","order","ship","faq","pickup","dai","deliveri","return","refund","center","product","recal","account","affili","program","advertis","newsroom","career","club","directori","truckload","export","site","directori","privaci","notic","california","privaci","right","notic","collect","california","suppli","chain","act","respons","disclosur","polici","nevada","consum","health","datum","privaci","notic","washington","consum","health","datum","privaci","notic","ad","privaci","choic","request","person","inform","home","page"],"headings":["sam","club","wholesal","price","top","brand","free","ship","member","sam","club","help","save","time","price","groceri","mattress","tire","pharmaci","optic","bakeri","floral"],"url":"https://samsclub.com","previewTitle":"Sam's Club - Wholesale Prices on Top Brands","preview":"FREE SHIPPING for Plus Members. Sam’s Club Helps You Save Time. Low Prices on Groceries, Mattresses, Tires, Pharmacy, Optical, Bakery, Floral, & More!","forwardLinks":[]}