{"doc":["common","question","member","church","jesu","christ","dai","saint","christian","member","church","jesu","christ","dai","saint","jesu","christ","son","god","savior","world","love","imagin","devot","follow","jesu","belief","distinct","life","ministri","sacrific","resurrect","jesu","christ","save","sin","suffer","death","learn","belief","church","servic","time","vari","congreg","congreg","count","main","worship","servic","class","child","youth","adult","servic","call","sacrament","meet","meet","consist","song","prayer","sermon","talk","member","congreg","week","import","part","meet","sacrament","similar","communion","rememb","savior","learn","sundai","servic","find","church","dai","saint","templ","church","build","templ","place","dai","saint","receiv","special","instruct","god","jesu","christ","templ","member","etern","coven","promis","god","includ","promis","command","live","gospel","jesu","christ","faith","marriag","care","share","famili","work","templ","famili","bond","strong","marriag","templ","perform","etern","death","part","parent","child","etern","famili","templ","ancestor","receiv","bless","templ","perform","sacr","ordin","behalf","accept","act","servic","templ","busi","place","book","mormon","book","inspir","scriptur","teach","god","jesu","christ","help","receiv","direct","person","live","feel","close","jesu","christ","hundr","year","ancient","prophet","name","mormon","compil","record","peopl","face","lot","challeng","strength","turn","jesu","christ","introduct","book","mormon","missionari","book","mormon","stand","bibl","testament","jesu","christ","divin","mission","savior","redeem","world","bibl","book","mormon","provid","understand","god","great","love","close","learn","bibl","book","mormon","work","bibl","word","god","sacr","volum","scriptur","teach","bring","joi","live","bibl","find","inspir","book","scriptur","uniqu","church","jesu","christ","dai","saint","work","teach","import","truth","god","jesu","christ","learn","belief","bibl","meet","onlin","person","will","answer","question","introduc","local","church","commun","messag","hope","wonder","come","dai","great","manifest","savior","power","world","time","return","power","great","glori","joseph","smith","matthew","36","bestow","countless","privileg","bless","miracl","faith","russel","nelson","prophet","presid","church","jesu","christ","dai","saint","commun","faith","focu","jesu","christ","expect","church","church","refug","chao","everydai","life","place","worship","god","believ","jesu","love","visit","learn","belief","belief","center","god","jesu","christ","learn","core","belief","inspir","follow","savior","explor","will","find","member","church","jesu","christ","dai","saint","world","friend","neighbor","work","world","place","late","new","church","good","happen","world","current","updat","church","project","event","disast","relief","effort","learn","church","jesu","christ","dai","saint","learn","jesu","christ","follow","find","mean","life","seek","god","perspect","navig","life","challeng","discov","strength","direct","peac","view","find","church","meet","missionari","studi","book","mormon","book","mormon","testifi","jesu","christ","visit","church","grow","close","god","meet","missionari"],"headings":["homepag","church","jesu","christ","dai","saint","discov","servic","orient","global","connect","christian","church","lead","prophet","god","seek","follow","jesu","christ","restor","gospel"],"url":"https://churchofjesuschrist.org","previewTitle":"Homepage - The Church of Jesus Christ of Latter-day Saints","preview":"Discover a service-oriented, globally-connected Christian church that is led by a prophet of God and seeks to follow Jesus Christ and His restored gospel.","forwardLinks":[]}