{"doc":["restablec","cambiar","escala","de","grise","usar","lector","de","pantalla","cambiar","tama","de","cursor","cambiar","el","contrast","de","color","mascara","de","lectura","guia","de","lectura","cambio","de","tipografia","dislexia","espaciado","vertic","espaciado","horizont","cambiar","tama","resaltar","enlac"],"headings":["el","portal","nico","del","gobierno","gob","mx","gob","mx","es","la","plataforma","conecta","la","gent","con","el","gobierno","impulsa","la","eficiencia","transforma","lo","proceso","para","proveer","de","informaci","tr","mite","gobierno","digit","tr","mite","tr","mite","en","nea","gobierno","digit"],"url":"https://www.gob.mx","previewTitle":"El portal único del gobierno. | gob.mx","preview":"gob.mx es la plataforma que conecta a la gente con el gobierno, impulsa la eficiencia, y transforma los procesos para proveer de información y  trámites","forwardLinks":[]}