{"doc":["bespeak","episod","10","minut","dai","explor","languag","cultur","infus","humor","16","audienc","beginn","profici","app","store","plai","store","trustpilot","million","user","follow","live","quirki","charact","navig","whimsic","scenario","tradit","social","profession","life","culinari","delight","cinema","music","accent","uncov","countri","intric","cultur","landscap","person","write","exercis","revis","elev","speak","skill","chat","hero","learn","seri","depend","level","interest","goal","revis","daili","episod","tailor","motiv","memori","beginn","advanc","learner","will","complet","specif","custom","episod","seri","featur","question","revis","correct","bite","effort","lot","awesom","level","assess","start","continu","evalu","certif","complet","finish","10","minut","take","swift","progress","stori","learn","seri","web","tablet","app","free","trial","commit","bui","join","episod","practic","speak","skill","cooki","improv","brows","experi","market","purpos","learn","cooki","polici","million","user","million","user","million","user","million","user","million","user","readi","start","privaci","matter","learn","seri","focu","cultur","express","start","learn","seri","start","learn","seri","start","learn","seri","start","learn","seri","start","learn","seri","gymglish","gymglish","cost","gymglish","cancel","gymglish","subscript","gymglish","compani","en","english","fran","ai","deutsch","espa","ol","svenska","nederland","portugu","italiano","log","free","trial","start","free","trial","cours","free","trial","free","trial","free","trial","learn","method","onlin","shop","learn","busi","offer","book","demo","dedic","corpor","team","feel","free","explor","busi","section","start","free","trial","info","join","episod","practic","speak","skill","cooki","polici","gymglish","job","offer","hire","statu","learn","seri","busi","link","en","english","fran","ai","deutsch","espa","ol","svenska","nederland","portugu","italiano","arrow","kei","increas","decreas","volum","free","trial","arrow","kei","increas","decreas","volum","free","trial","arrow","kei","increas","decreas","volum","free","trial","arrow","kei","increas","decreas","volum","free","trial","arrow","kei","increas","decreas","volum","free","trial","cooki","cooki","essenti","proper","function","websit","analyt","cooki","cooki","analyz","user","websit","order","improv","perform","advertis","cooki","cooki","serv","person","ad","measur","perform","success","stori","blog","gymglish","gift","job","offer","hire","gymglish","number","unoffici","stori","gymglish","greenglish","social","impact","contact","press","betatest","commun","faq","statu","onlin","shop","learn","english","gymglish","learn","french","frantastiqu","learn","spanish","hotel","borbol","learn","german","wunderbla","learn","italian","saga","baldoria","english","beginn","rich","morn","show","improv","vocabulari","wordflashback","word","month","gymglish","busi","educ","partner","case","studi","white","paper","teacher","languag","school","partner","privaci","term","condit","term","condit","sale","set","cooki","french","grammar","french","vocabulari","french","grammar","vocabulari","spanish","vocabulari","spanish","grammar","german","vocabulari","german","grammar","italian","grammar","italian","vocabulari","english","grammar","english","vocabulari","learn","english","onlin","english","grammar","vocabulari","french","conjug","spanish","conjug","italian","conjug","spanish","italian","french","german","learn","languag","learn","seri","languag","cultur","stori","learn","fun","have","power","adapt","learn","10","minut","dai","level","assess","frequent","ask","question","gymglish","gymglish","cost","gymglish","cancel","gymglish","subscript","gymglish","compani"],"headings":["cour","de","langu","en","lign","apprendr","un","langu","avec","gymglish","gymglish","propos","de","cour","de","langu","en","lign","personnali","notr","objectif","la","motiv","assiduit","le","progr","de","no","tudiant"],"url":"https://gymglish.com","previewTitle":"Cours de langues en ligne | Apprendre une langue avec Gymglish","preview":"Gymglish propose des cours de langues en ligne personnalisés. Notre objectif : la motivation, l'assiduité, les progrès de nos étudiants.","forwardLinks":["https://help.gymglish.com","https://fr-fr.facebook.com","https://twitter.com","https://www.linkedin.com","https://instagram.com","https://play.google.com","https://apps.apple.com"]}