{"doc":["save","favorit","articl","read","offlin","sync","read","list","devic","custom","read","experi","offici","wikipedia","app","page","creativ","common","attribut","sharealik","licens","term","privaci","polici","english","796","000","articl","969","000","407","000","espa","ol","938","000","art","culo","deutsch","891","000","artikel","fran","ai","598","000","articl","italiano","853","000","voci","409","000","portugu","120","000","artigo","languag","support","work","donat","download","wikipedia","android","io","googl","plai","store","appl","app","store","common","free","medium","collect","wikivoyag","free","travel","guid","wiktionari","free","dictionari","wikibook","free","textbook","wikinew","free","new","sourc","wikidata","free","knowledg","base","wikivers","free","learn","resourc","wikiquot","free","quot","compendium","mediawiki","free","open","wiki","softwar","wikisourc","free","content","librari","wikispeci","free","speci","directori","wikifunct","free","function","librari","meta","wiki","commun","coordin","document","creativ","common","attribut","sharealik","licens","term","privaci","polici","polski","deutsch","english","espa","ol","fran","ai","italiano","nederland","portugu","sinugboanong","binisaya","svenska","ti","ng","vi","winarai","afrikaan","asturianu","az","rbaycanca","catal","tina","cymraeg","dansk","eesti","esperanto","euskara","galego","hrvatski","bahasa","indonesia","ladin","latina","latvi","lietuvi","magyar","bahasa","melayu","bahaso","minangkabau","norsk","bokm","nynorsk","zbekcha","qazaq","rom","simpl","english","sloven","ina","sloven","ina","srpski","srpskohrvatski","suomi","tatar","rk","bahsa","ac","alemannisch","aragon","bahasa","hulontalo","basa","bali","bahasa","banjar","basa","banyumasan","bikol","central","boarisch","bosanski","brezhoneg","din","bizaad","emigli","rumagn","fiji","hindi","royskt","frysk","gaeilg","idhlig","hak","ng","hausa","hornjoserbsc","ido","igbo","ilokano","interlingua","interlingu","slenska","jawa","kotava","krei","ayisyen","kurd","tzebuergesch","gure","limburg","lombard","malagasi","ng","ng","ng","napulitano","nordfriisk","occitan","piemont","plattd","tsch","mtatarca","runa","simi","scot","chishona","shqip","sicilianu","nski","basa","sunda","kiswahili","tagalog","chitumbuka","basa","ugi","neto","volap","walon","yor","zazaki","emait","ka","isizulu","dzhudezmo","nglisc","anar","kiel","arm","neashti","arpitan","atikamekw","ava","aymar","bislama","chavacano","de","zamboanga","chichewa","corsu","vahcuengh","dagaar","dagbanli","davvi","megiella","deitsch","dolnoserbski","estrem","fulfuld","furlan","gaelg","gagauz","gungb","lelo","hawai","ikinyarwanda","kab","kapampangan","kasz","bsczi","kernewek","kongo","konknni","krii","gwiyannen","latga","li","niha","ling","la","lingua","franca","nova","livvinkarjala","lojban","luganda","madhur","malti","ori","twi","mirand","na","vosa","vaka","viti","huatlaht","lli","naij","nedersaksisch","nouormand","normaund","novial","afaan","oromoo","pangasin","pangcah","papiamentu","patoi","pf","lzisch","picard","qaraqalpaqsha","ripoarisch","rumantsch","sakizaya","gagana","moa","sardu","seediq","seeltersk","sesotho","sa","leboa","setswana","soomaaliga","sranantongo","tacl","reo","tahiti","taqbaylit","tarand","ne","tayal","tetun","tok","pisin","tol","faka","tonga","rkmen","vep","ro","west","vlam","wolof","isixhosa","ze","uw","bamanankan","batak","toba","chamoru","egb","farefar","ngb","ghanaian","pidgin","inuktitut","upiak","kalaallisut","mfants","norfuk","pitkern","pinayuanan","romani","hib","ikirundi","ng","sesotho","siswati","thu","hesen","stsestots","xitsonga","tyap","tshiven","wayuunaiki","googl","plai","store","appl","app","store","wikipedia","free","encyclopedia","000","000","articl","100","000","articl","10","000","articl","000","articl","100","articl"],"headings":["wikipedia","wikipedia","free","onlin","encyclopedia","creat","edit","volunt","world","host","wikimedia","foundat"],"url":"https://wikipedia.org","previewTitle":"Wikipedia","preview":"Wikipedia is a free online encyclopedia, created and edited by volunteers around the world and hosted by the Wikimedia Foundation.","forwardLinks":["https://donate.wikimedia.org","https://en.wikipedia.org","https://play.google.com","https://itunes.apple.com"]}