{"doc":["find","inform","governor","offic","administr","new","schedul","appoint","pre","appli","driver","licens","renew","vehicl","tab","find","licens","practition","health","insur","inform","covid","19","inform","find","inform","file","taxi","career","governor","offic","driver","vehicl","servic","health","taxi","skip","content","site","url","menu","arrow","kei","navig","menu","expand","nav","resid","busi","expand","nav","govern","expand","nav","feder","menu","item","menu","legal","expand","nav","local","menu","item","menu","associ","citi","counti","special","district","region","govern","township","expand","nav","state","menu","item","menu","agenc","board","commiss","state","support","institut","expand","nav","tribal","menu","item","menu","expand","nav","minnesota","indian","tribe","menu","item","menu","resourc","vote","elect","employ","educ","travel","expand","nav","minnesota","expand","nav","access","issu","menu","item","menu","expand","nav","buff","law","appli","land","plant","support","time","altern","practic","expand","nav","buff","map","menu","item","menu","expand","nav","state","brand","faq","expand","nav","style","guid","menu","item","menu","logo","color","state","mobil","site","app","expand","nav","natur","resourc","buff","law","report","issu","white","page","expand","nav","guest","wireless","expand","nav","search","governor","offic","driver","vehicl","servic","taxi","state","agenc","counti","citi","feder","top","expand","nav","resid","respons","resourc","consum","financi","health","legal","natur","resourc","public","safeti","social","servic","taxi","transport","volunt","vote","elect","respons","resourc","consum","financi","health","legal","natur","resourc","public","safeti","social","servic","taxi","transport","volunt","vote","elect","busi","expand","nav","govern","expand","nav","feder","menu","item","menu","minnesota","member","congress","legal","expand","nav","local","menu","item","menu","associ","citi","counti","special","district","region","govern","township","expand","nav","state","menu","item","menu","agenc","board","commiss","state","support","institut","expand","nav","tribal","menu","item","menu","expand","nav","minnesota","indian","tribe","menu","item","menu","feder","recogn","indian","tribe","resourc","vote","elect","expand","nav","feder","menu","item","menu","minnesota","member","congress","minnesota","member","congress","legal","expand","nav","local","menu","item","menu","associ","citi","counti","special","district","region","govern","township","associ","citi","counti","special","district","region","govern","township","expand","nav","state","menu","item","menu","agenc","board","commiss","state","support","institut","agenc","board","commiss","state","support","institut","expand","nav","tribal","menu","item","menu","expand","nav","minnesota","indian","tribe","menu","item","menu","feder","recogn","indian","tribe","resourc","expand","nav","minnesota","indian","tribe","menu","item","menu","feder","recogn","indian","tribe","feder","recogn","indian","tribe","resourc","vote","elect","employ","educ","travel","expand","nav","minnesota","expand","nav","access","issu","menu","item","menu","websit","expand","nav","access","issu","menu","item","menu","websit","expand","nav","buff","law","appli","land","plant","support","time","altern","practic","expand","nav","buff","map","menu","item","menu","buff","complianc","map","appli","land","plant","support","time","altern","practic","expand","nav","buff","map","menu","item","menu","buff","complianc","map","buff","complianc","map","expand","nav","state","brand","faq","expand","nav","style","guid","menu","item","menu","logo","color","faq","expand","nav","style","guid","menu","item","menu","logo","color","logo","color","state","mobil","site","app","expand","nav","natur","resourc","buff","law","buff","law","report","issu","white","page","expand","nav","guest","wireless","guest","wireless","guest","wireless","expand","nav","search","json","search","xml","search","search","page","json","search","xml","search","search","page","demograph","histori","fact","privaci","notic","state","brand","state","map","state","symbol","agenc","websit","citi","websit","counti","websit","employe","white","page","state","offici","state","mobil","site","app","usa","gov","report","issu","site","report","web","secur","vulner","report","access","issu","amber","alert","weather","emerg","211","servic","inform","511","travel","inform","911","emerg","footer","content","popular","resourc","connect","govern","work","state","connect"],"headings":["minnesota","gov","portal","mn","gov","minnesota","state","portal","navig","state","find","minnesota","state","portal"],"url":"https://state.mn.us","previewTitle":"Minnesota.gov Portal / mn.gov // Minnesota's State Portal","preview":"Navigate your state and find what you're looking for on Minnesota's state portal.","forwardLinks":["https://mn.gov","https://drive.mn.gov","https://www.revenue.state.mn.us","https://www.sos.state.mn.us"]}