{"doc":["traduisez","de","text","avec","la","meilleur","technologi","de","traduct","automatiqu","au","mond","velopp","par","le","cr","ateur","de","lingue","recherchez","de","traduct","de","mot","de","phrase","dan","de","dictionnair","bilingu","fiabl","exhaustif","parcourez","de","milliard","de","traduct","en","lign","dictionnair","anglai","fran","ai","recherch","milliard","de","traduct","traduisez","ce","vou","lisez","ou","crivez","dan","import","quell","applic","gagnez","du","temp","de","bien","autr","mani","re","encor","deepl","traducteur","write","dictionnair","traducteur","dictionnair","blog","inform","press","lingue","traduir","du","text","traduir","de","fichier","liorez","vo","text","charger","gratuit","lingue","english","connexion","mention","gale","cgu","clarat","de","confidentialit","consult","lingue","propos","comm","traduct","pour","copier","traduct","en","temp","el","meilleur","qualit","au","mond","document","chargeabl","en","glisser","poser","applic","lingue","traduisez","encor","vite","avec","deepl","pour","window"],"headings":["lingue","dictionnair","anglai","fran","ai","autr","langu","dictionnair","anglai","fran","ai","avec","de","million","de","phrase","traduit","en","anglai","fran","ai","moteur","de","recherch","de","traduct","anglai","fran","ai","lingue","anglai","dictionnair","traduct","fran","ai","dictionnair","anglai","moteur","de","recherch","traduct"],"url":"https://linguee.fr","previewTitle":"Linguee | Dictionnaire anglais-français (et autres langues)","preview":"Dictionnaire anglais-français avec des millions de phrases traduites en anglais-français. Moteur de recherche de traductions anglais-français.","forwardLinks":[]}