{"doc":["theme","mobil","version","nina","az","popular","nina","az","show","nina","az","nation","social","network","add","color","life","nina","az","yeni","nina","da","plan","you","notebook","qazan","registr","registr","az","rbaycanca","english","languag","etri_sehadet","share","photo","todai","33","pm","salam","eleykum","bu","vaxdiniz","xeyr","olsun","deyerli","dostlar","comment","_sensizem_","share","photo","yesterdai","10","16","comment","__","___kader___","__","share","photo","15","2024","11","25","pm","tewekkur","edirem","tanem","hemiw","yanimda","oldun","en","yaxin","dosdum","sirdawim","wahidim","bacim","seni","ooox","seviremm","heranimda","yanimda","olan","vefa","zl","etmeyen","birisen","elimi","vaxt","buraxmayasan","ezizimm","comment","tommi","shelbi","share","photo","15","2024","34","pm","kild","ne","qar","qa","var","13","comment","linermin","share","photo","12","2024","20","pm","ekkilerd","qalan","yarim","sensiz","kece","5ai","comment","share","photo","12","2024","42","pm","evi","eledi","cicek","comment","etri_sehadet","share","photo","11","2024","23","pm","salam","kese","bu","vaxdiniz","xeyr","olsun","comment","tommi","shelbi","share","photo","10","2024","02","stafford","qambiti","comment","zeher","share","photo","2024","29","pm","eyin","ddi","var","ham","dan","rqli","olmaq","mimi","st","insan","olmaq","yalan","sevm","yax","eydir","bunlar","ba","comment","biri","share","photo","2024","12","49","pm","sevdim","bunun","comment","popular","nina","az","titl"],"headings":["untitl","page"],"url":"https://nina.az","previewTitle":"Untitled Page","preview":"No preview available","forwardLinks":[]}