{"doc":["find","place","search","servic","offer","illinoi","agenc","live","broadcast","link","tune","audio","video","feed","late","coverag","state","illinoi","illinoi","state","fair","announc","event","lineup","arena","press","releas","fridai","17","2024","springfield","il","arena","host","varieti","famili","friendli","event","2024","illinoi","state","fair","ticket","fan","favorit","event","sale","idph","report","mosquito","batch","test","posit","2024","west","nile","viru","cook","morgan","counti","press","releas","fridai","17","2024","chicago","illinoi","depart","public","health","idph","announc","todai","confirm","batch","mosquito","test","posit","2024","west","nile","viru","illinoi","hoffman","estat","cook","counti","morgan","counti","idnr","set","2024","schedul","waterfowl","blind","draw","mississippi","river","area","public","hunt","site","press","releas","fridai","17","2024","springfield","waterfowl","hunter","encourag","mark","calendar","sundai","june","waterfowl","blind","draw","place","mississippi","river","state","fish","wildlif","area","horsesho","lake","state","park","madison","counti","find","road","condit","certifi","weekli","unemploy","benefit","profession","licens","state","govern","job","renew","driver","licens","locat","regist","sex","offend","stai","inform","help","link","skip","main","content","govern","busi","employ","educ","resid","visit","view","live","video","listen","live","audio","illinoi","state","fair","announc","event","lineup","arena","idph","report","mosquito","batch","test","posit","2024","west","nile","viru","cook","morgan","counti","idnr","set","2024","schedul","waterfowl","blind","draw","mississippi","river","area","public","hunt","site","view","new","email","updat","search","servic","idot","find","road","condit","id","certifi","weekli","unemploy","benefit","idfpr","profession","licens","cm","state","govern","job","so","renew","driver","licens","isp","locat","regist","sex","offend","brows","servic","search","agenc","web","access","miss","exploit","child","amber","alert","illinoi","privaci","info","govern","busi","employ","educ","resid","visit","illinoi","state","fair","announc","event","lineup","arena","press","releas","fridai","17","2024","springfield","il","arena","host","varieti","famili","friendli","event","2024","illinoi","state","fair","ticket","fan","favorit","event","sale","idph","report","mosquito","batch","test","posit","2024","west","nile","viru","cook","morgan","counti","press","releas","fridai","17","2024","chicago","illinoi","depart","public","health","idph","announc","todai","confirm","batch","mosquito","test","posit","2024","west","nile","viru","illinoi","hoffman","estat","cook","counti","morgan","counti","idnr","set","2024","schedul","waterfowl","blind","draw","mississippi","river","area","public","hunt","site","press","releas","fridai","17","2024","springfield","waterfowl","hunter","encourag","mark","calendar","sundai","june","waterfowl","blind","draw","place","mississippi","river","state","fish","wildlif","area","horsesho","lake","state","park","madison","counti","emerg","disast","flag","honor","travel","inform","road","condit","email","updat","kid","privaci","contact","foia","contact","state","press","contact","tech","readi","illinoi","fun","fact","web","access","miss","exploit","child","amber","alert","illinoi","privaci","info","governor","jb","pritzker","2024","state","illinoi","illinoi","gov","stai","inform","new","popular","servic","popular","agenc","footer"],"headings":["illinoi","find","place","search","servic","offer","illinoi","agenc"],"url":"https://illinois.gov","previewTitle":"Illinois","preview":"Find places to go, things to see. Search through all the different services offered by the various Illinois agencies.","forwardLinks":["https://www.facebook.com","https://twitter.com","https://www.instagram.com"]}