{"doc":["meta","blog","job","api","privaci","term","locat","instagram","lite","thread","contact","upload","user","meta","verifi"],"headings":["instagram","creat","account","log","instagram","simpl","fun","creativ","captur","edit","share","photo","video","messag","friend","famili"],"url":"https://instagram.com","previewTitle":"Instagram","preview":"Create an account or log in to Instagram - A simple, fun & creative way to capture, edit & share photos, videos & messages with friends & family.","forwardLinks":[]}