{"doc":["io","android","privaci","term","io","android","privaci","term","unstick","learn","work","subject","build","learn","power","googl","have","love","teacher","student"],"headings":["unstick","learn","socrat","photo","homework","question","answer","math","solver","explan","video","work","math","scienc","histori","english"],"url":"https://socratic.org","previewTitle":"Get unstuck. Learn better. | Socratic","preview":"Take a photo of your homework question and get answers, math solvers, explanations, and videos. Works for Math, Science, History, English, and more.","forwardLinks":["https://www.google.com"]}