{"doc":["transform","busi","have","enhanc","speech","translat","tool","translat","text","document","total","secur","109","languag","fix","price","speech","recognit","transcript","speech","clear","punctuat","timestamp","91","languag","util","custom","servic","enterpris","provid","cloud","sdk","premis","translat","solut","privat","datum","stai","infastructur","artifici","intellig","late","scientif","research","deliv","class","translat","qualiti","test","qualiti","product","free","trial","fill","contact","form","will","choos","solut","fast","integr","product","linux","window","mac","os","web","mobil","platform","unlimit","secur","translat","fix","price","translat","billion","charact","dai","unlimit","secur","translat","fix","price","translat","billion","charact","dai","integr","io","android","window","mac","app","translat","offlin","onlin","translat","mobil","desktop","web","wearabl","request","successfulli","nordicwis","limit","lingvanex","tm","right","reserv","privaci","cooki","enhanc","brows","experi","serv","person","ad","content","analyz","traffic","click","accept","consent","cooki","cooki","navig","effici","perform","function","find","detail","inform","cooki","consent","categori","cooki","categor","store","browser","essenti","enabl","basic","function","site","parti","cooki","analyz","websit","store","prefer","provid","content","advertis","relev","cooki","store","browser","prior","consent","choos","enabl","disabl","cooki","disabl","affect","brows","experi","cooki","requir","enabl","basic","featur","site","provid","secur","log","adjust","consent","prefer","cooki","store","person","identifi","datum","cooki","displai","function","cooki","perform","function","share","content","websit","social","medium","platform","collect","feedback","parti","featur","cooki","displai","analyt","cooki","understand","visitor","interact","websit","cooki","provid","inform","metric","numb","visitor","bounc","rate","traffic","sourc","cooki","displai","perform","cooki","understand","analyz","kei","perform","index","websit","help","deliv","user","experi","visitor","cooki","displai","advertis","cooki","provid","visitor","custom","advertis","base","page","visit","previous","analyz","effect","ad","campaign","cooki","displai","total","secur","high","qualiti","ultim","perform","easi","integr","premis","server","cloud","api","translat","sdk","applic","complet","languag","product","applic","legal","compani","account","partner","contact","detail","detail","detail","detail","detail","detail","detail","detail","translat","qualiti","report","februari","2024","march","20","2024","translat","qualiti","report","januari","2024","februari","26","2024","translat","qualiti","report","decemb","2023","januari","2024","blog","lingvanex","machin","translat","speech","recognit","privaci","cooki","enhanc","brows","experi","serv","person","ad","content","analyz","traffic","click","accept","consent","cooki","custom","consent","prefer","cooki","navig","effici","perform","function","find","detail","inform","cooki","consent","categori","cooki","categor","store","browser","essenti","enabl","basic","function","site","activ","cooki","requir","enabl","basic","featur","site","provid","secur","log","adjust","consent","prefer","cooki","store","person","identifi","datum","cooki","displai","function","cooki","perform","function","share","content","websit","social","medium","platform","collect","feedback","parti","featur","cooki","displai","analyt","cooki","understand","visitor","interact","websit","cooki","provid","inform","metric","numb","visitor","bounc","rate","traffic","sourc","cooki","displai","perform","cooki","understand","analyz","kei","perform","index","websit","help","deliv","user","experi","visitor","cooki","displai","advertis","cooki","provid","visitor","custom","advertis","base","page","visit","previous","analyz","effect","ad","campaign","cooki","displai","power","translat","window","download","translat","cloud","api","premis","softwar","sdk","applic","translat","server","cloud","api","mobil","sdk","product","gmt","busi","hour","mondai","fridai","09","00","00","pm","translat","io","translat","android","translat","maco","translat","window","translat","browser","translat","facebook","translat","slack","translat","telegram","term","servic","term","api","translat","privaci","polici","cooki","polici","code","conduct","polici","imprint","contact","sale","lingvanex","press","kit","contact","partner","languag","featur","dictionari","blog","support","translat","qualiti","report","ultim","languag","technolog","machin","translat","gener","have","unlimit","servic","fix","price","integr","busi","late","new","200","compani","trust","lingvanex","request","free","trial"],"headings":["untitl","page"],"url":"https://lingvanex.com","previewTitle":"Untitled Page","preview":"No preview available","forwardLinks":[]}