{"doc":["creat","custom","resourc","word","click","pick","templat","enter","content","print","activ","plai","screen","site","map","languag","select","templat","learn","creat","lesson","quick","creat","activ","log","sign","english","home","featur","price","plan","home","featur","contact","price","plan","log","sign","languag","school","profil","page","edit","person","detail","languag","locat","admin","tool","log","catal","cebuano","tina","dansk","deutsch","eesti","keel","english","espa","ol","fran","ai","hrvatski","indonesia","italiano","latvian","lietuvi","magyar","melayu","nederland","norsk","polski","portugu","rom","sloven","ina","sloven","ina","srpski","suomi","svenska","tagalog","rk","vietnames","sign","start","creat","match","drag","drop","keyword","definit","quiz","seri","multipl","choic","question","tap","correct","answer","proce","speak","card","deal","card","random","shuffl","deck","flash","card","test","card","prompt","front","answer","spin","wheel","spin","wheel","item","group","sort","drag","drop","item","correct","group","complet","sentenc","cloze","activ","drag","drop","word","blank","space","text","anagram","drag","letter","correct","posit","unscrambl","word","phrase","find","match","tap","match","answer","elimin","repeat","answer","unjumbl","drag","drop","word","rearrang","sentenc","correct","order","match","pair","tap","pair","tile","time","reveal","match","open","box","tap","box","turn","open","reveal","item","wordsearch","word","hide","letter","grid","find","fast","label","diagram","drag","drop","pin","correct","place","imag","flip","tile","explor","seri","side","tile","tap","zoom","swipe","flip","hangman","complet","word","pick","correct","letter","gameshow","quiz","multipl","choic","quiz","time","pressur","lifelin","bonu","maze","chase","run","correct","answer","zone","avoid","enemi","sign","start","creat","prefix","di","ss15","addit","match","abeerfatima","bodi","part","sr03068","car","suhailnasir311","holi","quran","vajeehaw","match","pictur","kausartahir","mode","transport","ayesha40","season","tchr69490","push","pull","factor","migrat","binteshaheen","match","correct","colour","alishbajav","introduct","msw","logo","quiz","sr03039","math","numb","stori","tippydo21","commun","contact","featur","home","oemb","api","price","plan","privaci","notic","school","plan","term","catal","cebuano","tina","dansk","deutsch","eesti","keel","english","espa","ol","fran","ai","hrvatski","indonesia","italiano","latvian","lietuvi","magyar","melayu","nederland","norsk","polski","portugu","rom","sloven","ina","sloven","ina","srpski","suomi","svenska","tagalog","rk","vietnames","continu","edit","home","featur","contact","price","plan","log","sign","languag","easi","creat","teach","resourc","easi","find","templat","exampl","commun","custom","activ","classroom","quiz","match","up","word","game"],"headings":["wordwal","creat","lesson","quick","fresh","teach","resourc","fit","class","teach","style","creat","custom","pack","interact","printabl","activ","minut"],"url":"https://wordwall.net","previewTitle":"Wordwall | Create better lessons quicker","preview":"Need a fresh teaching resource that fits your class and teaching style? Create a customized pack of interactive and printable activities in just one minute.","forwardLinks":[]}