{"doc":["market","real","time","verifi","contact","info","recruit","sale","profession","market","person","work","contact","email","real","time","mode","displai","contact","detail","screen","verifi","3rd","parti","verif","tool","have","job","tool","signalhir","user","seek","email","bulk","1000","peopl","time","find","email","1000x","fast","signalhir","equip","power","search","filter","find","email","address","person","titl","locat","find","verifi","datum","email","phone","number","social","profil","linkedin","facebook","twitter","github","meetup","dribbl","gmail","xing","quora","websit","web","assign","individu","job","click","identifi","custom","datum","drive","insight","bui","signal","reveal","compani","readi","bui","sourc","ideal","candid","recruit","databas","fuel","class","busi","contact","datum","love","servic","abil","find","profession","email","address","phone","number","signalhir","repres","help","respons","setup","program","custom","servic","question","highli","recommend","signalhir","ey","sourc","team","love","user","friendli","high","accuraci","mobil","number","person","email","address","retriev","good","custom","servic","signal","hire","help","good","good","product","gain","quick","access","contact","inform","type","app","signalhir","provid","accur","inform","importantli","great","support","team","great","linkedin","hack","expens","lead","gener","option","custom","success","team","suuuuper","help","gener","patient","compar","apollo","lusha","rocketreach","uplead","clear","signalhir","consist","help","commun","start","rais","momentum","2x","phone","cell","reach","obscur","ceo","easi","pull","social","medium","link","candid","great","support","custom","friendli","rep","connect","person","world","larg","accur","databas","email","phone","number","hit","rate","85","datum","accuraci","95","signalhir","email","finder","market","browser","extens","quickli","find","relev","email","websit","internet","signalhir","browser","extens","chrome","firefox","web","store","integr","zoho","recruit","extens","enrich","candid","profil","direct","email","phone","number","export","linkedin","facebook","twitter","github","zoho","recruit","account","extens","instal","connect","zoho","recruit","account","instantli","find","contact","info","candid","export","candid","profil","contact","profil","automat","creat","match","exist","field","zoho","account","manual","creat","copi","past","info","anymor","extens","work","chrome","firefox","browser","signalhir","email","finder","find","person","busi","email","web","match","real","peopl","email","hunter","gener","busi","email","address","common","email","pattern","compani","signalhir","browser","extens","find","email","85","peopl","linkedin","click","signalhir","extens","find","verifi","datum","real","time","exclud","outdat","irrelev","invalid","inform","provid","accuraci","email","95","bounc","rate","contact","support","signalhir","give","call","650","918","5895","verifi","email","find","email","address","bulk","find","email","posit","locat","free","extens","websit","web","sale","recruit","featur","solut","peopl","search","nichola","deagostino","misti","malonzo","denni","huet","andrew","hair","david","dickei","kater","danford","amit","babbar","signalhir","databas","browser","extens","api","integr","recruit","divers","sale","make","sale","easi","sign","sign","start","free","trial","instal","chrome","extens","sale","solut","recruit","solut","question","databas","browser","extens","signalhir","api","email","finder","hire","job","blog","knowledg","base","job","descript","interview","question","compani","directori","peopl","directori","email","find","tool","find","resum","linkedin","email","finder","bulk","email","finder","find","linkedin","profil","email","scholarship","term","privaci","polici","profil","opt","sell","person","inform","650","918","5895","support","signalhir","facebook","twitter","top","read","signalhir","featuresdatabasebrows","recruit","divers","sale","make","sale","easi","marketingcom","price","compani","profil","sign","signalhir","busi","email","address","instal","browser","extens","run","extens","websit","internet","find","email","address","person","find","valid","email","phone","number","custom","signalhir","email","finder","possibl","solut","common","question","answer","signalhir","email","finder","integr","partner"],"headings":["find","email","address","phone","number","signalhir","signalhir","email","phone","numb","finder","recruit","sale","market","softwar","help","contact","talent","lead"],"url":"https://signalhire.com","previewTitle":"Find Email Addresses & Phone Numbers by Name | SignalHire","preview":"Use SignalHire email & phone number finder for your recruitment, sales or marketing needs. Our software helps you contact the best talents and leads.","forwardLinks":["https://www.facebook.com","https://twitter.com"]}