{"doc":["boston","univers","alumnu","magazin","new","opinion","commun","pioneer","research","boston","univers","commenc","2024","bu","athlet","bu","hub","give","admiss","academ","research","global","campu","life","bu","sundai","19","pm","bu","employe","commenc","famili","affair","senior","advic","year","advic","class","2024","class","2024","chobanian","avedisian","school","medicin","graduat","urg","changemak","bu","commenc","student","speaker","proud","changemak","anthoni","hollenberg","name","presid","boston","medic","center","resourc","univers","public","resourc","resourc","skip","main","content","boston","univers","give","search","search","boston","univers","st0","fill","ffffff","give","st0","fill","ffffff","contact","inform","brand","mark","svg","bostonia","bostonia","fill","3c333b","bostonia","brand","mark","svg","bu_todai","bu","fill","cb2026","brand","mark","svg","bu_todai","todai","fill","018fb5","bu","todai","brand","mark","svg","the_brink","fill","cb2026","brand","mark","svg","the_brink","brink","fill","0c2537","brink","public","learn","brand","mark","svg","bu_todai","bu","fill","cb2026","brand","mark","svg","bu_todai","todai","fill","018fb5","bu","todai","class","2024","chobanian","avedisian","school","medicin","graduat","urg","changemak","bu","commenc","student","speaker","proud","changemak","anthoni","hollenberg","name","presid","boston","medic","center","bu","employe","commenc","famili","affair","senior","advic","year","advic","class","2024","bu","athlet","bu","hub","give","bu","equal","opportun","affirm","action","polici","2024","truste","boston","univers","privaci","statement","access","boston","univers","admiss","academ","research","give","search","admiss","undergradu","graduat","intern","transfer","financi","aid","extend","ed","undergradu","graduat","intern","transfer","financi","aid","extend","ed","academ","school","colleg","medic","campu","degre","program","bulletin","catalog","summer","term","digit","learn","school","colleg","medic","campu","degre","program","bulletin","catalog","summer","term","digit","learn","research","center","institut","librari","research","support","award","fund","undergrad","center","institut","librari","research","support","award","fund","undergrad","global","global","ident","studi","studi","research","program","support","global","ident","studi","studi","research","program","support","campu","life","student","life","calendar","art","athlet","fitrec","center","aggani","arena","barn","nobl","bu","sustain","student","life","calendar","art","athlet","fitrec","center","aggani","arena","barn","nobl","bu","sustain","bu","truste","administr","divers","inclus","employ","technolog","public","relat","senior","divers","offic","offic","truste","administr","divers","inclus","employ","technolog","public","relat","senior","divers","offic","offic","mybu","student","portal","faculti","staff","parent","alumnu","friend","brand","mark","svg","bostonia","bostonia","fill","3c333b","bostonia","boston","univers","alumnu","magazin","brand","mark","svg","bu_todai","bu","fill","cb2026","brand","mark","svg","bu_todai","todai","fill","018fb5","bu","todai","new","opinion","commun","brand","mark","svg","the_brink","fill","cb2026","brand","mark","svg","the_brink","brink","fill","0c2537","brink","pioneer","research","boston","univers","mybu","student","portal","faculti","staff","parent","alumnu","friend","commenc","2024","class","2024","chobanian","avedisian","school","medicin","graduat","urg","changemak","commenc","2024","bu","commenc","student","speaker","proud","changemak","univers","new","anthoni","hollenberg","name","presid","boston","medic","center","bu","athlet","commit","integr","sportsmanship","bu","hub","gener","educ","interconnect","world","give","support","student","research","servic","mybu","student","portal","faculti","staff","parent","alumnu","friend","twitter","facebook","youtub","link"],"headings":["homepag","boston","universitybostoniabu","todayth","brinkbu","todaybu","todaybu","todaybu","todai","boston","univers","lead","privat","research","institut","primari","campu","heart","boston","program","world"],"url":"https://bu.edu","previewTitle":"Homepage | Boston UniversityBostoniaBU TodayThe BrinkBU TodayBU TodayBU TodayBU Today","preview":"Boston University is a leading private research institution with two primary campuses in the heart of Boston and programs around the world.","forwardLinks":[]}