{"doc":["sell","zazzl","shop","cart","shop","explor","life","moment","custom","wed","birthdai","babi","shower","person","gift","father","dai","top","deal","con","grad","ulat","celebr","class","2024","shop","save","50","card","invit","detail","free","ship","zazzl","membership","zazzl","sell","zazzl","shop","cart","shop","explor","life","moment","custom","user","agreement","privaci","notic","commun","guidelin","access","corpor","respons","press","sell","zazzl","account","commun","guidelin","track","order","return","polici","sitemap","career","zazzl","idea","refer","friend","student","discount","content","filter"],"headings":["zazzl","person","custom","gift","instant","downloadszazzl","zazzl","celebr","life","moment","join","worldwid","commun","creat","person","gift","custom","product","instant","download","art","product","zazzl"],"url":"https://zazzle.com","previewTitle":"Zazzle | Personalized Custom Gifts & Instant DownloadsZazzle","preview":"Zazzle Celebrates Life’s Moments! Join a worldwide community to create personalized gifts, custom products & instant downloads.","forwardLinks":[]}