{"doc":["free","host","free","host","free","webspac","free","websit","builder","signup","free","host","000space","signup","free","host","pai","month","receiv","free","info","domain","to","privaci","polici","cpanel","login","sponsor","free","host","free","host","free","webspac","5500","mb","disk","space","vista","panel","webmail","200","gb","monthli","transfer","50","park","domain","pop","email","account","50","mysql","databas","automat","script","instal","password","protect","folder","50","add","domain","ftp","account","phpmyadmin","50","domain","browser","file","manag","cluster","server","curl","fsockopen","enabl","sendmail","enabl","instant","account","activ","000space","free","web","host","offer","110mb","replac","tripod","free","host","replac","popular","free","host","don","plan","discontinu","featur","free","host","servic","offer","mysql","big","free","host","don","anymor","ftp","free","host","anymor","50","time","disk","space","free","webhost","20","time","bandwidth","free","webspac","provid","free","websit","builder","user","ad","free","host","offer","full","domain","manag","dn","record","manag","compar","000space","free","host","popular","free","host","drastic","downgrad","free","host","packag","000space","popular","free","host","500","megabyt","space","110","megabyt","space","200","000","megabyt","bandwidth","10","000","megabyt","bandwidth","htaccess","allow","free","htaccess","allow","safe","mode","safe","mode","free","php","socket","curl","enabl","free","php","socket","curl","enabl","50","free","add","park","domain","free","add","park","domain","50","free","domain","free","domain","50","free","mysql","databas","free","mysql","databas","free","phpmyadmin","free","phpmyadmin","free","php","free","php","free","slow","mysql","queri","analyz","free","slow","mysql","queri","analyz","free","php","script","support","free","php","script","support","free","ftp","account","free","ftp","account","free","24","365","technic","support","free","24","365","technic","support","free","file","manag","free","file","manag","free","email","account","free","email","account","free","roundcub","webmail","free","roundcub","webmail","free","pop","imap","email","free","pop","imap","email","free","custom","mx","record","free","custom","mx","record","free","custom","cname","record","free","custom","cname","record","free","traffic","disk","mysql","statist","free","traffic","disk","mysql","statist","free","fantastico","type","instal","free","fantastico","type","instal","free","network","tool","free","network","tool","free","video","tutori","free","video","tutori","signup","free","host","pai","month","receiv","free","info","domain","copyright","2009","000space","right","reserv","to","privaci","polici","cpanel","login","abus","contact","instruct","list","to","custom","support","open","ticket","cpanel","000space","popular","free","host","500","megabyt","space","110","megabyt","space","200","000","megabyt","bandwidth","10","000","megabyt","bandwidth","htaccess","allow","free","htaccess","allow","safe","mode","safe","mode","free","php","socket","curl","enabl","free","php","socket","curl","enabl","50","free","add","park","domain","free","add","park","domain","50","free","domain","free","domain","50","free","mysql","databas","free","mysql","databas","free","phpmyadmin","free","phpmyadmin","free","php","free","php","free","slow","mysql","queri","analyz","free","slow","mysql","queri","analyz","free","php","script","support","free","php","script","support","free","ftp","account","free","ftp","account","free","24","365","technic","support","free","24","365","technic","support","free","file","manag","free","file","manag","free","email","account","free","email","account","free","roundcub","webmail","free","roundcub","webmail","free","pop","imap","email","free","pop","imap","email","free","custom","mx","record","free","custom","mx","record","free","custom","cname","record","free","custom","cname","record","free","traffic","disk","mysql","statist","free","traffic","disk","mysql","statist","free","fantastico","type","instal","free","fantastico","type","instal","free","network","tool","free","network","tool","free","video","tutori","free","video","tutori"],"headings":["free","host","000space","free","web","host","ad","websit","builder","110mb","replac","lyco","replac"],"url":"https://000space.com","previewTitle":"Free Hosting : 000SPACE","preview":"Free web hosting with no ads, website builder, 110MB replacement, Lycos replacement","forwardLinks":["http://www.free-webhosts.com","http://www.absolutely-free-hosting.com","http://www.free-webspace.org"]}