{"doc":["partnership","depositphoto","check","fresh","video","librari","full","incred","film","footag","check","alami","blog","updat","weekli","late","new","trend","stock","content","industri","2g5x726","view","connect","sign","content","idea","deliv","straight","inbox","creat","free","account","subscrib","newslett","alami","logo","trademark","alami","regist","countri","copyright","18","05","2024","alami","right","reserv","creativ","creativ","team","build","collect","suit","project","editori","home","late","new","sport","entertain","imageri","explor","video","enterpris","customis","licens","perfectli","suit","project","provid","high","re","download","bring","vision","life","video","bui","premium","4k","hd","video","confid","read","archiv","alami","archiv","deep","chronicl","promin","figur","histor","event","invent","launch","print","store","discov","icon","imag","skill","photograph","alami","print","store","expert","craftsmanship","30","dai","guarante","hassl","free","doorstep","deliveri","creat","account","lightbox","lightbox","cart","sign","creat","lightbox","imag","imag","homepag","photo","vector","illustr","360","panoram","imag","imag","categori","contributor","spotlight","video","video","homepag","video","collect","creativ","creativ","homepag","fresh","pick","editori","editori","homepag","new","live","new","sport","entertain","archiv","find","content","project","archiv","homepag","biographi","obituari","world","event","discoveri","launch","blog","blog","homepag","new","featur","spotlight","inspir","educ","galleri","enterpris","find","content","project","enterpris","homepag","educ","game","museum","trade","book","travel","tv","film","alami","api","book","demo","sell","monei","alami","contributor","page","sign","contributor","price","cowboi","core","quang","nguyen","vinh","fine","fiction","astro","tourism","emot","storytel","faceless","stock","golden","hour","global","joanna","kozinska","kudera","jon","bilou","minim","life","night","panton","pair","plant","base","food","retro","toi","salut","sister","simpl","style","edit","travel","encount","deutsch","fran","ai","italiano","career","alami","blog","sitemap","licens","price","brows","categori","enterpris","fresh","pick","video","live","new","fee","alami","api","contributor","contributor","page","contributor","contract","contributor","mobil","app","contact","faq","term","condit","copyright","complaint","right","clearanc","cooki","prefer","23","million","video","discov","spring","clean","season","visual","cr","ativ","inspir","tion","partner","late","collect","great","featur","free","account","compani","bui","alami","sell","content","support","inspir","project"],"headings":["creativ","stock","photo","video","alami","alami","divers","content","collect","find","asset","project","unrival","support","global","team","expert"],"url":"https://alamy.com","previewTitle":"Get creative with stock photos and videos from Alamy","preview":"See Alamy's diverse content collection to find the right asset for your next project and get unrivalled support from our global team of experts.","forwardLinks":[]}