{"doc":["pran","group","assist","gener","manag","dye","finish","applic","deadlin","14","mar","2024","nusaiba","pharma","applic","deadlin","16","mar","2024","appli","shortlist","share","imam","hossen","enterpris","salesman","applic","deadlin","10","mar","2024","appli","shortlist","share","bangla","german","sampreeti","bg","account","admin","offic","applic","deadlin","mar","2024","app","read","main","tag","categori","popular","post","bd","job","circular","2024","view","load","asuszenbookproduo","coloraccuraci","dellxps15","displayqu","hpspectrex360","laptop","lenovothinkpadx1carbon","macbookpro","photoedit","photographi","portabl","processingpow","storag","bangladesh","bdjob","bogura","chatgpt","chittagong","datum","entri","job","dhaka","job","graphic","design","job","circular","khulna","onlin","incom","10","onlin","job2023","11","openai","rajshahi","remot","job","10","remot","johb","remotehub","remotehub","totaljob","tutionbd","blog","gooyaabi","home","home","contact","asuszenbookproduo","coloraccuraci","dellxps15","displayqu","hpspectrex360","laptop","lenovothinkpadx1carbon","macbookpro","photoedit","photographi","portabl","processingpow","storag","bangladesh","bdjob","bogura","chatgpt","chittagong","datum","entri","job","dhaka","job","graphic","design","job","circular","khulna","onlin","incom","10","onlin","job2023","11","openai","rajshahi","remot","job","10","remot","johb","remotehub","remotehub","totaljob","tutionbd","home","contact","privaci","polici","home","home","contact","bd","job","circular","2024","follow","newyork","remot","job","mymensingh","job","barish","job","rangpur","job","10","freelanc","site","work","independ","profit","chatgpt"],"headings":["bd","job","circular","2024","bd","job","circular","2024","bd","govern","job","circular","2024","admiss","job","bdjob","bdjob2024","onlin","job2024","bd","job","circular","onlin","onlin","job","circular","2024"],"url":"https://004movie.blogspot.com","previewTitle":"BD Job circular 2024","preview":"Bd job circular 2024,bd government job circular 2024,admission, job,bdjobs,bdjob2024,online job2024,Bd job circular online, online job circular 2024,","forwardLinks":[]}