{"doc":[],"headings":["789bet","link","trang","ch","789b","trui","admin","789bet","gmail","789bet","link","nh","khi","kh","ng","trui","trang","ch","789bet","789bet","nh","uy","ng","ch","nhi","game","tham","gia","ng","tr","nghi","ng","789bet"],"url":"https://0044789.com","previewTitle":"789BET link trang chủ 789b.com","preview":"Hãy truy câp admin@789bet.com gmail 789BET để lấy link mới nhất khi không truy cập vào trang chủ 789BET.789BET nhà cái uy tín hàng đầu châu á,nhiều tựa game hấp dẫn hãy tham gia Đăng ký và trải nghiệm cùng 789BET nào","forwardLinks":[]}