{"doc":["enter","email","receiv","notif","email","address","follow","menu","skip","content","12","2024","12","2024","steve","2024","steve","2024","2024","steve","22","april","2024","22","april","2024","steve","14","april","2024","steve","april","2024","april","2024","steve","31","march","2024","steve","24","march","2024","21","march","2024","steve","17","march","2024","steve","march","2024","march","2024","steve","old","post","009","3d","print","baseboard","build","coach","electr","exhibit","layout","layout","apadob","layout","bahnchen","layout","boxomis","layout","granta","vallei","railwai","layout","thoma","son","locomot","miscellan","model","o9","peopl","real","railwai","sceneri","track","wagon","blog","wordpress","steve","narrow","gaug","adventur","blog","wordpress","subscrib","subscrib","steve","narrow","gaug","adventur","log","steve","narrow","gaug","adventur","custom","subscrib","subscrib","report","content","view","site","reader","manag","subscript","blog","apadob","thoma","son","granta","vallei","railwai","link","contact","009","108","3d","print","baseboard","32","build","44","coach","21","electr","28","exhibit","76","layout","37","layout","apadob","40","layout","bahnchen","11","layout","boxomis","38","layout","granta","vallei","railwai","50","layout","thoma","son","102","locomot","86","miscellan","82","model","11","o9","175","peopl","13","real","railwai","57","sceneri","66","track","20","wagon","63","subscrib","subscrib","steve","narrow","gaug","adventur","join","160","subscrib","sign","wordpress","account","log","steve","narrow","gaug","adventur","wordpress","account","log","steve","narrow","gaug","adventur","custom","subscrib","subscrib","sign","log","report","content","view","site","reader","manag","subscript","collaps","bar","steve","narrow","gaug","adventur","custom","subscrib","subscrib","sign","log","report","content","view","site","reader","manag","subscript","collaps","bar","steve","narrow","gaug","adventur","model","narrow","gaug","railwai","o9","009","visit","exhibit","real","railwai","boxomis","platform","progress","bahnchen","pleasur","project","video","month","beccl","exhibit","bahnchen","dii","stock","box","bahnchen","roll","stock","egger","bash","bahnchen","sky","bush","tree","bahnchen","roll","stock","bahnchen","paint","rock","face","march","model","railwai","exhibit","2024","post","navig","post","topic","follow","blog"],"headings":["steve","narrow","gaug","adventur","model","narrow","gaug","railwai","o9","009","visit","exhibit","real","railwai","model","narrow","gaug","railwai","o9","009","visit","exhibit","real","railwai"],"url":"https://009adventure.blog","previewTitle":"Steve's Narrow Gauge Adventure – Models of narrow gauge railways in O9 and 009, plus visits to exhibitions and real railways","preview":"Models of narrow gauge railways in O9 and 009, plus visits to exhibitions and real railways","forwardLinks":["https://009adventure.wordpress.com","https://wordpress.com"]}