{"doc":["window","gadget","version","releas","note","join","telegram","project","blog","contact","releas","note","inform","donat","inform","donat","datenschutzbestimmungen","show","weather","citi","choic","design","languag","celsiu","fahrenheit","kmh","mph","12h","24h","sunris","sunset","free","gadget","window","design","english","dutch","german","free","gadget","window","kritik","kreml","ist","ein","staatlich","erzwungen","selbstmord","auf","zeit","http","www","tagesschau","de","eilmeldung","eilmeldung","7664","html","lauf","morgen","15","mai","2024","run","distanc","1mi","elev","gain","22ft","move","time","00","28","25","pace","13","40","mi","weather","wordclock","thread","strava"],"headings":["00ff00","mit","lieb","zum","internet","mit","lieb","zum","internet","pat","download","gadget","window","gadget","weather","mein","wet","weblog","blog"],"url":"https://00ff00.de","previewTitle":"00ff00 - Mit Liebe zum Internet","preview":"Mit Liebe zum Internet","forwardLinks":[]}