{"doc":["2024","bacic","medium","group","llc","right","reserv","privaci","polici","60","spec","st0","fill","url","st1","fill","ffffff","st2","fill","url","st3","fill","url","st4","fill","url","st5","fill","e40613","st6","fill","url","st7","fill","url","st8","fill","url","st9","fill","url","st10","fill","url","st11","fill","d30000","acura","alfa","romeo","aston","martin","audi","bentlei","bmw","bugatti","buick","cadillac","chevrolet","chrysler","dodg","ferrari","fiat","ford","genesi","gmc","honda","hummer","hyundai","infin","jaguar","jeep","kia","lamborghini","land","rover","lexu","lincoln","lotu","lucid","maserati","mazda","mclaren","merced","amg","merced","benz","merced","eq","merced","maybach","mini","mitsubishi","nissan","polestar","pontiac","porsch","ram","rivian","roll","royc","scion","smart","subaru","tesla","toyota","volkswagen","volvo","60","time","car","comparison","login","regist","acura","alfa","romeo","aston","martin","audi","bentlei","bmw","bugatti","buick","cadillac","chevrolet","chrysler","dodg","ferrari","fiat","ford","genesi","gmc","honda","hummer","hyundai","infin","jaguar","jeep","kia","lamborghini","land","rover","lexu","lincoln","lotu","lucid","maserati","mazda","mclaren","merced","amg","merced","benz","merced","eq","merced","maybach","mini","mitsubishi","nissan","polestar","pontiac","porsch","ram","rivian","roll","royc","scion","smart","subaru","tesla","toyota","volkswagen","volvo","gener","ariel","caterham","datsun","delorean","de","tomaso","dino","fisker","gm","karma","koenigsegg","ktm","maybach","morgan","mosler","nobl","pagani","panoz","plymouth","polari","qvale","saleen","shelbi","toyopet","ultima","vector","top","10","fast","60","car","acceler","top","10","fast","60","modifi","car","acceler","top","10","fast","60","suv","truck","acceler","top","10","fast","door","sedan","world","top","speed","top","15","fast","car","world","top","15","fast","suv","world","top","speed","top","25","electr","car","rang","world","top","25","fast","car","quarter","mile","world","top","25","fast","modifi","car","quarter","mile","world","top","25","fast","suv","truck","quarter","mile","world","top","25","expens","car","world","top","pickup","truck","tow","world","top","suv","tow","world","acura","alfa","romeo","aston","martin","audi","bmw","bentlei","bugatti","buick","cadillac","chevrolet","chrysler","dodg","ferrari","fiat","ford","gmc","genesi","honda","hummer","hyundai","infin","jaguar","jeep","kia","lamborghini","land","rover","lexu","lincoln","lotu","lucid","mini","maserati","mazda","mclaren","merced","amg","merced","benz","merced","eq","merced","maybach","mitsubishi","nissan","polestar","pontiac","porsch","ram","rivian","roll","royc","scion","smart","subaru","tesla","toyota","volkswagen","volvo","privaci","polici","acura","alfa","romeo","aston","martin","audi","bentlei","bmw","bugatti","buick","cadillac","chevrolet","chrysler","dodg","ferrari","fiat","ford","genesi","gmc","honda","hummer","hyundai","infin","jaguar","jeep","kia","lamborghini","land","rover","lexu","lincoln","lotu","lucid","maserati","mazda","mclaren","merced","amg","merced","benz","merced","eq","merced","maybach","mini","mitsubishi","nissan","polestar","pontiac","porsch","ram","rivian","roll","royc","scion","smart","subaru","tesla","toyota","volkswagen","volvo","gener","ariel","caterham","datsun","delorean","de","tomaso","dino","fisker","gm","karma","koenigsegg","ktm","maybach","morgan","mosler","nobl","pagani","panoz","plymouth","polari","qvale","saleen","shelbi","toyopet","ultima","vector","top","10","fast","60","car","acceler","top","10","fast","60","modifi","car","acceler","top","10","fast","60","suv","truck","acceler","top","10","fast","door","sedan","world","top","speed","top","15","fast","car","world","top","15","fast","suv","world","top","speed","top","25","electr","car","rang","world","top","25","fast","car","quarter","mile","world","top","25","fast","modifi","car","quarter","mile","world","top","25","fast","suv","truck","quarter","mile","world","top","25","expens","car","world","top","pickup","truck","tow","world","top","suv","tow","world","popular","top","list","footer"],"headings":["60","spec","60","quarter","mile","time","car","perform","spec","view","accur","60","time","mile","time","perform","spec","popular","car","magazin","sourc","vast","databas"],"url":"https://0-60specs.com","previewTitle":"0-60 Specs - 0 to 60 & Quarter Mile Times Car Performance Specs","preview":"View the most accurate 0-60 times, 1/4 mile times, and other performance specs from the most popular car magazine sources in our vast database.","forwardLinks":[]}