{"doc":["creat","websit","free","domain","breez","platform","lack","programm","skill","worri","have","design","easi","interfac","ensur","simplic","step","enjoi","simplic","websit","build","hassl","complex","modif","top","benefit","complimentari","free","domain","includ","option","concis","domain","attract","wealth","prospect","build","onlin","presenc","straightforward","free","websit","serv","valuabl","tool","individu","small","busi","establish","onlin","presenc","incur","financi","cost","aspir","blogger","entrepreneur","test","busi","idea","artist","showcas","work","free","websit","share","inform","connect","wide","audienc","promot","passion","busi","upfront","expens","domain","registr","host","fee","cost","effect","dip","toe","digit","world","allow","build","credibl","reach","potenti","custom","express","creativ","burden","financi","invest","natur","short","domain","websit","facilit","memori","enhanc","onlin","distinct","choos","short","domain","visitor","easili","rememb","websit","address","make","access","effect","digit","market","choos","domain","clear","easi","rememb","enhanc","visitor","continu","site","contribut","build","strong","digit","ident","project","internet","host","domain","system","seo","refer","visitor","amina","el","khattabi","pleasantli","surpris","servic","offer","free","domain","beauti","fulli","function","websit","setup","breez","support","team","fantast","highli","recommend","michael","free","domain","websit","game","changer","establish","onlin","presenc","process","straightforward","templat","impress","big","thumb","moham","abdelaziz","bouhaddi","tight","budget","godsend","secur","free","domain","websit","blog","templat","modern","profession","support","team","quick","question","samira","ben","salah","free","domain","websit","hide","fee","perfect","person","project","small","busi","websit","builder","user","friendli","site","run","time","2024","websit","builder","right","reserv","creat","ma","free","domain","creat","websit","todai","custom","review","host","includ","track","visitor","easi","widget","integr","optim","seo","site","visibl","medium","support","dispos","regist","english","home","regist","login","popular","site","contact","english","arab","francai","espagnol","english","deutschland","arab","francai","espagnol","english","deutschland","home","contact","login","regist","term","popular","site","free","domain","free","websit","141715","peopl","creat","site","ma","check","avail","domain","creat","websit","free","domain","free","web","site","short","domain"],"headings":["free","domain","websit","creat","free","websit","fast","free","domain","ab","01","lb","hb","tw","mx","free","web","host","redirect","heberg","blog","redirect","gratuit","redirect","gratuit","san","pub","nom","de","domain","nom","de","domain","gratuit","tw","ma","ab","ma","ma","01","ma"],"url":"https://01.ma","previewTitle":"Free Domain Name And website","preview":"Create a free website faster with free domain name me,ab,01,lb,hb,tw,mx and free web hosting","forwardLinks":[]}