{"doc":["18","year","old","content","store","young","audienc","old","brand","design","motiv","athlet","activ","peopl","push","everydai","limit","achiev","goal","order","version","offer","high","qualiti","wear","comfort","compromis","style","25","purchas","item","genesi","collect","code","set","checkout","overs","fit","drop","shoulder","uniqu","detail","waredrob","send","omasaroclo","drop","collect","special","offer","exclus","sale","arriv","straight","mail","skip","content","home","product","top","bottom","log","search","item","home","product","top","bottom","log","search","cart","shop","img","class","grid","product__imag","lazyload","src","www","omasaro","au","cdn","shop","product","dsc07487","1_400x","jpg","1671455933","alt","product","slider","flickiti","enabl","datum","7424383287471","anim","durat","8100m","tokyo","drift","vintag","graphic","shirt","65","95","img","class","grid","product__imag","lazyload","src","www","omasaro","au","cdn","shop","product","dsc07480_400x","jpg","1680844893","alt","product","slider","flickiti","enabl","datum","7420245442735","anim","durat","10800m","tokyo","street","vintag","graphic","shirt","65","95","img","class","grid","product__imag","lazyload","src","www","omasaro","au","cdn","shop","product","dsc07511","1_400x","jpg","1671456607","alt","product","slider","flickiti","enabl","datum","7420252651695","anim","durat","8100m","tokyo","futurist","vintag","graphic","shirt","65","95","shop","sweater","img","class","grid","product__imag","lazyload","src","www","omasaro","au","cdn","shop","product","dsc06813","1_400x","jpg","1678592201","alt","product","slider","flickiti","enabl","datum","7330422554799","anim","durat","6750m","385","overs","sweater","wash","blue","79","95","img","class","grid","product__imag","lazyload","src","www","omasaro","au","cdn","shop","product","dsc06975","3_sotires_11_400x","jpg","1678595612","alt","product","slider","flickiti","enabl","datum","7336203976879","anim","durat","6750m","385","relax","jogger","wash","blue","79","95","img","class","grid","product__imag","lazyload","src","www","omasaro","au","cdn","shop","product","dsc06880","2_400x","jpg","1678245125","alt","product","slider","flickiti","enabl","datum","7330444574895","anim","durat","9450m","385","overs","sweater","acid","wash","79","95","img","class","grid","product__imag","lazyload","src","www","omasaro","au","cdn","shop","product","dsc06784_clean","more_400x","jpg","1662806737","alt","product","slider","flickiti","enabl","datum","7336083357871","anim","durat","9450m","385","relax","jogger","acid","wash","79","95","img","class","grid","product__imag","lazyload","src","www","omasaro","au","cdn","shop","product","dsc06872","1_cleaned_400x","jpg","1660123943","alt","product","slider","flickiti","enabl","datum","7330433564847","anim","durat","9450m","385","overs","sweater","full","black","74","95","img","class","grid","product__imag","lazyload","src","www","omasaro","au","cdn","shop","product","dsc06975","3_sotires_06_400x","jpg","1678594415","alt","product","slider","flickiti","enabl","datum","7336207548591","anim","durat","10800m","385","relax","jogger","full","black","74","95","land","island","eur","andorra","eur","australia","aud","austria","eur","belgium","eur","canada","cad","croatia","eur","cypru","eur","estonia","eur","finland","eur","franc","eur","germani","eur","greec","eur","guadeloup","eur","ireland","eur","itali","eur","japan","jpy","kosovo","eur","latvia","eur","liechtenstein","chf","chf","lithuania","eur","luxembourg","eur","malta","eur","mayott","eur","monaco","eur","montenegro","eur","netherland","eur","zealand","nzd","norwai","eur","portug","eur","union","eur","san","marino","eur","slovakia","eur","slovenia","eur","spain","eur","svalbard","jan","mayen","eur","switzerland","chf","chf","unit","kingdom","gbp","unit","state","usd","vatican","citi","eur","instagram","facebook","pinterest","home","product","top","bottom","log","search","home","product","top","bottom","land","island","eur","andorra","eur","australia","aud","austria","eur","belgium","eur","canada","cad","croatia","eur","cypru","eur","estonia","eur","finland","eur","franc","eur","germani","eur","greec","eur","guadeloup","eur","ireland","eur","itali","eur","japan","jpy","kosovo","eur","latvia","eur","liechtenstein","chf","chf","lithuania","eur","luxembourg","eur","malta","eur","mayott","eur","monaco","eur","montenegro","eur","netherland","eur","zealand","nzd","norwai","eur","portug","eur","union","eur","san","marino","eur","slovakia","eur","slovenia","eur","spain","eur","svalbard","jan","mayen","eur","switzerland","chf","chf","unit","kingdom","gbp","unit","state","usd","vatican","citi","eur","instagram","facebook","pinterest","home","page","privaci","polici","return","refund","polici","ship","polici","term","servic","contact","masaro","confirm","ag","old","stock","design","athlet","tokyo","collect","complet","set","25","genesi","social","currenc"],"headings":["masaro","fit","lifestyl","cloth","masaro","masaro","offer","high","qualiti","gym","fit","lifestyl","wear","comfort","compromis","style","free","ship","australia","wide","express","intern","ship"],"url":"https://0-majestic.myshopify.com","previewTitle":"O'Masaro | Fitness and Lifestyle clothing\n– 0'Masaro\n","preview":"O'Masaro | Offering high quality gym, fitness, and lifestyle wear as well as comfort without compromising on style. Free shipping Australia wide. Express international shipping.","forwardLinks":["https://www.instagram.com","https://www.facebook.com","https://www.pinterest.com.au"]}