{"doc":["learn","jame","bond","lifestyl","explor","rich","histori","007","exot","bond","girl","deviou","villain","fast","car","25","film","50","year","franchis","complet","list","jame","bond","car","humbl","sunbeam","alpin","dr","beauti","aston","martin","db5","skyfal","learn","icon","bond","car","place","complet","list","jame","bond","girl","honei","ryder","dr","rine","skyfal","learn","icon","bond","girl","place","list","top","10","bond","villain","henchman","icon","oddjob","larg","life","jaw","menac","le","chiffr","dr","evil","complet","list","offici","jame","bond","film","begin","sean","conneri","georg","lazenbi","roger","moor","timothi","dalton","pierc","brosnan","daniel","craig","complet","histori","actor","plai","jame","bond","film","radio","tv","barri","nelson","sean","conneri","daniel","craig","list","bond","top","10","memor","tens","close","shave","narrowli","escap","death","explos","fire","crocodil","laser","belveder","vodka","premium","vodka","differ","offici","vodka","brand","jame","bond","upcom","film","spectr","exclus","gentleman","club","knightsbridg","london","presid","belveder","vodka","charl","gibb","head","mixolog","clair","smith","discuss","partnership","talk","evolut","martini","relationship","jame","bond","jame","bond","give","martini","glamor","reput","gin","stir","bond","influenc","popular","cultur","creat","shift","vodka","martini","shake","stir","belveder","presid","charl","gibb","jame","bond","recogn","admir","influenti","tastemak","world","delight","belveder","partner","spectr","larg","global","partnership","date","continu","read","new","item","todai","interview","comic","writer","artist","josh","edelglass","publish","hilari","seri","comic","parodi","skyfal","jame","bond","seri","part","project","motion","pictur","comic","josh","aptli","describ","boi","robot","mysteri","gain","power","jump","movi","hilar","ensu","bite","motion","pictur","comic","idea","man","robot","morph","film","make","fun","motion","pictur","lot","permut","colleg","draw","daili","polit","cartoon","school","paper","graduat","start","contact","syndic","didn","luck","polit","cartoon","nice","respons","peopl","idea","great","need","idea","continu","read","new","item","50th","anniversari","jame","bond","bring","wealth","public","focu","exclus","skyfal","opportun","give","deep","retrospect","entir","seri","book","jame","bond","50","year","movi","poster","publish","septemb","3rd","dk","kind","send","copi","review","50","year","order","chronolog","chapter","cover","film","dr","skyfal","text","light","90","space","pure","poster","film","introduct","poster","short","comment","piec","trivium","poster","galor","lot","time","effort","spend","layout","minim","wast","space","high","resolut","portrait","poster","typic","full","page","landscap","poster","hand","page","spread","page","mix","small","lobbi","card","odd","shape","foreign","poster","continu","read","new","item","full","minut","trailer","releas","skyfal","final","version","film","open","dai","octob","26th","trailer","segment","earli","teaser","trailer","includ","previous","unseen","footag","skyfal","direct","bond","newcom","sam","mend","featur","spanish","actor","javier","bardem","villain","raoul","silva","mi6","agent","seek","reveng","servic","star","stud","cast","includ","ralph","fienn","mallori","naomi","harri","ev","albert","finnei","kincad","nice","marloh","rine","earli","critic","prais","specul","skyfal","007","film","bring","billion","box","offic","continu","read","new","item","press","review","skyfal","result","glow","exclus","medium","preview","hold","yesterdai","fridai","12th","octob","eon","product","garner","1600","report","independ","director","sam","mend","basic","chase","stunt","fight","time","subtli","invent","franchis","throw","great","depth","character","accustom","mention","disappoint","quantum","solac","skyfal","bond","memori","ag","50","sign","bond","finish","continu","read","new","item","old","new","copyright","007jame","2004","2024","term","privaci","polici","contact","jame","bond","car","bond","girl","bond","villain","jame","bond","movi","jame","bond","actor","close","shave","drink","vodka","belveder","vodka","interview","skyfal","comic","artist","josh","edelglass","book","review","jame","bond","50","year","movi","poster","skyfal","full","theatric","trailer","press","review","preview","skyfal","popular","articl","follow","cast","motion","pictur","comic","dr","skyfal","skyfal","sam","mend","old","new","term","privaci","polici","contact","list","top","10","charact","cast","actor","actress","actor","actress","gadget","movi","quot","articl","crow","locat","articl","crow","locat","bond","death","experi","top","10","jame","bond","theme","song","top","10","jame","bond","villain","list","jame","bond","car","jame","bond","007","explor","essenti","jame","bond","new"],"headings":["jame","bond","007","site","bond","jame","bond","learn","jame","bond","lifestyl","explor","rich","histori","007","exot","bond","girl","deviou","villain","fast","car","24","film","50","year","franchis"],"url":"https://007james.com","previewTitle":"James Bond 007 - The Site's Bond, James Bond","preview":"Learn about the James Bond lifestyle and explore the rich history of 007: the exotic Bond girls, the devious villains, the fast cars and the 24 films from the 50 year old franchise.","forwardLinks":[]}