{"doc":["2024","120","pe","spc","spc","ccrc","10","98","app","1314","iso7089","12","1l","500","k45","12","k45","12","k45","no12","2024","2024","2024","pe","pom","fg2025","25","app","3d","pet","eva","pa","pp","pc","ptfe","ppo","pom","pbt","pmma","pu","pe","lcp","peek","pei","petg","pfa","pi","poe","ppe","pvdf","sp","ae","asa","ca","cab","coc","cpe","cpvc","cap","eaa","eba","eea","ema","ep","evoh","fep","lmdpe","pvc","ps","pp","pe","ab","pa","pc","pet","ppo","pp","ep","eva","pp","pe","pc","ppr","pvc","pa","pmma","ab","pu","ic","pcb","pcb","ffc","fpc","vga","usb","ic","pin","ic","lead","lcd","pcb","ic","pcr","ph","pvc","uv","cd","mp3","mp4","fm","bopp","pet","opp","pe","pvc","ep","pu","app","app","plc","007","icp","20012089","44030702003738","007","app","3d","pet","eva","pa","pp","pc","ptfe","ppo","pom","pbt","pmma","pu","pe","lcp","peek","pei","petg","pfa","pi","poe","ppe","pvdf","sp","ae","asa","ca","cab","coc","cpe","cpvc","cap","eaa","eba","eea","ema","ep","evoh","fep","lmdpe","pvc","ps","pp","pe","ab","pa","pc","pet","ppo","pp","ep","eva","pp","pe","pc","ppr","pvc","pa","pmma","ab","pu","ic","pcb","pcb","ffc","fpc","vga","usb","ic","pin","ic","lead","lcd","pcb","ic","pcr","ph","pvc","uv","cd","mp3","mp4","fm","bopp","pet","opp","pe","pvc","ep","pu","app","app","plc","12","23","007","ic","b2b","b2b","114"],"headings":["007","b2b","b2b","b2b"],"url":"https://007swz.com","previewTitle":"007商务站-全球电子商务网上贸易B2B平台","preview":"全球电子商务网上贸易B2B平台，企业免费发布信息，企业采购平台","forwardLinks":[]}