{"doc":["0098sm","api","02122384937","09128613035","api","02122384937"],"headings":["sm","sm","sm","sm","sm","sm"],"url":"https://0098sms.com","previewTitle":"پنل اس ام اس  رایگان - ارسال اس ام اس - اس ام اس تبلیغاتی ","preview":"پنل اس ام اس رایگان - شماره اختصاصی رایگان - امکان ارسال و دریافت  در هر ساعت شبانه روز - بازگشت پیام های مسدود تبلیغاتی - ارسال منطقه ای ","forwardLinks":["https://telegram.me"]}