{"doc":["00","bio","free","bio","digit","busi","card","design","imag","websit","increas","numb","lead","custom","busi","start","creat","onlin","presenc","todai","click","technic","skill","requir","00","bio","free","bio","digit","busi","card","design","imag","websit","increas","numb","lead","custom","busi","start","creat","onlin","presenc","todai","click","technic","skill","requir","creat","beauti","uniqu","design","vcard","5min","creat","vcard","easili","drag","drop","order","drag","fulli","respons","devic","combabl","easili","fit","devic","multipl","templat","uniqu","design","user","choos","multipl","templat","featur","multipl","social","site","multipl","payment","gatewai","copyright","resev","00b","io","cooki","websit","give","experi","site","show","relev","ad","find","read","cooki","privaci","http","00b","io","trail","free","bio","busi","bio","elit","bio","busi","bio","annual","elit","bio","annual","00b","io","vcard","layout","free","month","month","18","year","48","year","servic","creat","dynam","uniqu","vcard","drag","drop","vcard","creator","fulli","respons","devic","combabl","dynam","templet","ad","area","00b","io","quick","link","00b","io","featur","limit","10","featur","vcard","limit","vcard","inform","limit","featur","limit","featur","vcard","limit","vcard","inform","limit","featur","limit","20","featur","vcard","limit","vcard","inform","limit","10","featur","limit","unlimit","featur","vcard","limit","vcard","inform","limit","20","featur","limit","20","featur","vcard","limit","vcard","inform","limit","10","featur","limit","unlimit","featur","vcard","limit","vcard","inform","limit","20","home","current","review","contact","english","english","creat","account","login","creat","account","preview","preview","preview","preview","preview","preview","preview","preview","preview","preview","preview","preview","preview","preview","preview","preview","preview","preview","preview","preview","preview","preview","preview","select","packag","select","packag","select","packag","select","packag","select","packag","select","packag","cooki","privaci","home","current","review","contact","english","english","home","social","site","skill","servic","resum","portfolio","blog","contact","qr","code","vcard","home","social","site","skill","servic","resum","portfolio","blog","contact","qr","code","vcard","home","social","site","skill","servic","resum","portfolio","blog","contact","qr","code","vcard","home","social","site","skill","servic","resum","portfolio","blog","contact","qr","code","vcard","home","social","site","skill","servic","resum","portfolio","blog","contact","qr","code","vcard","home","social","site","skill","servic","resum","portfolio","blog","contact","qr","code","vcard","home","contact","term","condit","00b","io","theme","choos","packag"],"headings":["00b","io","home","free","bio","digit","busi","card","design","imag","websit","increas","numb","lead","custom","busi","start","creat","onlin","presenc","todai","click","technic","skill","requir","bio","free","bio","00bio","00bio","free","portfolio","cv","free","cv","creat","qr","vcard","free","vcard"],"url":"https://00b.io","previewTitle":"00b.io | Home","preview":"free bio digital business card and a designed image website to increase the number of leads and customers in your business. That's it! Now you can start creating an online presence today by just using one click without any technical skills required.","forwardLinks":[]}