{"doc":["1000","100","200","2024","2024","2024","2024","2024","2024","2024","2024","2024","923","477","00","33","support","009","009","support","009","143402","17","iii","12","1225000071955","5024223277"],"headings":["009"],"url":"https://009.xn--p1ai","previewTitle":"Поиск лекарств в аптеках Москвы | Справочник аптек 009.рф","preview":"Официальный сайт справочной по наличию и ценам лекарств в аптеках города Москвы. Поиск минимальной цены на лекарственных средств или его аналогов в аптеках, инструкции по применению, противопоказания.","forwardLinks":[]}