{"doc":["don","wait","limit","spot","regist","learn","simpl","lead","success","don","shark","tank","idea","start","onlin","busi","focu","effort","matt","specif","step","launch","success","onlin","busi","join","000","student","find","success","start","grow","ecommerc","busi","2024","alison","princ","llc","right","reserv","privaci","polici","disclaim","student","testimoni","success","stori","guarante","result","receiv","claim","represent","join","program","earn","monei","monei","testimoni","real","experi","pai","user","100k","system","marketplac","intens","level","program","rich","quick","solut","busi","result","typic","success","vari","base","effort","educ","implement","market","forc","control","free","save","spot","save","spot","need","brilliant","idea","aka","shark","tank","idea","need","spend","ton","time","talk","time","take","fold","laundri","social","need","social","learn","girl","build","figur","busi","junior","high"],"headings":["learn","start","onlin","busi","masterclass"],"url":"https://0-100k.com","previewTitle":"Learn to Start An Online Business Masterclass","preview":"No preview available","forwardLinks":[]}