{"doc":["123movi","link","movi","seri","web","123movi","site","watch","movi","free","123movi","offer","qualiti","movi","internet","123movi","index","link","movi","internet","high","speed","stream","123movi","world","long","place","rich","afford","tech","gadget","internet","individu","own","smartphon","access","high","speed","internet","life","lot","easi","watch","movi","entertain","peopl","advantag","option","leav","present","time","platform","123movi","watch","favourit","movi","singl","roof","region","specif","content","countri","unit","kingdom","itali","canada","spain","germani","franc","australia","japan","wide","arrai","movi","choos","movi","123movi","link","present","internet","123movi","form","collect","librari","movi","present","internet","123movi","platform","doesn","search","good","qualiti","onlin","stream","movi","tv","seri","multipl","genr","action","adventur","anim","biographi","comedi","crime","documentari","drama","famili","fantasi","game","show","histori","horror","music","mysteri","new","realiti","romanc","sci","fi","tv","movi","thriller","war","watch","movi","onlin","platform","gener","troubl","subscript","tire","task","creat","account","creat","problem","123movi","long","subscript","creat","account","enjoi","watch","favourit","movi","anytim","long","laptop","smartphon","internet","simpli","choos","movi","intend","watch","friend","famili","togeth","intend","spend","cosi","date","night","partner","123movi","great","companion","movi","great","sourc","entertain","reduc","boredom","hour","stretch","123movi","intend","link","legal","video","internet","bucket","popcorn","munchi","set","great","time","multipl","websit","onlin","movi","televis","seri","stream","stand","subscript","creat","account","pick","movi","choic","start","watch","123movi","great","qualiti","video","123movi","123movi","help","qualiti","video","great","view","experi","enjoi","friend","come","ensur","great","time","watch","movi","choic","compromis","qualiti","123movi","movi","genr","doesn","matt","type","movi","enjoi","watch","123movi","sort","scroll","movi","choic","simpli","click","section","prefer","movi","movi","world","123movi","help","viewer","experi","isn","region","specif","movi","world","bring","chang","watch","type","movi","time","bring","chang","123movi","access","anytim","access","123movi","websit","watch","movi","choic","anytim","feel","choos","time","place","dai","anxious","wait","dvd","favourit","movi","releas","spend","heap","movi","ticket","watch","favourit","actor","perform","present","time","comput","devic","internet","set","great","movi","watch","experi","123movi","merit","onlin","movi","stream","123movi","time","onlin","movi","websit","download","watch","123movi","wast","time","download","movi","watch","seamlessli","onlin","save","time","doesn","wait","anxiou","excit","watch","movi","tv","seri","onlin","movi","stream","123movi","save","lot","monei","enjoi","watch","movi","free","spend","internet","necess","123movi","link","movi","present","web","form","collect","librari","turn","utilis","websit","123","movi","compat","plai","devic","comput","laptop","tablet","mobil","phone","123movi","doesn","link","4k","video","internet","conveni","watch","favourit","movi","devic","comfort","123movi","compat","browser","version","123movi","work","chrome","firefox","late","version","watch","movi","entertain","bore","exhaust","collect","lookout","onlin","stream","run","content","databas","lifetim","exhaust","123movi","add","updat","datum","watch","movi","friend","famili","bond","compar","rest","reason","fact","share","similar","interest","like","spend","lot","time","123movi","bring","great","chang","life","love","bing","watch","movi","tv","seri","123movi","store","datum","server","link","datum","web","server","util","proxi","movi","show","platform","web","costli","due","rise","energi","price","europ","win","affect","websit","perform","websit","run","net","profit","expect","price","year","continu","work","improv","websit","code","user","experi","stai","tune","updat","subscrib","123movi","mail","list","receiv","updat","movi","tv","seri","new","top","movi","123movi","watch","movi","onlin","free","download","late","movi","registr","123moviesfre","net","123movi","kind","benefit","onlin","movi","stream","123movi","save","time","123movi","save","monei","123movi","123movi","compat","devic","browser","run","entertain","123movi","123movi","bond","relationship","novemb","updat","2023","123movi","genr","page","123movi","click","home","genr","action","adventur","anim","comedi","crime","documentari","drama","famili","histori","horror","kid","realiti","music","mysteri","romanc","scienc","fiction","thriller","tv","movi","war","western","action","adventur","anim","comedi","crime","documentari","drama","famili","histori","horror","kid","realiti","music","mysteri","romanc","scienc","fiction","thriller","tv","movi","war","western","page","gomovi","fmovi","putlock","soap2dai","123movieshub","123movi","home","gomovi","fmovi","putlock","soap2dai","123movieshub","123movi","home","movi","tv","seri","top","imdb","movi","tv","seri","faq","dmca","drama","crime","comedi","famili","thriller","itali","colombia","japan","unit","state","unit","kingdom","watch","free","movi","123movi","123movi","movies123","choos","123movi"],"headings":["watch","free","movi","123movi","123movi","movies123123movi","watch","movi","onlin","free","123movi","watch","free","movi","soap2dai","fmovi","gomovi","movies123","solarmovi"],"url":"https://0123movies.ltd","previewTitle":"Watch Free Movies - 123movies | 123movie | Movies123123Movies","preview":"Watch movies online for free 123Movies. Watch free movies. Better than soap2day, fmovies, gomovies, Movies123 or solarmovies.","forwardLinks":["https://w0.movies123.la"]}