{"doc":["wikiwand","collabor","wordtun","read","summar","long","articl","focu","matter","wikiwand","lead","donor","wikimedia","foundat","pledg","give","portion","incom","wikipedia","thrive","wikiwand","free","contribut","wikipedia","aliv","wikiwand","optim","screen","size","orient","resolut","gestur","phone","tablet","laptop","chrome","firefox","top","rate","extens","give","good","wikipedia","great","donat","30","wikimedia","monei","instal","wikiwand","chrome","shape","golden","gate","bridg","mount","kilimanjaro","henri","moor","taj","mahal","malachit","birth","venu","grand","canyon","exodu","raphael","cartoon","alan","shepard","walru","home","faq","press","site","map","term","servic","privaci","polici","faq","contact","donat","instal","wikiwand","chrome","instal","wikiwand","chrome","wikipedia","world","lead","wikipedia","reader","chrome","firefox","store","instal","wikiwand","chrome","donat","30","wikipedia","wikipedia","wikiwand","tweak","read","experi","countless","wai","enjoi","wikipedia","wikipedia","font","famili","san","serif","link","color","cover","imag","fold","toc","light","dark","grei","focu","neon","warm","earth","listen","don","read","wikipedia","wikiwand","text","speech","listen","articl","dozen","languag","learn","time","power","uniqu","featur","wikiwand","featur","wish","wikipedia","autocomplet","search","text","speech","articl","bookmark","access","tabl","content","easi","languag","menu","autocomplet","search","summari","access","tabl","content","articl","bookmark","easi","languag","menu","link","hovercard","articl","snippet","short","time","skim","featur","articl","summari","support","wikipedia","superb","mobil","experi","enjoi","wikiwand"],"headings":["wikiwand","home","wikiwand","world","lead","wikipedia","reader","web","mobil"],"url":"https://wikiwand.com","previewTitle":"Wikiwand - home","preview":"Wikiwand is the world's leading Wikipedia reader for web and mobile.","forwardLinks":[]}