{"doc":["95","495","147","97","60","495","147","97","60","inf0","01beton","ru","495","147","97","60","100","150","12","200","15","250","20","300","22","350","25","400","30","450","35","100","150","12","200","15","250","20","300","22","350","25","400","30","450","35","100","150","12","200","15","250","20","300","22","350","25","400","30","450","35","100","150","12","200","15","250","20","300","22","350","25","400","30","450","35","90","18","90","22","2016","18","2016","18","2016","22","2016","18","2016","18","2016","22","2016","100","150","12","200","15","250","20","300","22","350","25","400","30","450","35","100","150","12","200","15","250","20","300","22","350","25","400","30","450","35","24","100","16","000","2000","28","17","000","2125","38","25","000","3125","46","10","12","32","000","4000","46","10","12","32","000","4000","62","12","15","53","000","6625","24"],"headings":[],"url":"https://01beton.ru","previewTitle":"Строительные материалы: продажа и доставка в Москве","preview":"Интернет-магазин по продаже строительных материалов в Москве. У нас Вы можете купить любые стройматериалы с доставкой и по низким ценам.","forwardLinks":[]}