{"doc":["064","8222","125","stanovi","ku","lokali","placevi","hitno","ekskluzivno","sni","en","cene","lux","stanovi","ku","lokali","placevi","hitno","ekskluzivno","sni","en","cene","lux","novogradnja","021","525","591","maksima","gorkog","novi","sad","ku","kod","nasipa","futog","ifra","528729","119","spratna","vi","nekretnini","226","600","ku","telep","novi","sad","ifra","528713","123","prizemna","vi","nekretnini","266","500","stanovi","ekskluzivno","centar","ija","ifra","528621","36","jednosoban","vi","nekretnini","63","600","stanovi","ekskluzivno","novogradnja","grbavica","novi","sad","ifra","528895","38","jednoiposoban","vi","nekretnini","98","660","plac","ulaz","bege","bege","ifra","528728","16","249","poljoprivredno","zemlji","te","vi","nekretnini","123","600","stanovi","sa","pdv","om","kod","instituta","sremska","kamenica","ifra","528265","140","etvorosoban","vi","nekretnini","406","850","stanovi","ekskluzivno","novo","naselj","arengrad","novi","sad","ifra","528308","53","dvosoban","vi","nekretnini","94","760","stanovi","eleznicka","stanica","novi","sad","ifra","528596","49","dvosoban","vi","nekretnini","118","450","ku","ekskluzivno","banstol","ortanovci","ifra","528666","000","spratna","vi","nekretnini","652","250","ku","biserno","ostrvo","ba","ko","gradi","te","ifra","528331","55","vikendica","vi","nekretnini","56","650","ku","ekskluzivno","centar","ba","ko","gradi","te","ifra","528594","78","prizemna","vi","nekretnini","25","750","ku","ekskluzivno","alibegovac","petrovaradin","ifra","528526","36","vikendica","vi","nekretnini","74","160","plac","vikend","naselj","bukovac","ifra","527155","027","poljoprivredno","zemlji","te","vi","nekretnini","82","400","stanovi","centar","novi","sad","ifra","528512","11","garsonjera","vi","nekretnini","42","000","lokali","nova","detelinara","novi","sad","ifra","528477","30","lokal","vi","nekretnini","73","130","ku","vikend","naselj","vrdnik","ifra","528449","148","spratna","vi","nekretnini","216","300","gara","kej","novi","sad","ifra","528448","gara","vi","nekretnini","15","500","ku","ekskluzivno","pivara","sremski","karlovci","ifra","528306","111","spratna","vi","nekretnini","137","920","plac","vikend","naselj","vrdnik","ifra","528338","729","poljoprivredno","zemlji","te","vi","nekretnini","30","900","plac","vikend","naselj","vrdnik","ifra","528337","227","poljoprivredno","zemlji","te","vi","nekretnini","30","900","stanovi","ekskluzivno","centar","ija","ifra","528621","36","jednosoban","vi","nekretnini","63","600","stanovi","ekskluzivno","novogradnja","grbavica","novi","sad","ifra","528895","38","jednoiposoban","vi","nekretnini","98","660","stanovi","ekskluzivno","novo","naselj","arengrad","novi","sad","ifra","528308","53","dvosoban","vi","nekretnini","94","760","ku","ekskluzivno","banstol","ortanovci","ifra","528666","000","spratna","vi","nekretnini","652","250","064","8222","125","politika","privatnosti","uslovi","kori","enja","politika","privatnosti","uslovi","kori","enja","grad","nekretnin","citi","nekretnin","021","nekretnin","info","nekretnin","royal","nekretnin","bulevar","nekretnin","offic","nekretnin","halo","nekretnin","klub","nekretnin","eho","nekretnin","spen","nekretnin","win","nekretnin","stan","nekretnin","exit","nekretnin","plai","nekretnin","max","nekretnin","king","nekretnin","trg","nekretnin","art","nekretnin","nekretnin","renta","stan","po","etna","na","nekretnin","ponudit","va","nekretninu","zaposleni","po","etna","kontakt","ponudit","va","nekretninu","zaposleni","po","etna","na","nekretnin","kontakt","ponudit","va","nekretninu","zaposleni","prodaja","nekretnina","zemlji","ta","021","nekretnin","va","siguran","put","toplog","doma","na","nekretnin","ekskluzivn","nekretnin"],"headings":["prodaja","nekretnina","srbiji","021","nekretnin","ovd","et","prona","veliku","bazu","nekretnina","za","prodaju","bilo","da","tragat","za","novim","domom","zemlji","tem","ili","poslovnim","prostorom","021","je","tu","za","va","da","vam","olak","proce"],"url":"https://021-nekretnine.rs","previewTitle":"Prodaja Nekretnina u Srbiji | 021 Nekretnine","preview":"Ovde ćete pronaći veliku bazu nekretnina za prodaju. Bilo da tragate za novim domom, zemljištem ili poslovnim prostorom 021 je tu za Vas da Vam olakša proces.","forwardLinks":[]}