{"doc":["h2","firsthead","displai","div","panel","border","1px","ccc","solid","background","f8fcff","margin","8em","0em","displai","block","pad","1em","div","panel","div","head","hover","color","2ba6cb","div","panel","div","head","font","size","25em","line","height","42px","font","weight","bold","displai","block","posit","rel","div","panel","div","head","posit","rel","index","color","1a6177","pad","8em","div","panel","img","displai","block","float","leav","margin","7px","5em","7px","width","40px","height","28px","h3","margin","top","4em","div","panel","div","head","displai","block","posit","absolut","top","width","100","font","size","36px","line","height","42px","color","aaa","index","text","align","pad","site","tool","learn","fundament","design","comput","tool","origin","creat","complement","year","undergradu","comput","engin","digit","logic","comput","organ","cours","univers","toronto","similar","cours","creat","practic","essenti","learn","languag","tool","creat","quick","easi","practic","short","problem","hdlbit","set","short","verilog","design","problem","onlin","judg","check","solut","correct","problem","set","begin","tutori","style","teach","basic","verilog","languag","featur","progress","increasingli","challeng","design","problem","requir","write","verilog","code","submit","code","onlin","judg","test","design","correct","code","style","larg","numb","short","problem","instant","feedback","encourag","practic","typic","difficult","frequent","assign","lab","web","interfac","icaru","verilog","main","purpos","creat","shareabl","simul","short","bit","verilog","code","limit","web","interfac","run","verilog","simul","offlin","suitabl","simul","simpl","circuit","main","limit","singl","sourc","file","limit","simul","cpu","time","interact","debug","asmbit","set","short","assembl","languag","programm","problem","nio","ii","armv7","style","hdlbit","cpulat","full","system","simul","debugg","nio","ii","armv7","mip","system","intend","educ","simul","simul","devic","base","comput","system","altera","univers","program","nio","ii","armv7","base","spim","mip","work","lab","assign","hardwar","debug","solut","asmbit","exercis","lectur","demonstr","simul","complet","lab","assign","base","altera","univers","program","comput","system","includ","interrupt","exclud","mmu","simul","includ","run","time","assert","catch","common","error","hardwar","01xz","digit","logic","comput","menu","project","log","hdlbit","verilog","simul","icaru","verilog","asmbit","cpulat","simul","send","email","http","www","01xz","net","mw","index","php","titl","main_pag","oldid","98","menu","project","hdlbit","verilog","practic","asmbit","assembl","languag","practic","cpulat","nio","ii","simul","cpulat","armv7","simul","hdlbit","verilog","practic","asmbit","assembl","languag","practic","cpulat","nio","ii","simul","cpulat","armv7","simul","link","relat","special","page","printabl","version","perman","link","page","inform","link","relat","special","page","printabl","version","perman","link","page","inform","log","hdlbit","problem","set","onlin","judg","practic","digit","circuit","design","verilog","asmbit","hdlbit","practic","nio","ii","armv7","assembl","languag","cpulat","browser","full","system","mip","nio","ii","armv7","simul","debugg","practic","hdlbit","asmbit","problem","set","includ","exercis","vari","difficulti","start","easi","problem","topic","don","time","difficult","problem","quick","accur","creat","simpl","design","big","assembl","languag","programm","cpulat","simul","complet","simul","nio","ii","armv7","system","quick","easi","debug","lab","assign","simul","catch","common","error","case","program","write","simul","work","unmodifi","real","hardwar","practic","simpli","inform","student","avail","option","extra","practic","reach","subset","student","experi","suggest","10","due","larg","numb","exercis","suggest","exercis","coincid","current","topic","code","exampl","answer","student","question","discuss","board","code","demonstr","answer","upload","share","button","cpulat","post","link","code","share","button","icaru","verilog","web","interfac","link","simpl","verilog","code","testbench","flip","clasroom","auto","grade","exercis","form","compon","flip","classroom","provid","method","evalu","progress","demonstr","cpulat","lectur","execut","assembl","code","access","hardwar","conveni","idea","think","tool","cours","featur","send","email","teach","verilog","nio","ii","armv7","feasibl","support","tool","hdl","instruct","set","wouldn","spend","effort","support","teach","verilog","nio","ii","armv7","feasibl","support","tool","hdl","instruct","set","wouldn","spend","effort","support","page","edit","21","januari","2019","05","42","privaci","polici","01xz","digit","logic","comput","disclaim","power","mediawiki","main","page"],"headings":["01xz","digit","logic","comput"],"url":"https://01xz.net","previewTitle":"01xz - Digital Logic and Computers","preview":"No preview available","forwardLinks":[]}