{"doc":["submit","url","home","comput","internet","health","compani","organ","educ","engin","technolog","market","advertis","real","estat","recreat","sport","travel","transport","financ","invest","refer","guid","onlin","shop","servic","human","resourc","medium","entertain","law","compani","organ","energi","util","organ","small","busi","busi","servic","comput","internet","commun","hardwar","internet","softwar","web","host","web","design","develop","educ","write","edit","drive","school","distanc","learn","educ","resourc","colleg","univers","engin","technolog","electr","electron","materi","handl","industri","suppli","tool","machin","financ","invest","account","audit","bank","insur","loan","mortgag","health","fit","dentistri","diet","weight","issu","nutrit","hospit","surgeri","diseas","condit","medicin","healthcar","product","home","famili","clean","servic","famili","home","improv","pest","control","human","resourc","employ","agenc","career","counsel","train","develop","law","lawyer","law","firm","person","injuri","lawyer","famili","law","attornei","crimin","defens","market","advertis","advertis","market","research","internet","market","medium","entertain","film","televis","photographi","publish","print","onlin","shop","servic","furnitur","jewelri","gift","cloth","beauti","toi","home","garden","food","drink","consum","electron","real","estat","agent","agenc","properti","list","build","construct","properti","manag","recreat","outdoor","ticket","pet","parti","refer","guid","directori","yellow","white","page","sport","sport","good","golf","travel","transport","travel","deal","air","travel","automot","lodg","accommod","transport","move","servic","featur","articl","blog","submit","url","articl","demand","privaci","polici","term","link","remov","hand","price","wholesal","glow","stick","bulk","timeless","women","fashion","brand","bring","ladi","rock","pop","music","tour","uk","cool","app","manag","auto","repair","practic","home","offic","sparkl","clean","custom","true","direct","market","campaign","home","center","good","life","offic","equip","suppli","busi","weapon","ammunit","war","lock","home","residenti","locksmith","gener","viagra","pleasur","suit","pocket"],"headings":["01webdirectori","web","directori","resourc","portal"],"url":"https://01webdirectory.com","previewTitle":"01Webdirectory.com - Web Directory & Resource Portal","preview":"No preview available","forwardLinks":["https://twitter.com","https://www.facebook.com","https://feeds.feedburner.com","https://www.pinterest.com"]}