{"doc":["020","advertis","result","top","rank","traffic","custom","front","page","ad","adblock","proof","hardcod","thousand","eyebal","phone","07814","416858","mail","keith020london","gmail","copyright","2018","2022","020","right","reserv","web","design","red","kite","code","week","featur","categori","contact","london","advertis","main","menu","follow","share","websit","link","london","servic","free","list","accommod","student","banquet","function","room","cakemak","child","holidai","club","drink","alcohol","deliveri","employ","agenc","employ","law","flatpack","assembl","gap","year","haberdasheri","health","fit","hot","desk","immigr","solicitor","marque","hire","picnic","residenti","camp","solicitor","tenni","trampolin","park","wed","dress","explor","explor","traffic","bu","tube","train","river","bu","weather","share","info","cooki","info","script","home","add","list","payment","option","testimoni","link","contact","home","add","list","pai","contact","share","tweet","term","condit","privaci","polici","london","100","000","list","serv","000","000","advertis","london","search","engin","directori","london","busi","visitor","month","enhanc","list","banner","ad"],"headings":["020","london","search","engin","020","london","directori"],"url":"https://020.co.uk","previewTitle":"020 - London's Search Engine - 020 London Directory","preview":"No preview available","forwardLinks":[]}