{"doc":["kt","popular","scene","subject","2024","05","17","2024","05","17","2024","05","17","2024","05","17","cmyk","2024","05","17","nb","2024","05","17","categori","link","dm","dm","a4a5","dm","dm","a4a5","icp","19036597","qq","2471305614","2024","05","17","2024","05","17","2024","05","17","2024","05","17","cmyk","2024","05","17","nb","2024","05","17","uv","qq","546790004","01","02","03","01","02","03","13816211622","13816211622","021","6306","3076"],"headings":[],"url":"https://021yin.com","previewTitle":"上海印刷厂|印刷公司|数码印刷|画册印刷|印刷报价-吉印通","preview":"吉印通是上海印刷厂家,在上海印刷公司中名列前茅,印刷价格优惠,赢得客户一致好评.画册印刷,不干胶印刷,海报,手提袋,彩页印刷等印刷业务.上海印刷厂保证印刷质量第一,印刷厂以设计,印刷,印后加工一条龙服务,为您提供物美价廉的印刷服务.","forwardLinks":[]}