{"doc":["13","011061","13","010724","1450","1450","1450","new","topic","600","650","25","000","27","312","45","17","30","2024","05","1450","450","450","24","062","24","062","00","17","30","2024","05","300","350","18","000","18","000","30","17","00","2024","06","100","100","15","000","15","300","00","17","00","2024","06","500","500","26","125","26","125","00","17","45","2024","05","600","650","25","000","27","312","45","17","30","2024","05","1450","450","450","24","062","24","062","00","17","30","2024","05","300","350","18","000","18","000","30","17","00","2024","06","100","100","15","000","15","300","00","17","00","2024","06","500","500","26","125","26","125","00","17","45","2024","05","600","650","25","000","27","312","45","17","30","2024","05","1450","450","450","24","062","24","062","00","17","30","2024","05","2025","31","amazon","pc","mycochannel","net","kddi","jr","jsat","kddi","jr","jsat","2025","31","amazon","pc","mycochannel","2024","04","01","2024","01","02","2023","08","01","2023","07","12","have","03","4363","5654","2023","04","05","net"],"headings":["net","net"],"url":"https://022022.net","previewTitle":"派遣の求人検索なら【オー人事.net】","preview":"オフィスワークの派遣のお仕事をお探しなら、オー人事.net。事務・オフィスワークのお仕事を中心に派遣・紹介予定派遣など有名企業や大手企業などのお仕事を豊富に取り扱っています。","forwardLinks":[]}