{"doc":["ifram","laixin","tutanota","rss","2024","www","050","hk","theme","19","23","12","21","10","19","23","tc","hd","hd","hd","hd","hdtc","hd","tc","tc","hd","hd","08","02","12","hd","20","tc","14","02","05","land","05","12","07","08","10","08","12","hd","tc","08","hd","2024","58","10","hd","hd","hd","02","20","14","02","05","08","10","08","2283","07","44","08","02","11","08","05","land","56","20240516","20240516","47","20240516","20240517","48","20240516","78","20240503","152","20240516","11","185","05","girl","fire","12","07","79","49","2023","14","15","542","36","39","126","34","66","07","love","live","678","57","07","31","38","73","375","tv","6y","99k","rss","10","19","23","12","21","10","19","23","tc","hd","hd","we","meserv","austin","ryan","jennif","mark","denni","daniel","ilya","tsymbal","joe","curtin","roe","pacheco","hd","hd","hdtc","hd","tc","tc","hd","hd","715","113890","08","02","hudson","robert","wurster","jame","cade","brendan","morgan","manuel","rodriguez","saenz","danijel","mandic","juan","camilo","castillo","nikol","rinc","shaun","hepburn","12","hd","20","tc","14","02","05","land","24","vvn","leejung","05","12","07","08","mj","10","08","12","hd","tc","08","hd","2024","dj","umi","58","10","veronica","osimani","lili","catalifo","daniel","mcdonald","hd","carl","lafor","manon","maindivid","paquatt","sidwel","weber","toni","black","henrik","martin","dahlsbakken","hd","jame","trevena","brown","hd","02","hudson","robert","wurster","jame","cade","brendan","morgan","manuel","rodriguez","saenz","danijel","mandic","juan","camilo","castillo","nikol","rinc","shaun","hepburn","20","14","02","05","08","mj","10","08","2283","07","44","08","02","11","08","05","land","24","vvn","leejung","56","20240516","20240516","47","20240516","20240517","48","20240516","78","20240503","152","20240516","11","185","05","girl","fire","kinki","nov","reta","esna","lee","arumsoul","12","07","79","49","2023","14","15","542","36","39","126","34","66","07","love","live","678","57","07","31","38","73","375","tv","6y","99k"],"headings":["2024","2024","tvb","2024"],"url":"https://050.hk","previewTitle":"零五零影院 - 2024最新电影,电视剧在线观看","preview":"零五零影院,提供最全的最新电视剧,零五零影院,2024最新电影,韩国电视剧、香港TVB电视剧、日本动漫、日剧、美剧、综艺的在线观看和剧集交流场所,西瓜影音在线观看高清电影,每天第一时间更新,放送好看的迅雷电影下载。","forwardLinks":[]}