{"doc":["wild","kingdom","explor","evolut","planet","ap","astonish","anim","evolut","man","long","bizarr","histori","beetlejuic","develop","honest","trailer","aquaman","lose","kingdom","honest","game","trailer","robocop","rogu","citi","moment","seventeen","follow","concert","late","trend","deliv","straight","inbox","explor","properti","follow","overview","commun","advertis","fandom","app","fandom","fan","central","beta","game","anim","movi","tv","video","explor","wiki","commun","central","start","wiki","regist","sign","fancentr","game","movi","tv","video","explor","wiki","commun","central","start","wiki","fancentr","regist","sign","commun","central","fancentr","regist","sign","sign","regist","movi","wild","kingdom","explor","evolut","planet","ap","astonish","anim","evolut","man","movi","long","bizarr","histori","beetlejuic","develop","video","honest","trailer","aquaman","lose","kingdom","video","honest","game","trailer","robocop","rogu","citi","moment","seventeen","follow","concert","terrarium","minecraft","genshin","impact","star","war","harri","potter","marvel","memori","alpha","arrowvers","spongebobia","piec","naruto","hero","academia","250","000","explor","view","harri","potter","harri","potter","wiki","neo","matrix","wiki","harlei","quinn","dc","extend","univers","snake","ey","joe","wiki","disnei","princess","disnei","wiki","godzilla","monster","vers","wiki","darryn","bonthui","celebr","star","war","dai","2024","lego","set","featur","icon","charact","lego","releas","bunch","star","war","build","kit","star","war","dai","2024","includ","late","addit","ultim","collector","seri","darryn","bonthui","make","star","war","scene","star","war","dai","book","make","star","war","volum","seri","book","detail","origin","hope","empir","strike","return","jedi","darryn","bonthui","star","war","dai","check","deal","collect","buildabl","helmet","hasbro","black","seri","star","war","helmet","discount","amazon","star","war","dai","save","displai","worthi","lego","helmet","tj","dietsch","wild","kingdom","explor","evolut","planet","ap","view","elli","wiki","lara","croft","tomb","raider","wiki","nathan","drake","unchart","wiki","link","zelda","wiki","pikachu","pokemon","wiki","rathalo","monster","hunter","wiki","mileena","mortal","kombat","wiki","mile","moral","spider","man","wiki","jame","valentin","feb","punch","man","world","long","100","push","up","100","sit","up","100","squat","10km","run","punch","enemi","watch","video","honest","game","trailer","avatar","frontier","pandora","honest","game","trailer","plug","neural","link","hair","braid","avatar","frontier","pandora","open","world","adventur","boast","blue","aplenti","watch","video","honest","game","trailer","robocop","rogu","citi","visor","favorit","cyborg","peacekeep","honest","game","trailer","bui","robocop","rogu","citi","dollar","stellar","shoot","em","watch","video","honest","game","trailer","dave","diver","honest","game","trailer","plumb","depth","indi","game","feel","isn","indi","dave","diver","overwork","dude","fish","matt","fowler","jan","15","prime","fallout","seri","explor","satir","side","world","jonathan","nolan","cast","member","ella","purnel","walton","goggin","discuss","fallout","tv","seri","straight","adapt","watch","video","dune","deadpool","40","movi","excit","2024","2024","bubbl","blockbust","good","hope","deadpool","furiosa","dune","part","joker","foli","deux","venom","lead","pack","view","grogu","star","war","wiki","geralt","witcher","wiki","boi","s3","boi","wiki","ahsoka","tano","star","war","wiki","zuko","atla","avatar","wiki","starfir","titan","wiki","sex","educ","s3","sex","educ","wiki","spongebob","spongebob","wiki","joei","esposito","mar","11","real","ghostbust","cartoon","episod","watch","freez","empir","nyc","freez","11","essenti","anim","ghostbust","episod","watch","blair","marnel","jan","22","anim","histori","man","ra","master","univers","master","univers","revolut","make","debut","netflix","anim","incarn","man","ra","lui","joshua","gutierrez","jan","17","netflix","delici","dungeon","anim","captur","experi","plai","anim","seri","monster","hunter","intent","eat","prei","impress","evok","plai","dungeon","dragon","matt","fowler","jan","11","adam","copeland","bring","ar","perci","jackson","dream","final","match","adam","edg","copeland","talk","fandom","squar","perci","jackson","ar","battl","longtim","friend","christian","aew","blair","marnel","jan","10","question","echo","final","have","finish","bing","echo","linger","question","maya","kingpin","daredevil","blair","marnel","jan","batman","live","anim","seri","25th","anniversari","batman","terri","mcginni","continu","live","stori","fandom","muthead","fanat","fandom","career","press","contact","term","privaci","polici","digit","servic","act","global","sitemap","cooki","prefer","commun","central","support","sell","share","person","inform","medium","kit","contact","explor","wiki","commun","central","explor","wiki","commun","central","start","wiki","fandom","muthead","fanat","fandom","career","press","contact","term","privaci","polici","digit","servic","act","global","sitemap","cooki","prefer","commun","central","support","sell","share","person","inform","medium","kit","contact","movi","game","tv"],"headings":["fandom","entertain","site","fan","daili","sourc","tv","movi","game","includ","star","war","fallout","marvel","dc"],"url":"https://fandom.com","previewTitle":"Fandom","preview":"The entertainment site where fans come first. Your daily source for all things TV, movies, and games, including Star Wars, Fallout, Marvel, DC and more.","forwardLinks":["https://community.fandom.com","https://auth.fandom.com","https://harrypotter.fandom.com","https://matrix.fandom.com","https://dcextendeduniverse.fandom.com","https://gijoe.fandom.com","https://disney.fandom.com","https://monster-verse.fandom.com","https://thelastofus.fandom.com","https://tombraider.fandom.com","https://uncharted.fandom.com","https://zelda.fandom.com","https://pokemon.fandom.com","https://monsterhunter.fandom.com","https://mortalkombat.fandom.com","https://marvels-spider-man.fandom.com","https://starwars.fandom.com","https://witcher.fandom.com","https://the-boys.fandom.com","https://avatar.fandom.com","https://titans.fandom.com","https://sexeducation.fandom.com","https://spongebob.fandom.com","https://www.muthead.com","https://www.fanatical.com","https://www.facebook.com","https://twitter.com","https://www.youtube.com","https://www.instagram.com","https://www.linkedin.com","https://fandom.zendesk.com","https://about.fandom.com","https://apps.apple.com","https://play.google.com"]}