{"doc":["1803","0755","36962771","186","0306","0507","24","8ghz","125","sh","055u7l","wd","88","rn","502a","sh","055grv","sh","055grv","st02","mds4002","wfm","nfm","gp","android","logo","sh","055u7","sh","055grv","aceco","fc6003mkii","wd","88","druid","06","omega","v3","sh","055u7l","125","gp","android","8ghz","125","sh","055u7l","wd","88","rn","502a","sh","055grv","sh","055grv","st02","mds4002","wfm","nfm","gp","android","wd","88","sh","055grv","st02","mds4002"],"headings":["0755","36962771"],"url":"https://063k.com","previewTitle":"反窃听器_防窃听_反窃听设备_防窃听器材_深圳忆码科技有限公司","preview":"深圳忆码科技是一家专门从事防偷拍探测器,防窃听,防录音设备,防媒体曝光,防记者暗访,反监听器品牌探测设备专业公司。咨询热线：0755-36962771","forwardLinks":[]}