{"doc":["vp","git","076","geminu","tor","i2p","ah","b32","tor","i2p","ah","b32","geminu","tor","i2p","ah","ah","b32","geminu","tild","git","lenovo","10au005xjp","openbsd","amd64","intel","i5","4570","901ghz","500","gib","ssd","gib","ram","hp","prodesk","600","g3","dm","mitra","devuan","gnu","linux","daedalu","x86_64","intel","core","i5","7500t","3ghz","250","gib","ssd","gib","ram","hp","prodesk","600","g2","sff","gitlin","openbsd","amd64","intel","i5","6500","201ghz","500","gib","ssh","gib","ram","nec","pc","mk27mlz6cbsu","peertub","freebsd","14","releas","p5","amd64","intel","i5","6400","700ghz","500","gib","ssd","gib","ram","nec","pc","mk37llz6cbst","xmpp","gitler","openbsd","amd64","intel","i3","6100","691ghz","120","gib","ssd","gib","ram","lenovo","thinkcentr","m73","sff","na","freebsd","14","releas","p5","amd64","intel","i5","4570","192ghz","tib","ssd","gib","ram","tor","i2p","ah","b32","geminu","tor","i2p","ah","ah","b32","geminu","tild","gnu","social","sn","twitter","sn","js","mitra","sn","twitter","sn","js","peertub","sn","youtub","sn","gitler","git","github","url","url","url","waybackmachin","gitlin","github","js","spliti","mixi","js","xmpp","irc","matrix"],"headings":[],"url":"https://076.ne.jp","previewTitle":"エッチなロリ系ウェブ開発者: ようこそ、０７６へ","preview":"No preview available","forwardLinks":["https://gitler.moe"]}