{"doc":["0curtain0","xcurtainx","blender","3d","resourc","guid","work","progress","blender","common","mistak","tip","blender","guid","rig","weight","paint","blender","plai","xp","model","ninja","ripper","rip","favorit","3d","model","blender","plai","sfm","model","work","progress","enter","donat","blender","develop","fund","home","guid","tutori","curtain","curtain","blender","archiv","guid","tutori"],"headings":["curtain","blender","archiv"],"url":"https://0curtain0.github.io","previewTitle":"Curtain's Blender Archives","preview":"No preview available","forwardLinks":[]}