{"doc":["english","deutsch","rk","fran","ai","italiano","espa","ol","romania","polski","japan","china","inj3ct0r","gmail","0dai","todai","team","telegram","messeng","social","network","bewar","scammer"],"headings":["0dai","todai","agreement","0dai","todai","exploit","databas","vulner","0dai","exploit","bui","sell","privat","exploit","shellcod","0dai","todai","team"],"url":"https://0day.today","previewTitle":"0day.today Agreement - 0day.today Exploit Database : vulnerability : 0day : new exploits : buy and sell private exploit : shellcode by 0day Today Team","preview":"No preview available","forwardLinks":["http://en.0day.today","http://ru.0day.today","http://de.0day.today","http://tr.0day.today","http://fr.0day.today","http://it.0day.today","http://es.0day.today","http://ro.0day.today","http://pl.0day.today","http://ar.0day.today","http://jp.0day.today","http://cn.0day.today"]}