{"doc":["featurecam","2025","cnc","cnc","powermill2025","3d","solidwork","2024","ptc","creo","11","ca","softwar","window","x64","file","size","64","46","mb","interest","speedi","solut","compress","video","audio","cisdem","video","compressor","softwar","gilisoft","have","toolkit","have","gilisoft","have","toolkit","ocr","tt","softwar","file","size","171","mb","effici","convert","compress","edit","1000","video","format","playback","devic","lose","softwar","sunshar","bitlock","geniu","bitlock","window","bitlock","bitlock","softwar","fastston","captur","fscaptur","fastst","softwar","smartftp","ftp","file","size","16","mb","smartftp","ftp","file","transfer","pro","kdtta","publish","2024","creat","abdalnassir","ghzawi","mp4","video","h264","1280","720","audio","aac","44","khz","ch","genr","elearn","kdtta","publish","2024","creat","kelvin","fok","mp4","video","h264","1280","720","audio","aac","44","khz","ch","genr","elearn","langu","kdtta","publish","2024","creat","rahmat","mp4","video","h264","1280","720","audio","aac","44","khz","ch","genr","elearn","languag","softwar","12","turbo","studio","window","net","java","air","flash","shockwav","window","autodesk","featurecam","ultim","2025","x64","multilanguag","autodesk","powermil","ultim","2025","x64","multilanguag","solidwork","2024","sp2","full","premium","x64","multilingu","ptc","creo","11","x64","multilingu","tutori","materi","autodesk","featurecam","ultim","2025","x64","multilanguag","featurecam","2025","cnc","cnc","autodesk","powermil","ultim","2025","x64","multilanguag","powermill2025","3d","solidwork","2024","sp2","full","premium","x64","multilingu","solidwork","2024","ptc","creo","11","x64","multilingu","ptc","creo","11","ca","window","softwar","window","softwar","window","softwar","window","softwar","window","softwar","window","softwar","tutori","kdtta","tutori","kdtta","tutori","kdtta","window","softwar","cisdem","video","compressor","gilisoft","have","toolkit","unifab","x64","multilingu","isunshar","bitlock","geniu","fastston","captur","10","multilingu","sitemap","dmca","inform","home","cax","eda","window","mac","tutori","app","3dsmax","autocad","ansi","effect","blender","cinema","4d","catia","creo","daz","studio","houdini","revit","rhino","photoshop","uniti","unreal","nx","nuke","illustr","lightroom","modo","maya","vrai","solidwork","zbrush","app","3dsmax","autocad","ansi","effect","blender","cinema","4d","catia","creo","daz","studio","houdini","revit","rhino","photoshop","uniti","unreal","nx","nuke","illustr","lightroom","modo","maya","vrai","solidwork","zbrush","sampl","materi","3d","3d","model","3d","3d","scene","graphic","hdri","shader","textur","photoshop","3d","3d","model","3d","3d","scene","graphic","hdri","shader","textur","photoshop","music","ebook","autodesk","featurecam","ultim","2025","x64","multilanguag","featurecam","2025","cnc","cnc","autodesk","powermil","ultim","2025","x64","multilanguag","powermill2025","3d","solidwork","2024","sp2","full","premium","x64","multilingu","solidwork","2024","ptc","creo","11","x64","multilingu","ptc","creo","11","ca","cisdem","video","compressor","2024","05","18","gilisoft","have","toolkit","2024","05","18","unifab","x64","multilingu","2024","05","18","isunshar","bitlock","geniu","2024","05","18","fastston","captur","10","multilingu","2024","05","18","10","11","12","13","14","15","16","17","18","19","20","21","22","23","24","25","26","27","28","29","30","0daydown","cisdem","video","compressor","gilisoft","have","toolkit","unifab","x64","multilingu","isunshar","bitlock","geniu","fastston","captur","10","multilingu","smartftp","enterpris","10","3232","x64","multilingu","python","oop","master","python","object","orient","programm","io","swift","server","backend","drive","ui","dynam","app","unreal","engin","absolut","beginn","build","subwai","surfer","turbo","studio","24"],"headings":["0daydown","0dai","download","pro","ug","cad","cam","cae","eda","macosx","android","game","movi","music","siemen","nx","solidwork","autocad","catia","solid","edg","cimatron","powermil","mastercam","ansi","topsolid","msc"],"url":"https://0daydown.com","previewTitle":"0DayDown | 0天与您关注资讯","preview":"0day,Download下载","forwardLinks":[]}