{"doc":["advertis","privaci","legal","ad","sell","share","person","datum","explor","top","citi","unit","state","york","chicago","lo","angel","seattl","miami","philadelphia","dalla","houston","atlanta","nashvil","phoenix","san","antonio","san","diego","san","jose"],"headings":["offici","mapquest","map","drive","direct","live","traffic","offici","mapquest","websit","find","drive","direct","map","live","traffic","updat","road","condit","find","nearbi","busi","restaur","hotel","explor"],"url":"https://mapquest.com","previewTitle":"Official MapQuest - Maps, Driving Directions, Live Traffic","preview":"Official MapQuest website, find driving directions, maps, live traffic updates and road conditions. Find nearby businesses, restaurants and hotels. Explore!","forwardLinks":[]}