{"doc":["owner","0a8d87mlbcac","top","offer","sale","price","998","usd","webpag","gener","domain","owner","sedo","domain","park","disclaim","sedo","maintain","relationship","parti","advertis","refer","specif","servic","trade","mark","control","sedo","constitut","impli","associ","endors","recommend","bui","domain","owner","0a8d87mlbcac","top","offer","sale","price","998","usd","sedo","domain","park","privaci","polici","0a8d87mlbcac","top","bui","domain"],"headings":["0a8d87mlbcac","top","websit","sale","0a8d87mlbcac","resourc","inform","websit","sale","0a8d87mlbcac","top","sourc","inform","gener","topic","expect","find","0a8d87mlbcac","top","hope","find","search"],"url":"https://0a8d87mlbcac.top","previewTitle":"0a8d87mlbcac.top - This website is for sale! - 0a8d87mlbcac Resources and Information.","preview":"This website is for sale! 0a8d87mlbcac.top is your first and best source for all of the information you’re looking for. From general topics to more of what you would expect to find here, 0a8d87mlbcac.top has it all. We hope you find what you are searching for!","forwardLinks":["https://sedo.com"]}