{"doc":["mybb","2005","2023","mybb","mybb","mybb","45","661","578","13","669","441","85","165","431","703","348","031","fso_cool","www","prizrak","w","xbox","fan","senin","rifat","arizona","rp","russia","black","rp","moscow","project","aplinerp","forum","arizonacopyxx","forum","stalinrp","45","661","578","13","669","441","85","165","431","703","348","031","fso_cool","www","prizrak","w","xbox","fan","senin","rifat","arizona","rp","russia","black","rp","moscow","project","aplinerp","forum","arizonacopyxx","forum","stalinrp"],"headings":["mybb","500","000"],"url":"https://0bb.ru","previewTitle":"Создать бесплатный форум на MyBB","preview":"Простой, быстрый и надежный сервис для создания форума. Более 500 000 форумов.","forwardLinks":[]}