{"doc":["exact","test","dr","draw","gaug","narciss","level","hundr","celebr","answer","40","question","singl","sit","clarif","good","bad","result","test","score","high","narciss","inventori","high","compon","categori","doesn","disord","good","bad","person","natur","talent","influenc","peopl","good","influenc","peopl"],"headings":["dr","draw","onlin","narciss","test"],"url":"https://0eb.com","previewTitle":"Take Dr. Drew's Online Narcissism Test","preview":"No preview available","forwardLinks":[]}