{"doc":["mac","pc","ipad","chromebook","will","stun","perform","client","softwar","plugin","java","flash","browser","chrome","firefox","safari","ie11","start","work","cloud","solut","access","app","devic","locat","start","project","work","wrap","home","easi","web","modern","bring","desktop","applic","cloud","modern","real","time","web","system","web","modern","applic","imposs","move","web","technolog","real","time","web","applic","easili","creat","enterpris","grade","virtual","workspac","team","custom","partner","seamlessli","integr","exist","onlin","support","staff","work","clock","assist","friendli","technic","team","dedic","highli","train","readi","offer","quick","profession","assist","24h","publish","applic","todai","dai","trial","confid","will","cloud","dream","confid","build","tool","build","expert","datum","center","power","modern","technolog","advanc","devot","keep","applic","onlin","99","uptim","cloud","solut","ultim","secur","solut","app","run","cloud","comput","datum","leav","secur","datacent","trust","great","compani","hundr","lead","enterpris","softwar","vendor","trust","cloud","solut","cloud","solut","futur","softwar","distribut","person","comput","post","mobil","era","call","ubiquit","comput","odata","envis","futur","computation","demand","app","web","browser","futur","close","fact","second","happen","odata","workstat","cloud","level","flexibl","simpli","desktop","machin","cloud","solut","support","extrem","help","time","onlin","chat","question","answer","immedi","enjoi","work","learn","time","team","profession","need","surpris","fast","respond","solut","brainer","cloud","profession","center","10","10","support","chat","10","10","absolut","fall","love","hip","desk","packag","user","friendli","portal","clean","urban","acc","site","phone","onlin","app","great","price","cloud","solut","futur","softwar","distribut","person","comput","post","mobil","era","call","ubiquit","comput","odata","envis","futur","computation","demand","app","web","browser","futur","close","fact","second","happen","odata","workstat","cloud","level","flexibl","simpli","desktop","machin","cloud","solut","support","extrem","help","time","onlin","chat","question","answer","immedi","enjoi","work","learn","time","team","profession","need","surpris","fast","respond","solut","brainer","cloud","profession","center","10","10","support","chat","10","10","absolut","fall","love","hip","desk","packag","user","friendli","portal","clean","urban","acc","site","phone","onlin","app","great","price","price","name","user","includ","fee","setup","server","24","24","window","lic","rd","sal","100","user","contact","sale","0data","fr","special","usag","choos","applic","server","product","page","price","applic","server","includ","fee","user","account","http","user","odata","fr","packag","instal","window","app","cloud","access","devic","pc","demand","click","stream","app","student","chromebook","pc","mac","ipad","easi","cloud","deploy","integr","mean","hassl","free","school","work","compar","school","vdi","cloud","solut","time","fast","cost","administr","complex","deliv","softwar","cloud","move","busi","saa","model","week","great","instant","demo","train","trial","beta","whyte","label","provid","cluster","portal","regist","client","price","manag","whyte","label","contact","support","price","market","cloud","solut","discov","cloud","solut","request","demo","will","reach","walk","organ","start","work","smart","effici","sign","receiv","late","tip","email","2023","2024","cloud","solut","0data","great","featur","web","modern","real","time","web","versatil","enterpris","readi","24","365","support","dai","trial","real","time","applic","distribut","softwar","youtub","video","testimoni","price","frequent","usag","touch","contact","detail","compani","useful","link","newslett","start","build","cloud","14","dai","free","trial","bob","chen","manag","dean","toll","develop","jill","paner","design","glenda","cordero","owen","birdwood","john","bedford","bob","chen","manag","dean","toll","develop","jill","paner","design","glenda","cordero","owen","birdwood","john","bedford","individu","educ","busi","softwar","vendor","whyte","label","email","phone","locat","login","home","featur","review","price","contact","servic","regist","demo","direct","link","free","trial","v2","start","start","start","start","individu","educ","busi","softwar","vendor","whyte","label","support","0data","fr","33","09","52","57","70","59","view","googl","map","home","featur","review","price","contact","servic","regist","softwar","publish","distribut","emb","window","app","web","page","stream","app","student","chromebook","pc","mac","android","ipad","bring","collabor","window","applic","demo","emb","window","crm","support","24","mobil","app","io","android","support","24","mobil","app","io","android","geo","restrict","support","24","mobil","app","io","android","geo","restrict","work","hour","support","24","mobil","app","io","android","geo","restrict","work","hour","devic","protect","servic","team","price","featur","faq","blog","login","privaci","protect","contact","term","servic","support","privaci","polici","run","full","desktop","applic","cloud","access","browser","plugin","requir","basic","starter","profession","ultim"],"headings":["run","softwar","browser","secur","softwar","defin","workspac","cloud","seamless","experi","devic","saa","softwar","multi","html","clean","modern"],"url":"https://0data.fr","previewTitle":"Run Any Software in a Browser","preview":"Secure, software-defined workspaces. Any cloud. One seamless experience on all your devices.","forwardLinks":[]}