{"doc":["todai","dentistri","todai","call","210","805","8446","provid","drive","gener","dentistri","todai","dental","cosmet","implant","dentistri","adult","orthodont","learn","implant","dentistri","adult","orthodont","payment","option","09","dental","experi","innov","clinic","techniqu","produc","dai","solut","restor","consist","deliv","predict","outcom","provid","unexpect","qualiti","servic","dai","servic","home","privaci","polici","quot","blog","2021","09","dental","right","reserv","home","meet","dr","phil","moral","team","dental","implant","dental","bond","dental","veneer","tooth","whiten","dental","crown","smile","makeov","full","mouth","reconstruct","adult","orthodont","dai","servic","testimoni","payment","option","contact","call","210","805","8446","creat","websit","360","home","meet","dr","phil","moral","team","meet","dr","phil","moral","team","servic","dental","implant","dental","bond","dental","veneer","tooth","whiten","dental","crown","smile","makeov","full","mouth","reconstruct","adult","orthodont","dai","servic","dental","implant","dental","bond","dental","veneer","tooth","whiten","dental","crown","smile","makeov","full","mouth","reconstruct","adult","orthodont","dai","servic","testimoni","payment","option","contact","call","210","805","8446","09","dental","choos","touch","todai"],"headings":["09","dental","09","dental","dental","health","care"],"url":"https://09dental.com","previewTitle":"Welcome to 09 Dental - 09 Dental","preview":"Dental Health Care","forwardLinks":[]}