{"doc":["webpag","gener","domain","owner","sedo","domain","park","disclaim","sedo","maintain","relationship","parti","advertis","refer","specif","servic","trade","mark","control","sedo","constitut","impli","associ","endors","recommend","sedo","domain","park","privaci","polici","0dxxx"],"headings":["0dxxx","0dxxx","resourc","inform","0dxxx","sourc","inform","gener","topic","expect","find","0dxxx","hope","find","search"],"url":"https://0dxxx.com","previewTitle":"0dxxx.com - 0dxxx Resources and Information.","preview":"0dxxx.com is your first and best source for all of the information you’re looking for. From general topics to more of what you would expect to find here, 0dxxx.com has it all. We hope you find what you are searching for!","forwardLinks":[]}