{"doc":["subdomain","free","regist","todai","easili","add","domain","franzlab","inject","ad","free","websit","free","account","readi","minut","regist","account","log","account","regist","upload","php","script","upload","mysql","databas","need","congratul","websit","access","world","regist","account","log","account","regist","upload","php","script","upload","mysql","databas","need","congratul","websit","access","world","separ","plan","limit","plan","free","feel","free","choos","lifetim","lifetim","lifetim","host","servic","offer","superior","speed","reliabl","scalabl","premium","host","servic","premium","servic","perfect","solut","busi","entrepreneur","individu","alik","remain","connect","maintain","strong","onlin","presenc","premium","host","servic","offer","numer","benefit","includ","addit","offer","highli","competit","price","plan","tailor","budget","premium","premium","host","servic","easi","set","manag","websit","intuit","user","interfac","premium","featur","help","technic","support","easili","creat","launch","websit","time","understand","import","keep","websit","safe","secur","offer","autom","ssl","tl","issuanc","premium","host","start","establish","busi","premium","host","servic","perfect","solut","websit","host","premium","manag","websit","check","websit","usag","control","panel","instal","300","script","applic","cm","click","provid","good","server","uptim","certif","transpar","log","2017","2024","franzlab","teamemilia","cooki","free","subdomain","host","domain","inject","ad","forget","wait","list","login","regist","upload","websit","access","domain","subdomain","custom","control","panel","softacul","good","server","uptim","free","ssl","tl","certif","free","subdomain","franzlab","servic","verifi","result","plan","featur","learn","reject","navig","inform","regist","navig","inform","regist","regist","regist","regist","choos","plan","choos","plan","home","control","panel","navig","control","panel","login","file","manag","login","regist","control","panel","login","file","manag","login","regist","inform","term","condit","cooki","polici","dmca","term","condit","cooki","polici","dmca","home","control","panel","navig","control","panel","login","file","manag","login","regist","control","panel","login","file","manag","login","regist","inform","term","condit","cooki","polici","dmca","term","condit","cooki","polici","dmca","100gb","bandwidth","5gb","disk","space","domain","mysql","db","banner","advert","free","1tb","bandwidth","5gb","disk","space","99","domain","99","mysql","db","banner","advert","free","unlimit","bandwidth","5gb","disk","space","unlimit","domain","unlimit","mysql","db","banner","advert","free","premium","featur","high","speed","server","reduc","websit","load","time","provid","excel","webpag","perform","reliabl","host","ensur","maximum","uptim","allow","visitor","access","websit","minim","downtim","scalabl","multipl","plan","meet","demand","grow","user","base","term","condit","cooki","polici","dmca","statu","donat","control","panel","free","unlimit","host","introduc","servic","publish","websit","easi","step","websit","level","choos","plan","free","free","introduc","premium","host","servic"],"headings":["free","unlimit","host","franzlab","regist","todai","free","host","power","grid","cluster","server","php","mysql","ftp"],"url":"https://0hi.me","previewTitle":"Free Unlimited Hosting - FranzLab","preview":"Register Today, and Get Free Hosting! Powered by a grid / cluster of Server, PHP, MySQL, FTP.","forwardLinks":[]}