{"doc":["domain","0lx","sale","owner","webpag","gener","domain","owner","sedo","domain","park","disclaim","sedo","maintain","relationship","parti","advertis","refer","specif","servic","trade","mark","control","sedo","constitut","impli","associ","endors","recommend","bui","domain","domain","0lx","sale","owner","sedo","domain","park","privaci","polici","0lx","bui","domain"],"headings":["0lx","websit","sale","0lx","resourc","inform","websit","sale","0lx","sourc","inform","gener","topic","expect","find","0lx","hope","find","search"],"url":"https://0lx.be","previewTitle":"0lx.be - This website is for sale! - 0lx Resources and Information.","preview":"This website is for sale! 0lx.be is your first and best source for all of the information you’re looking for. From general topics to more of what you would expect to find here, 0lx.be has it all. We hope you find what you are searching for!","forwardLinks":["https://sedo.com"]}