{"doc":["free","spanish","english","dictionari","dictionari","collin","strength","combin","unbeat","wordrefer","dictionari","collin","french","dictionari","250","000","translat","italian","dictionari","200","000","dictionari","continu","grow","improv","don","find","dictionari","search","forum","wordrefer","languag","forum","larg","repositori","knowledg","advic","english","languag","numb","languag","question","languag","usag","search","hundr","thousand","previou","question","unsur","question","nativ","speaker","world","happi","assist","spanish","dictionari","french","italian","dictionari","languag","forum","languag","forum","direct","link","english","dictionari","grammar","usag","verb","conjug","tool","word","dai","list","espa","ol","fran","ai","italiano","portugu","catal","deutsch","svenska","nederland","polski","rom","tina","rk","virtual","dictionari","english","languag","pair","languag","forum","direct","link","english","dictionari","grammar","usag","verb","conjug","tool","word","dai","list","languag","forum","direct","link","english","dictionari","spanish","english","dictionari","french","dictionnair","anglai","fran","ai","italian","dizionario","ingles","italiano","portugues","dicion","rio","ingl","portugu","german","rterbuch","englisch","deutsch","dutch","engel","nederland","woordenboek","swedish","engelsk","svenska","ordbok","iceland","ensk","slensk","ab","russian","polish","ownik","angielsko","polski","romanian","dic","ionar","englez","rom","czech","anglicko","esk","slovn","greek","turkish","ngilizc","rk","zl","chines","japanes","korean","arab","monolingu","english","learner","dictionari","synonym","wordrefer","english","thesauru","spanish","english","dictionari","french","dictionnair","anglai","fran","ai","italian","dizionario","ingles","italiano","portugues","dicion","rio","ingl","portugu","german","rterbuch","englisch","deutsch","dutch","engel","nederland","woordenboek","swedish","engelsk","svenska","ordbok","iceland","ensk","slensk","ab","russian","polish","ownik","angielsko","polski","romanian","dic","ionar","englez","rom","czech","anglicko","esk","slovn","greek","turkish","ngilizc","rk","zl","chines","japanes","korean","arab","monolingu","english","learner","dictionari","synonym","wordrefer","english","thesauru","grammar","usag","spanish","grammar","usag","english","usag","english","colloc","spanish","grammar","usag","english","usag","english","colloc","verb","conjug","spanish","french","italian","english","spanish","french","italian","english","tool","iphon","android","firefox","chrome","bookmarklet","tool","iphon","android","firefox","chrome","bookmarklet","tool","word","dai","list","languag","forum","direct","link","english","dictionari","spanish","diccionario","ingl","espa","ol","french","dictionnair","anglai","fran","ai","italian","dizionario","ingles","italiano","portugues","dicion","rio","ingl","portugu","german","rterbuch","englisch","deutsch","swedish","engelsk","svenska","ordbok","iceland","ensk","slensk","ab","russian","polish","ownik","angielsko","polski","romanian","dic","ionar","englez","rom","czech","anglicko","esk","slovn","greek","turkish","ngilizc","rk","zl","chines","japanes","korean","arab","monolingu","english","learner","dictionari","synonym","wordrefer","english","thesauru","spanish","diccionario","ingl","espa","ol","french","dictionnair","anglai","fran","ai","italian","dizionario","ingles","italiano","portugues","dicion","rio","ingl","portugu","german","rterbuch","englisch","deutsch","swedish","engelsk","svenska","ordbok","iceland","ensk","slensk","ab","russian","polish","ownik","angielsko","polski","romanian","dic","ionar","englez","rom","czech","anglicko","esk","slovn","greek","turkish","ngilizc","rk","zl","chines","japanes","korean","arab","monolingu","english","learner","dictionari","synonym","wordrefer","english","thesauru","grammar","usag","spanish","grammar","usag","english","usag","english","colloc","spanish","grammar","usag","english","usag","english","colloc","verb","conjug","spanish","french","italian","english","spanish","french","italian","english","tool","iphon","android","firefox","chrome","bookmarklet","tool","iphon","android","firefox","chrome","bookmarklet","tool","word","dai","list","privaci","polici","term","servic"],"headings":["english","french","italian","german","spanish","dictionari","wordrefer","free","onlin","dictionari","spanish","french","italian","german","conjug","audio","pronunci","forum","question"],"url":"https://wordreference.com","previewTitle":"English to French, Italian, German & Spanish Dictionary - WordReference.com","preview":"Free online dictionaries - Spanish, French, Italian, German and more. Conjugations, audio pronunciations and forums for your questions.","forwardLinks":[]}