{"doc":["discov","light","dark","shade","color","join","million","peopl","0to255","choos","color","websit","logo","room","interior","print","design","project","0to255","color","tool","easi","discov","light","dark","shade","color","ideal","hover","gradient","border","late","unpack","advanc","color","scienc","color","februari","16","2024","2024","0to255","color","studio","transform","0to255","comprehens","color","tool","ultra","effici","inspir","delightfulli","uniqu","spring","2024","read","announc","perfect","color","picker","andrew","hyde","tedxbould","50","shade","colour","annabel","illingworth","vocalista","perfect","find","hue","adob","color","studio","transform","0to255","comprehens","color","tool","ultra","effici","inspir","delightfulli","uniqu","spring","2024","read","announc","perfect","color","picker","andrew","hyde","tedxbould","50","shade","colour","annabel","illingworth","vocalista","perfect","find","hue","adob","new","contact","random","color","click","copi","0to255","0to255","color","tool","easi","discov","light","dark","shade","color","ideal","hover","gradient","border","new","late","unpack","advanc","color","scienc","color","februari","16","2024","contact","read","announc","pre","order","color","studio","year","month","month","free","pre","order","color","studio","read","announc","pre","order","color","studio","year","month","month","free","0to255","color","tool","easi","discov","light","dark","shade","color","ideal","hover","gradient","border","new","late","unpack","advanc","color","scienc","color","februari","16","2024","contact","06d035","fe4492","6ba79c","39f12d","ef4168","19211d","b732d4","0a3e6d","971476","a72520","09f7e3","a56372","e258a7","1de044","a49853","d1714c","118bd0","f29ef3","eeee38","beb198","f479f7","5ab019","0002de","8f49b7","a7c85d","9f3168","8cbdf0","7e713","111a17","23a6b2","a1bc44","95eefb","905b8d","b7e933","ef9b0a","ca0d07","c8aa8b","50613e","5dfb0a","a8f107","3a9306","291f84","9efde9","c88f3c","1ea42d","5d6caf","e0eee9","0a4b7d","7bfcd0","0a61c1","a401c6","f5b70e","67d0b3","51dcd3","f81f89","cfabe6","4676a8","eacaf5","464d54","656cbb","35facf","25113e","38125f","18d6b6","df30a4","26af7d","df60d1","d94d3b","4a6e0a","10390c","c4d2bb","099e19","2a4eeb","cfdd61","1b432d","cda406","949091","d12a11","dc83fc","5dc2e6","da265c","16c4cd","28a703","50ed74","c4c981","66032c","5241a8","71bdcd","596d2e","bd4432","5bfcda","61a169","cbba15","6a856","7f49f7","a20b23","078cc9","9f5b74","324e71","31a3c8","c7961f","b7a14a","b11222","e1051c","f5a33","d5f242","cea99","83f189","d49abc","f7a8b4","10de3f","4fb9e9","a0c3a0","d30e9d","860c7b","6fba91","2f9056","fa8e75","93ca11","3f2596","1a7d09","6cc598","bdf6a0","102413","d48fac","7f78f0","a47456","6e99b2","166458","a7fcf3","cc78e5","302c6c","3e5170","55567d","8c3f80","2e6637","bbabc8","e5122f","df6e2d","ad6bc2","81f468","2432aa","398a0b","daf3a9","a62997","654529","c0405b","01cfbf","3303c8","eb090d","4ca828","c01bcf","746df7","2f720d","7bd3a0","bf7f6b","adbdd2","b50973","842caf","1012bf","f9f55b","0a069a","a90ccc","32aef3","3624d8","028d1f","67c021","b895d0","cecaf9","dda972","f4d30f","a2643b","2efdf7","9acd52","a9b33a","253e6c","64b8fd","0d7574","6eb73b","9e0669","7d5499","d390f4","c45130","645ddc","0f7427","87e173","0bc2f2","ee40a2","47fac8","3a4160","9e9cd6","0c6244","bd7021","da077a","0736cb","059d56","593791","46e4fb","d0c386","02a70c","a82d11","3c8f22","05f884","db04f5","96abd7","2126d2","e7c5a9","65bac4","f9a730","440bf9","c75f66","4712d9","cfd6a0","4b6127","84448d","6ff60d","8ae86b","b99d30","022020","425652","ead3c3","cde229","770c45","9c6e48","3682d5","ea8372","74c031","011e6f","faa2d7","4ef9db","b57643","03d808","672652","b911be","edf2f2","8b5d2a","17e4c3","ee6c3d","a327a7","6883ae","hex","code","rgb","function","notat","hsl","function","notat","distanc","base","color","hsl","light","color","picker","pre","order","open","pre","order","open","0to255"],"headings":["color","picker","0to255","discov","light","dark","shade","color","join","million","peopl","0to255","choos","color","websit","logo","room","interior","print","design","project"],"url":"https://0to255.com","previewTitle":"A Most Useful Color Picker | 0to255","preview":"Discover lighter or darker shades of any color. Join the 3+ million people who have used 0to255 to choose colors for their website, logo, room interior, and print design projects.","forwardLinks":["https://buy.stripe.com"]}