{"doc":["jan","10th","2016","57","pm","electrolyt","capacitor","capxon","capacitor","spec","catalogu","capacitor","lead","space","5mm","nov","9th","2014","52","pm","jul","22nd","2013","42","pm","oct","19th","2012","11","03","pm","sep","28th","2012","39","pm","jul","1st","2011","12","00","jan","10th","2009","48","pm","power","octopress","catalogu","read","read","read","read","read","http","gitweb","org","user","read","blog","archiv","octopress","rss","pulseaudio","audio","output","devic","sink","chang","frequenc","respons","audio","output","devic","lenovo","x220","ip","philip","273e","screen","correct","color","screen","lighttpd","cgi","path","foo","sh","execut","cgi","nice","url","possibl","path","argument","myfoo","serv","static","page","cgi","root","myfoo","bind","dnssec","home","router","hostnam","myhost","domain","org","track","home","router","ip","stereo","room","stereo","speaker","room","plai","content","plai","stereo","apach","httpd","gitweb","git","repo","user","home","user","git","serv","repo","http","gitweb","org","user","820","25v","capxon","gl","10mm","25mm","1460ma","43m","eeufr1e821b","330","25v","capxon","gl","10mm","12","5mm","720ma","82m","eeufr1h331lb","50v","capxon","gl","5mm","11mm","33ma","eeufc1h2r2","47","50v","capxon","km","3mm","11mm","115ma","eeufr1h470","22","50v","capxon","gl","3mm","11mm","135ma","eeufc1j220","count","voltag","type","size","rippl","imped","replac","fail","project","samsung","syncmast","223bw","flicker","bad","capacitor","fix","pulseaudio","equal","icc","profil","lenovo","x220","ip","philip","273e3","nice","url","cgi","lighttpd","rfc2136","ddn","bind","dnssec","home","router","dynam","dn","wireless","speaker","serv","user","userdir","git","apach","capacitor","power","suppli","board"],"headings":["fail","project","capacitor","power","suppli","board","electrolyt","capacitor","capxon","capacitor","spec","catalogu","capacitor"],"url":"https://0x2c.org","previewTitle":"my failed projects","preview":"Capacitors on the power supply board\nAll electrolytic capacitors are by CapXon. The capacitor specs come from their catalogue. All capacitors have a …","forwardLinks":[]}