{"doc":["enjoi","natur","sound","accur","translat","late","technolog","introduc","reverso","neural","machin","translat","nmt","big","compani","translat","agenc","listen","text","pronounc","nativ","speaker","improv","oral","skill","neural","machin","translat","pronunci","20","million","app","download","except","rate","reverso","premium","english","reverso","translat","context","grammar","check","synonym","conjug","vocabulari","document","english","french","translat","pdf","word","powerpoint","file","document","translat","grammar","check","featur","free","app","translat","text","applic","click","enjoi","million","real","life","exampl","bookmark","favorit","dark","mode","ad","download","reverso","window","reverso","premium","fast","accur","translat","power","featur","translat","long","text","instantli","translat","document","word","pdf","powerpoint","enjoi","premium","reverso","languag","tool","ad","world","advanc","translat","french","spanish","german","russian","enjoi","cut","edg","have","power","translat","reverso","15","languag","includ","arab","chines","italian","portugues","dutch","hebrew","turkish","polish","document","translat","instantli","translat","document","keep","layout","translat","word","pdf","powerpoint","excel","25","languag","quick","lookup","integr","dictionari","fine","tune","translat","synonym","click","translat","exampl","context","integr","grammar","check","origin","text","automat","revis","have","base","spell","checker","result","high","qualiti","translat","verb","conjug","conjug","verb","mode","tens","10","languag","includ","french","spanish","german","arab","japanes","help","million","peopl","larg","organ","commun","effici","precis","languag","translat","text","translat","document","translat","context","grammar","check","synonym","conjug","reverso","mac","window","reverso","io","android","reverso","chrome","firefox","reverso","premium","reverso","corpor","translat","faq","contact","reverso","term","condit","privaci","set","privaci","polici","reverso","translat","traduct","traducci","traduzion","tradu","bersetzung","traducer","onlin","arab","translat","chines","translat","dutch","translat","french","translat","german","translat","hebrew","translat","italian","translat","japanes","translat","polish","translat","portugues","translat","romanian","translat","russian","translat","spanish","translat","turkish","translat","ukrainian","translat","free","learn","english","french","languag","fleex","learn","english","watch","favourit","movi","tv","show"],"headings":["reverso","free","translat","dictionari","reverso","free","onlin","translat","servic","translat","text","english","french","spanish","italian","german","russian","portugues","hebrew","japanes","arab","dutch","polish","romanian","turkish"],"url":"https://reverso.net","previewTitle":"Reverso | Free translation, dictionary","preview":"Reverso's free online translation service that translates your texts between English and French, Spanish, Italian, German, Russian, Portuguese, Hebrew, Japanese, Arabic, Dutch, Polish, Romanian, Turkish.","forwardLinks":[]}