{"doc":["blockchain","develop","polygon","code","deploi","smart","contract","polygon","network","tutori","learn","creat","smart","contract","deploi","polygon","network","foundri","hardhat","browni","solid","complet","guid","foundri","ethereum","project","learn","foundri","ethereum","project","learn","instal","write","unit","test","solid","instal","depend","compil","contract","deploi","contract","solid","write","script","solid","foundri","write","script","solid","foundri","forg","creat","script","deploi","smart","contract","forg","creat","command","solid","write","unit","test","solid","foundri","tutori","learn","write","unit","test","solid","foundri","project","will","write","basic","test","test","function","revert","test","ga","consumpt","solid","send","api","call","solid","chainlink","tutori","learn","send","api","call","api","smart","contract","solid","chainlink","oracl","solid","price","ethereum","token","smart","contract","solid","tutori","learn","price","ethereum","time","smart","contract","solid","chainlink","oracl","price","feed","solid","payabl","keyword","solid","send","receiv","ether","tutori","learn","payabl","keyword","solid","send","receiv","ether","smart","contract","solid","gener","random","numb","solid","tutori","learn","multipl","wai","gener","random","number","solid","evalu","pure","solid","chainlink","oracl","solana","sign","messag","verifi","signatur","solana","react","javascript","tutori","learn","sign","messag","solana","wallet","connect","react","app","verifi","signatur","gener","wallet","wagmi","complet","guid","wagmi","hook","react","app","learn","configur","wagmi","react","applic","wagmi","hook","interact","connect","wallet","contract","blockchain","wagmi","connect","wallet","react","app","wagmi","learn","wagmi","user","connect","wallet","websit","work","metamask","coinbas","wallet","wallet","connect","wallet","browser","extens","wagmi","interact","smart","contract","wagmi","react","tutori","learn","interact","smart","contract","wagmi","react","read","datum","smart","contract","send","transact","call","write","function","wagmi","handl","error","transact","fail","react","wagmi","tutori","learn","handl","error","send","transact","react","app","wagmi","transact","fail","blockchain","wagmi","listen","contract","event","log","wagmi","tutori","learn","listen","smart","contract","event","log","filter","react","app","wagmi","hook","ether","js","wagmi","fix","file","directori","warn","node_modul","wagmi","fix","enoent","file","directori","fail","pars","sourc","map","warn","node_modul","wagmi","wagmi","request","connect","wallet","switch","select","network","wagmi","tutori","learn","request","connect","wallet","switch","select","network","network","wagmi","react","wagmi","address","inform","en","wagmi","learn","address","inform","avatar","person","inform","social","url","en","wagmi","wagmi","sign","datum","verifi","address","gener","signatur","wagmi","tutori","learn","sign","datum","wallet","connect","app","verifi","address","gener","signatur","wagmi","hook","wagmi","current","ga","price","wagmi","tutori","learn","estim","current","ga","price","react","applic","wagmi","usefeedata","hook","wagmi","wait","transact","complet","react","app","wagmi","tutori","learn","wait","transact","complet","react","applic","wagmi","inform","transact","wagmi","send","erc","20","token","address","react","wagmi","tutori","learn","send","erc","20","token","wallet","connect","react","app","address","wagmi","wagmi","ethereum","erc","20","token","balanc","address","wagmi","tutori","learn","ethereum","balanc","erc","20","token","balanc","address","react","applic","wagmi","ether","js","wagmi","estim","ga","fee","transact","cost","wagmi","tutori","learn","estim","ga","fee","transact","cost","wagmi","estim","amount","ga","need","multipli","ga","price","wagmi","state","transact","react","wagmi","learn","state","transact","react","applic","wagmi","usetransact","hook","gettransactionreceipt","function","ether","js","wagmi","send","ethereum","transact","wagmi","tutori","learn","send","ethereum","transact","wallet","connect","react","app","wagmi","0xdev","power","ghost","home","twitter","datum","privaci","contact","contribut","twitter","code","deploi","smart","contract","polygon","network","complet","guid","foundri","ethereum","project","write","script","solid","foundri","write","unit","test","solid","foundri","send","api","call","solid","chainlink","price","ethereum","token","smart","contract","solid","payabl","keyword","solid","send","receiv","ether","gener","random","numb","solid","sign","messag","verifi","signatur","solana","react","javascript","complet","guid","wagmi","hook","react","app","connect","wallet","react","app","wagmi","interact","smart","contract","wagmi","react","handl","error","transact","fail","react","wagmi","listen","contract","event","log","wagmi","fix","file","directori","warn","node_modul","wagmi","request","connect","wallet","switch","select","network","wagmi","address","inform","en","wagmi","sign","datum","verifi","address","gener","signatur","wagmi","current","ga","price","wagmi","wait","transact","complet","react","app","wagmi","send","erc","20","token","address","react","wagmi","ethereum","erc","20","token","balanc","address","wagmi","estim","ga","fee","transact","cost","wagmi","state","transact","react","wagmi","send","ethereum","transact","wagmi"],"headings":["0xdev","learn","web3","develop","learn","web3","develop","blockchain","develop","free","tutori","cours","find","learn","web3","develop"],"url":"https://0xdev.co","previewTitle":"0xDev - Everything you need to learn to become a web3 developer","preview":"Learn web3 development and blockchain development for free with our tutorials and courses. You will find all you need to learn to become a web3 developer","forwardLinks":[]}