{"doc":["84","282","198","207","077","var","num_field","num_field","function","add_field","num_field","12","document","getelementbyid","tbl_field","row","cell","style","displai","document","getelementbyid","tbl_field","row","cell","innerhtml","input","type","file","file2up","style","margin","5px","size","15","multipl","br","num_field","num_field","12","document","getelementbyid","tbl_field","row","cell","innerhtml","nbsp","function","check","up_pic","send_pic","disabl","true","up_pic","send_pic","boolean","window","chrome","fals","document","getelementbyid","tbl_ub","style","displai","update_ub","bar1","showbar","up_pic","submit","var","bar1","createbar","340","16","white","e1eefd","77bf61","20","function","getxmlhttpobject","var","xmlhttp","null","firefox","opu","safari","xmlhttp","xmlhttprequest","catch","internet","explor","xmlhttp","activexobject","msxml2","xmlhttp","catch","xmlhttp","activexobject","microsoft","xmlhttp","return","xmlhttp","function","update_ub","var","xmlhttp","xmlhttp","getxmlhttpobject","xmlhttp","onreadystatechang","statechang","xmlhttp","open","up_statu","php","92862225","math","random","true","xmlhttp","send","null","function","statechang","xmlhttp","readyst","document","getelementbyid","tbl_ub","row","cell","innerhtml","math","xmlhttp","responsetext","document","getelementbyid","img_ub","style","background","url","images2","ub","gif","parseint","xmlhttp","responsetext","310","100","310","px","repeat","settimeout","update_ub","2000","2004","2024","84","282","198","207","077","84","282","198","207","077","84","282","198","207","077","84","282","198","207","077","84","282","198","207","077","var","num_field","num_field","function","add_field","num_field","12","document","getelementbyid","tbl_field","row","cell","style","displai","document","getelementbyid","tbl_field","row","cell","innerhtml","input","type","file","file2up","style","margin","5px","size","15","multipl","br","num_field","num_field","12","document","getelementbyid","tbl_field","row","cell","innerhtml","nbsp","function","check","up_pic","send_pic","disabl","true","up_pic","send_pic","boolean","window","chrome","fals","document","getelementbyid","tbl_ub","style","displai","update_ub","bar1","showbar","up_pic","submit","var","bar1","createbar","340","16","white","e1eefd","77bf61","20","function","getxmlhttpobject","var","xmlhttp","null","firefox","opu","safari","xmlhttp","xmlhttprequest","catch","internet","explor","xmlhttp","activexobject","msxml2","xmlhttp","catch","xmlhttp","activexobject","microsoft","xmlhttp","return","xmlhttp","function","update_ub","var","xmlhttp","xmlhttp","getxmlhttpobject","xmlhttp","onreadystatechang","statechang","xmlhttp","open","up_statu","php","92862225","math","random","true","xmlhttp","send","null","function","statechang","xmlhttp","readyst","document","getelementbyid","tbl_ub","row","cell","innerhtml","math","xmlhttp","responsetext","document","getelementbyid","img_ub","style","background","url","images2","ub","gif","parseint","xmlhttp","responsetext","310","100","310","px","repeat","settimeout","update_ub","2000","2004","2024","var","num_field","num_field","function","add_field","num_field","12","document","getelementbyid","tbl_field","row","cell","style","displai","document","getelementbyid","tbl_field","row","cell","innerhtml","input","type","file","file2up","style","margin","5px","size","15","multipl","br","num_field","num_field","12","document","getelementbyid","tbl_field","row","cell","innerhtml","nbsp","function","check","up_pic","send_pic","disabl","true","up_pic","send_pic","boolean","window","chrome","fals","document","getelementbyid","tbl_ub","style","displai","update_ub","bar1","showbar","up_pic","submit","var","bar1","createbar","340","16","white","e1eefd","77bf61","20"],"headings":[],"url":"https://0zz0.com","previewTitle":"العملاق لرفع و تحميل الصور","preview":"مع العملاق تضمن حماية خصوصية صورك و استمرارية استضافتها لمدة ثلاث سنوات فعلياً و بشكل مجاني","forwardLinks":["https://besteaterys.com","https://cafesriyadh.com","https://saudiarestaurants.com","https://hospitals-sa.com","https://www.mexatk.com"]}