{"doc":["rais","blockbust","fund","round","public","alum","forb","30","30","asia","list","reach","mileston","sign","creat","account","tailor","recommend","base","interest","prefer","rich","man","world","dollar","don","work","dai","life","love","justin","ishbia","founder","shore","capit","partner","forb","daili","stori","exclus","report","forb","perspect","dai","top","new","scoop","world","import","entrepreneur","set","enjoi","daili","set","enjoi","daili","break","subscrib","newslett","subscrib","speaker","johnson","slam","marjori","taylor","green","standoff","aoc","good","congress","golfer","scotti","scheffler","allegedli","drag","offic","car","arrest","la","ni","bring","record","break","heat","summer","lo","angel","da","condemn","extrem","disturb","sean","diddi","comb","video","win","bring","charg","memori","dai","inflat","travel","bbq","booz","cost","year","biden","trump","debat","trump","push","faceoff","trump","debat","nbc","fox","biden","pledg","state","depart","warn","potenti","anti","lgbtq","terrorist","attack","oversea","alabama","merced","benz","worker","vote","union","uaw","setback","trump","attend","son","barron","graduat","dai","crimin","trial","photo","show","30","30","meet","forb","30","30","asia","class","2024","rana","wehb","watson","30","30","asia","alumnu","reach","height","shark","tank","winner","billion","plan","replac","toilet","paper","indian","billionair","anand","mahindra","spend","billion","develop","ev","billionair","razon","deepen","manila","water","invest","bui","252","million","stake","ayala","st","telemedia","unit","vng","build","420","million","datum","center","vietnam","woman","world","50","high","pai","athlet","billionair","widjaja","famili","smartfren","axiata","talk","merg","indonesian","telecom","busi","term","servic","privaci","statement","privaci","polici","term","servic","newslett","newslett","malaysian","infrastructur","tycoon","seek","unlock","billionair","razon","deepen","manila","water","invest","bui","252","million","stake","ayala","st","telemedia","unit","vng","build","420","million","datum","center","vietnam","billionair","widjaja","famili","smartfren","axiata","talk","merg","indonesian","telecom","busi","monei","innov","lifestyl","billionair","leadership","billionair","innov","leadership","monei","busi","small","busi","lifestyl","vet","real","estat","list","advisor","store","forbesl","event","fast","invest","forb","cryptoasset","blockchain","advisor","forb","dividend","investor","forb","investor","forb","premium","incom","report","forb","real","estat","investor","special","situat","survei","forb","fridson","incom","secur","investor","invest","newslett","free","editori","newslett","forb","magazin","forb","marketplac","forb","book","forb","book","audio","forb","insight","reprint","permiss","licens","forb","newsfe","forb","vet","forb","advisor","forb","global","properti","forb","store","forb","custom","editori","valu","standard","advertis","forb","career","forb","press","room","forb","quot","dai","contact","machin","readabl","file","transpar","coverag","sitemap","send","feedback","share","new","tip","forb","forb","agenc","council","forb","busi","council","forb","busi","develop","council","forb","coach","council","forb","commun","council","forb","financ","council","forb","human","resourc","council","forb","nonprofit","council","forb","technolog","council","univers","arizona","global","campu","free","issu","forb","subscrib","servic","gift","subscript","forb","africa","forb","afriqu","forb","argentina","forb","australia","forb","austria","forb","belgium","forb","bosnia","herzegovina","forb","brazil","forb","bulgaria","forb","china","forb","croatia","forb","czech","republ","forb","ecuador","forb","franc","forb","georgia","forb","greec","forb","hungari","forb","india","forb","israel","forb","itali","forb","japan","forb","kazakhstan","forb","korea","forb","luxembourg","forb","lusophon","africa","forb","middl","east","english","forb","middl","east","arab","forb","montenegro","forb","poland","forb","portug","forb","romania","forb","russia","forb","serbia","forb","slovakia","forb","slovenia","forb","spain","forb","thailand","forb","ukrain","forb","uruguai","forb","vietnam","term","servic","privaci","statement","sell","share","person","inform","limit","sensit","person","inform","privaci","prefer","digit","term","sale","market","datum","morningstar","adchoic","report","secur","issu","email","secur","forb","subscrib","asia","europ","northern","light","forecast","updat","aurora","boreali","tonight","120","000","student","loan","forgiv","accru","interest","fall","aurora","alert","pack","bag","sudden","solar","storm","northern","light","2024","aurora","boreali","time","bridgerton","season","drop","netflix","releas","schedul","harrison","butker","controversi","commenc","speech","full","edit","asia","edit","europ","edit","adchoic","adchoic","privaci","statement","sell","share","person","inform","limit","sensit","person","inform","privaci","prefer","term","servic","digit","term","sale","contact","send","feedback","job","forb","reprint","permiss","forb","press","room","advertis","investor","introduc","asia","pacif","young","entrepreneur","find","innov","wai","navig","busi","realiti","region","lead","transform","industri","confer","newslett","product","compani","info","forb","council","educ"],"headings":["forb","forb","global","medium","compani","focu","busi","invest","technolog","entrepreneurship","leadership","lifestyl","busi","tech","leadership","entrepreneur","invest"],"url":"https://forbes.com","previewTitle":"Forbes","preview":"Forbes is a global media company, focusing on business, investing, technology, entrepreneurship, leadership, and lifestyle.","forwardLinks":["https://account.forbes.com"]}