{"doc":["linux","nginx","zeromq","mysql","redi","fastdf","mongodb","zk","cdn","p2p","k8","docker","tcp","ip","dpdk","linux","android","io","20","2w","android","io","20","2w","android","io","20","2w","dpdk","dpdk","32","2w","qt","linux","100","offer","dpdk","dpdk","32","2w","qt","linux","100","offer","dpdk","dpdk","32","2w","qt","linux","100","offer","offer","1v1","qq","100","1v1","f3","704","86","18670307724","2207032995","qq","10","30am","23","00pm","10","30am","22","30pm","linux","linux","golang","linux","golang","linux","golang","dpdk","qt","dpdk","qt","dpdk","qt","linux","linux","nginx","zeromq","mysql","redi","fastdf","mongodb","zk","cdn","p2p","k8","docker","tcp","ip","dpdk","linux","linux","android","io","linux","20","2w","linux","golang","golang","android","io","linux","20","2w","linux","golang","golang","android","io","linux","20","2w","linux","golang","golang","dpdk","dpdk","dpdk","32","2w","dpdk","qt","qt","linux","100","qt","offer","dpdk","dpdk","dpdk","32","2w","dpdk","qt","qt","linux","100","qt","offer","dpdk","dpdk","dpdk","32","2w","dpdk","qt","qt","linux","100","qt","offer","icp","18009867","dpdk","golang","github","1v1","qq","100","1v1","qq","qq","qt","mfc"],"headings":["0voic"],"url":"https://0voice.com","previewTitle":"首页-零声教育","preview":"一切只为渴望更优秀的你,让世界没有难学的技术，让工程师的生活丰富多彩。","forwardLinks":["https://it.0voice.com"]}