{"doc":["skip","main","content","print","print","worldwid","act","highli","profession","onlin","print","compani","standardis","top","qualiti","absolut","cost","print","run","readi","deliv","work","dai","product","standardis","format","paper","print","buyer","manag","offer","incred","print","price","spite","product","time","dai","print","offer","full","colour","print","brochur","dozen","variant","fold","simpl","flyer","heavi","cover","stock","greet","card","calendar","coil","bind","calendar","glue","calendar","wall","calendar","quantiti","volum","start","250","piec","offer","busi","card","print","letterhead","note","pad","carbon","copi","set","extens","categori","magazin","catalogu","includ","stapl","magazin","80","page","brand","cd","dvd","section","offer","booklet","individu","print","blank","cd","dvd","offer","offset","print","poster","din","a1","huge","digit","print","section","individu","configur","possibl","custom","larg","format","size","quantiti","start","piec","digit","poster","canva","print","gold","silver","foil","sticker","foil","vinyl","mesh","vinyl","banner","promot","busi","ident","onlin","present","folder","print","onlin","produc","profession","stationeri","letterhead","print","creat","label","sticker","print","custom","label","print","top","product","special","topic","trend","promis","014","2454","1033","servic","print","uk","login","file","templat","custom","request","contact","center","sampl","kit","advertis","system","appoint","card","bag","balloon","banner","board","booklet","bookmark","book","brochur","busi","card","calendar","card","catalogu","cater","hospit","certif","coupon","cup","desk","pad","displai","eco","natur","product","envelop","event","ticket","event","exhibit","system","flag","flyer","folder","fold","card","fold","ruler","hardcov","label","leaflet","letterhead","loos","leaf","collect","magazin","mailer","ncr","pad","newspap","notebook","notepad","offic","suppli","packag","pavement","sign","pen","pencil","plastic","card","postcard","poster","roller","banner","sign","stamp","sticker","sticki","note","pad","stretcher","frame","sweet","tarpaulin","trade","show","wall","calendar","glue","bind","wristband","advertis","system","appoint","card","bag","balloon","banner","board","booklet","bookmark","book","brochur","busi","card","calendar","card","catalogu","cater","hospit","certif","coupon","cup","desk","pad","displai","eco","natur","product","envelop","event","ticket","event","exhibit","system","flag","flyer","folder","fold","card","fold","ruler","hardcov","label","leaflet","letterhead","loos","leaf","collect","magazin","mailer","ncr","pad","newspap","notebook","notepad","offic","suppli","packag","pavement","sign","pen","pencil","plastic","card","postcard","poster","roller","banner","sign","stamp","sticker","sticki","note","pad","stretcher","frame","sweet","tarpaulin","trade","show","wall","calendar","glue","bind","wristband","file","templat","custom","request","contact","center","sampl","kit","advertis","system","appoint","card","bag","balloon","banner","board","booklet","bookmark","book","brochur","busi","card","calendar","card","catalogu","cater","hospit","certif","coupon","cup","desk","pad","displai","eco","natur","product","envelop","event","ticket","event","exhibit","system","flag","flyer","folder","fold","card","fold","ruler","hardcov","label","leaflet","letterhead","loos","leaf","collect","magazin","mailer","ncr","pad","newspap","notebook","notepad","offic","suppli","packag","pavement","sign","pen","pencil","plastic","card","postcard","poster","roller","banner","sign","stamp","sticker","sticki","note","pad","stretcher","frame","sweet","tarpaulin","trade","show","wall","calendar","glue","bind","wristband","advertis","system","appoint","card","bag","balloon","banner","board","booklet","bookmark","book","brochur","busi","card","calendar","card","catalogu","cater","hospit","certif","coupon","cup","desk","pad","displai","eco","natur","product","envelop","event","ticket","event","exhibit","system","flag","flyer","folder","fold","card","fold","ruler","hardcov","label","leaflet","letterhead","loos","leaf","collect","magazin","mailer","ncr","pad","newspap","notebook","notepad","offic","suppli","packag","pavement","sign","pen","pencil","plastic","card","postcard","poster","roller","banner","sign","stamp","sticker","sticki","note","pad","stretcher","frame","sweet","tarpaulin","trade","show","wall","calendar","glue","bind","wristband","hotlin","chat","print","file","servic","custom","request","free","sampl","kit","satisfact","guarante","center","order","file","upload","product","time","ship","gener","checklist","bleed","safe","area","file","templat","legal","notic","term","servic","datum","protect","inform","privaci","polici","contact"],"headings":["print","print","brochur","magazin","flyer","onlin","high","qualiti","offset","print","print","offer","print","solut","brochur","catalog","flyer","free","deliveri","offset","print","onlin","print"],"url":"https://1-2-print.co.uk","previewTitle":"1-2-print - Print Brochures, Magazines, Flyers online","preview":"High Quality Offset Printing - 1-2-print offers Printing Solutions (e.g.  Brochures, Catalogs and Flyers) with free delivery.","forwardLinks":["https://www.ekomi.co.uk"]}