{"doc":["home","search","read","sign","sign","home","popular","new","rise","featur","featur","sisyphu","lsisyphusl","3g","jo","mauro","de","vasconcelo","zdiham","dergisi","izdiham","6g","kitab","okudu","zdiham","54","ocak","ubat","2024","zdiham","dergisi","comment","uz","akt","rk","distopikokur","6g","muht","em","kitab","okudu","ecinnil","fyodor","dostoyevski","comment","sel","uk","selcuk112","1w","feyz","furkan","boi","sadec","meal","klepli","hasan","tahsin","feyizli","comment","duru","c4nduru","3g","kitab","okuyor","ermi","halil","cibran","comment","hasan","1kitapyeni1hayat","2g","kitab","okuyor","ksek","kader","brahim","tenekeci","elif","elifbilkai","2g","aldatmak","paulo","coelho","siyaha","siyahasoz","1g","comment","ye","_huzurkitapta_","18h","hipokampu","hipokampus_","9h","zahir","redir","kitab","okuyor","mavi","ku","mustafa","kutlu","kitap","raf","maviyeyuruyu","14h","kitab","okuyor","leopar","jo","nesbo","comment","alev","asdf","alevoa","13h","hava","cakl","pekliktir","ahmet","mit","asya","_okur_asya","13h","hai","rl","sabahlar","comment","nergi","narcissus82","11h","kitab","okuyor","yaln","zl","aletleri","atilla","atalai","17","leri","home","search","read","sign","sign","shop","ad","book","author","reader","1000kitap","android","applic","free","download","googl","plai","1000kitap","io","applic","free","app","store","term","privaci","commun","rule","advertis","contact","librarian","directori","cooki","polici"],"headings":["1000kitap","1000kitap","help","choos","book","discov","reader","share","read","tast","author","follow","favorit","reader","author","book","late","updat"],"url":"https://1000kitap.com","previewTitle":"1000Kitap","preview":"1000Kitap helps you choose your next book. It lets you discover other readers who share your reading taste and different authors. It also allows you to follow your favorite readers, authors, and books to keep up with their latest updates.","forwardLinks":[]}