{"doc":["1000dosok","ru","1000","www","1000dosok","ru"],"headings":[],"url":"https://1000dosok.info","previewTitle":"Бесплатная доска объявлений. Подать объявление на доску без регистрации. Разместить объявление на доски объявлений.","preview":"Доски объявлений без регистрации. Бесплатные объявления доска. Дать объявление за 5 минут.","forwardLinks":["https://top.mail.ru"]}