{"doc":["comfort","nestl","heart","hoboken","nj","1000","jefferson","combin","modern","design","sleek","finish","remark","locat","deliv","ultim","live","experi","bedroom","apart","exquisit","appoint","hardwood","floor","quartz","countertop","stainless","steel","applianc","strike","view","manhattan","skylin","rooftop","deck","soak","sun","shimmer","pool","daili","workout","state","art","fit","center","quaint","cozi","big","citi","vibe","hoboken","walkabl","neighborhood","boast","thrive","cultur","entic","destin","enjoi","live","close","gorgeou","waterfront","endless","nightlif","attract","delect","restaur","apart","jefferson","street","place","vibrant","local","offer","provid","easi","access","big","appl","nearbi","public","transport","option","cooki","websit","function","switch","system","set","respons","action","amount","request","servic","set","privaci","prefer","log","fill","form","set","browser","block","alert","cooki","part","site","work","cooki","store","person","identifi","inform","cooki","count","visit","traffic","sourc","measur","improv","perform","site","page","popular","visitor","move","site","inform","cooki","collect","aggreg","anonym","cooki","visit","site","monitor","perform","cooki","set","site","advertis","partner","compani","build","profil","interest","show","relev","advert","site","store","person","inform","base","uniqu","identifi","browser","internet","devic","cooki","experi","target","advertis","cooki","list","1000","jefferson","home","manag","consent","prefer","strictli","cooki","perform","cooki","target","cooki","appli","551","210","8473","floor","plan","amen","galleri","locat","resid","contact","schedul","visit","choos","floor","plan","close","resid","portal","551","210","8473","direct","floor","plan","amen","galleri","locat","resid","contact","inform","disabl","person","websit","open","tab","rental","assist","websit","open","tab","cooki","enhanc","site","navig","analyz","site","usag","assist","market","effort","includ","person","content","advertis","learn","process","person","datum","includ","cooki","read","privaci","statement","inform","previou","floor","plan","amen","galleri","locat","resid","contact","art","entertain","colleg","univers","food","nightlif","spot","outdoor","recreat","profession","resid","shop","servic","travel","transport","mondai","10","00am","00pm","tuesdai","10","00am","00pm","wednesdai","10","00am","00pm","thursdai","10","00am","00pm","fridai","10","00am","00pm","saturdai","appoint","sundai","close","floor","plan","amen","galleri","locat","resid","contact","disclosur","licens","dmca","agent","privaci","polici","access","statement","strikingli","modern","apt","town","privaci","prefer","center"],"headings":["apart","hoboken","1000","jefferson","apart","buttonsearch","iconfilt","icon","discov","luxuri","live","jefferson","street","hoboken","bedroom","apart","boast","unbeat","amen","home","commun"],"url":"https://1000jeffersonapts.com","previewTitle":"\n\t Apartments in Hoboken | 1000 Jefferson Apartments\nBack ButtonSearch IconFilter Icon","preview":"Discover luxury living on Jefferson Street in Hoboken with one of our 1, 2, or 3 bedroom apartments boasting unbeatable amenities in each home and the community.","forwardLinks":["https://www.facebook.com","https://twitter.com","https://www.instagram.com","https://www.yelp.com"]}