{"doc":["1000mest","mail","ru","cdata","function","getelementbyid","licnt2827","src","http","counter","yadro","ru","hit","t44","escap","referr","typeof","undefin","width","height","colordepth","colordepth","pixeldepth","escap","url","escap","titl","substr","150","math","random","document","screen"],"headings":["1000"],"url":"https://1000mest.ru","previewTitle":"1000 лучших мест нашей планеты. Самые главные достопримечательности мира.","preview":"На этом сайте вы найдёте описание всех достопримечательностей мира, фото, рассказы очевидцев и многое другое","forwardLinks":[]}