{"doc":["10","30","20","19","10","50","20","20","20","16","dvd","25","40","dvd","wunderkind","babi","20","20","20","20","12","24","24","24","24","2009","2014","pec","pec","10","30","250","20","000","400","230","19","230","10","50","230","20","20","20","000","16","dvd","500","25","40","dvd","wunderkind","babi","210","20","210","20","210","20","210","20","915","170","12","275","24","275","24","275","24","275","24","926","093","13","03","926","093","13","03","pec","2024","22","2018","11","2018","10","30","250","20","000","400","230","19","230","10","50","230","20","20","20","000","16","dvd","500","25","40","dvd","wunderkind","babi","210","20","210","20","210","20","210","20","915","170","12","275","24","275","24","275","24","275","24","10","30","250","20","000","400","230","19","230","10","50","230","20","20","20","000","16","dvd","500","25","40","dvd","wunderkind","babi","210","20","210","20","210","20","210","20","915","170","12","275","24","275","24","275","24","275","24","2009","2014"],"headings":[],"url":"https://1000toy.ru","previewTitle":"Интернет- магазин \"Гениальный непоседа\"","preview":"No preview available","forwardLinks":["http://vk.com","http://www.facebook.com"]}