{"doc":["simpli","enter","start","daili","music","journei","reveal","album","read","password","free","zone","receiv","daili","recommend","1001","album","hear","die","book","album","present","album","cover","album","summari","rate","review","daili","album","track","progress","person","stat","engag","user","read","review","start","explor","album","rate","project","1001","album","hear","die","book","1001","album","choos","panel","music","critic","import","influenti","popular","music","site","listen","album","dai","work"],"headings":["album","dai","1001","album","hear","die","explor","histori","music","album","dai","book","1001","album","hear","die"],"url":"https://1001albumsgenerator.com","previewTitle":"One Album A Day - 1001 Albums You Must Hear Before You Die","preview":"Explore the history of music. One album a day. From the book 1001 Albums You Must Hear Before You Die.","forwardLinks":[]}