{"doc":["voitur","occas","phone","ordinateur","offr","emploi","locat","appart","autr","pour","passer","ou","chercher","de","petit","annonc","cliquez","sur","le","pai","de","votr","choix","trouvez","la","bonn","affair","parmi","de","millier","annonc","la","public","un","petit","annonc","est","gratuit","sur","notr","site","1001annonc","net","il","suffit","de","cliquer","sur","votr","pai","il","est","pa","cessair","de","inscrir","pour","poser","un","annonc","il","suffit","de","remplir","le","formulair","ensuit","il","est","import","de","valid","votr","annonc","sur","email","vou","recevrez","apr","valid","par","no","mod","rateur","votr","petit","annonc","serum","publi","sur","1001annonc","net","la","bonn","affair","vou","la","trouverez","sur","1001annonc","net","la","recherch","de","petit","annonc","est","facil","il","suffit","de","mettr","mot","cl","dan","le","moteur","de","recherch","en","haut","de","la","page","cliqu","sur","chercher","vou","obtiendrez","le","annonc","correspond","votr","recherch","taill","la","recherch","avec","le","filtr","le","sultat","serum","pertin","petit","annonc","maroc","algeri","tunisi","franc","belgiqu","suiss","annonc","maroc","annonc","alg","rie","annonc","tunisi","annonc","franc","annonc","belgiqu","annonc","suiss","annonc","voitur","annonc","moto","annonc","electrom","nager","annonc","informatiqu","annonc","phoni","maison","louer","annonc","appart","annonc","emploi","imag","son","offr","emploi","jeux","jouet","bureau","commerc","annonc","diver","petit","annonc","maroc","petit","annonc","algeri","petit","annonc","tunisi","petit","annonc","franc","petit","annonc","belgiqu","petit","annonc","suiss","1001annonc","net","voitur","occas","offr","emploi","vent","appart","maison","louer","phone","occass","locat","appart","electrom","nager","informatiqu","accessoir","auto","moto","occas","montr","bijou","annonc","diver","petit","annonc"],"headings":["petit","annonc","gratuit","annonc","achat","vent","occas","1001","annonc","net"],"url":"https://1001annonces.net","previewTitle":"Petites annonces gratuites, annonces achat vente occasion - 1001 annonces.net","preview":"No preview available","forwardLinks":[]}