{"doc":["home","action","adventur","anim","car","girl","mahjong","minecraft","mobil","multiplay","race","skill","soccer","sport","cook","io","game","categori","bubbl","shooter","fireboi","watergirl","impostor","block","blast","moto","x3m","penalti","shooter","love","tester","3d","free","kick","world","cup","18","paper","io","wheeli","bike","nose","hospit","kri","mahjong","basket","random","mahjong","connect","solitair","classic","geometri","jump","master","gun","gorillaz","tile","ball","butterfli","kyodai","garden","tale","footbal","legend","2021","pet","connect","craftnit","io","basketbal","star","hole","io","soccer","skill","euro","cup","2021","slither","io","top","speed","race","3d","jewel","blitz","mergest","kingdom","jewel","blitz","state","io","conquer","world","treasur","mystic","sea","car","lightn","speed","penalti","challeng","racer","candi","riddl","worm","zone","block","new","game","farm","match","season","offroad","muddi","truck","war","surviv","grandma","hide","slash","organ","dynamon","hero","pipe","wire","chicken","pop","adventur","home","pin","bubbl","shooter","hd","footbal","superstar","2024","machin","citi","ball","idl","merg","car","race","asmr","beauti","treatment","governor","poker","arcad","impostor","ping","pong","slither","io","vex","room","decor","puzzl","match","minecraft","fireboi","watergirl","car","game","action","game","girl","game","mahjong","minecraft","soccer","game","match","anim","game","sport","game","fireboi","watergirl","multiplay","game","race","game","arcad","adventur","game","shoot","puzzl","skill","game","cook","think","game","room","decor","mobil","ping","pong","bejewel","penalti","shootout","fire","water","match","game","bubbl","io","game","wheeli","board","drift","goodgam","empir","goodgam","big","farm","governor","poker","farmerama","game","throne","klondik","action","game","shoot","shoot","fight","street","fight","tower","defenc","sniper","war","tank","fight","battl","archeri","action","game","race","game","car","game","car","game","drift","car","race","motorcycl","race","car","park","ralli","race","street","race","trial","monster","truck","race","game","adventur","game","fireboi","watergirl","fireboi","watergirl","rollercoast","platform","jungl","scari","haunt","hous","seri","amus","park","monster","adventur","game","girl","game","room","decor","room","decor","kiss","dress","game","game","makeov","barbi","nail","polish","dollhous","cake","love","girl","game","multiplay","game","minecraft","minecraft","io","game","player","game","kogama","hole","io","slither","io","big","snake","governor","poker","wormax","io","wormat","io","multiplay","game","sport","game","soccer","game","soccer","game","penalti","shootout","free","kick","minigolf","basketbal","billiard","tabl","tenni","bowl","tenni","box","sport","game","skill","game","cook","cook","bubbl","block","goldmin","snake","papa","louie","tetri","jump","time","manag","collect","skill","game","anim","game","hors","hors","cat","farm","wild","anim","pet","monkei","dolphin","dog","panda","anim","game","think","game","mahjong","mahjong","match","puzzl","bejewel","match","board","block","solitair","card","uno","think","game","theme","game","kid","kid","christma","color","halloween","toi","easter","game","santa","theme","game","girl","game","dress","game","anim","game","game","adventur","game","race","game","action","game","sport","game","puzzl","game","bubbl","shooter","mahjong","sudoku","game","term","privaci","cooki","polici","privaci","set","sitemap","english","tina","dansk","deutsch","espa","ol","fran","ai","italiano","magyar","nederland","norsk","polski","portugu","portugu","brasileiro","rom","suomalainen","svenska","free","onlin","game","1001game","popular","game","new","game","mmo","game"],"headings":["1001game","plai","3500","free","onlin","game","new","game","gather","websit","site","3500","game"],"url":"https://1001games.com","previewTitle":"1001Games - Play 3500 free online games!","preview":"The newest and best games gathered on 1 website! Our site contains more than 3500 games!","forwardLinks":[]}