{"doc":["rejoignez","de","centain","de","millier","de","membr","satisfait","qui","ont","pass","innombr","heur","recherch","de","ebook","qui","mainten","profit","de","meilleur","nouveaux","livr","magazin","band","dessin","es","sur","1001ebook","premium","envi","livr","de","suit","quel","soit","le","jour","ou","heur","laquel","vou","avez","envi","de","vou","offrir","livr","vou","pourrez","avoir","acc","en","quelqu","minut","seulement","1001ebook","est","elu","meilleur","site","ebook","francophon","avec","chargement","haut","bite","acc","instantan","de","livr","complet","de","magazin","de","band","dessin","es","nou","vou","garantisson","protect","de","vo","donn","es","personnel","ainsi","qu","un","total","anonymat","en","ce","qui","concern","le","processu","de","paiement","chargement","rapid","instantan","curi","connectez","vou","inscrivez","vou","inscrir","inscrir","inscrir","inscrir","inscrir","inscrir","premium","inscrivez","vou","signal","abu","rificateur","de","lien","api","contact","yetishar","file","storag","script","mfscript","privaci","polici","condit","rale","utilis","en","savoir","accueil","rechech","ebook","featur","resel","resel","premium","faq","premium","inscrivez","vou","signal","abu","rificateur","de","lien","api","contact","acc","der","au","catalogu","ebook","le","complet","sur","le","march","rejoignez","la","communaut","1001ebook","premium","import","quand","import","telecharg","instantan","ment","inscrivez","vou","commencez","lira"],"headings":["charger","ebook","livr","roman","1001ebook","premium","upload","share","track","manag","file","simpl","file","host","upload","share","track","file","host","host"],"url":"https://1001ebooks.club","previewTitle":"Télécharger Ebook, Livres et Romans - 1001Ebooks Premium","preview":"Upload, share, track, manage your files in one simple to use file host.","forwardLinks":[]}