{"doc":["495","197","78","47","800","350","78","47","30","18","00","110","info","1000va","ru","1000","400","100","1000","7724729908","772401001","1097746802339","57","110","150","300","2005","2006","up","ru","trike","fiamm","fiamm","delta","delta","coslight","coslight","495","197","78","47","800","350","78","47","30","18","00","30","20","00","495","197","78","47","east","eltena","hiden","lanch","makelsan","power","rucelf","stark","countri","sven","power","master","vision","2000","rm","lt","aqqu","apsu","bb","batteri","cd","technolog","coslight","csb","delta","enersi","etalon","fiamm","gener","secur","haze","leoch","lfa","batteri","robiton","sacr","sun","secur","forc","sven","vektor","energi","ventura","wbr","rbc","practic","rbc","profession","apc","rbc","rbc","rbc","apc","rbc","eaton","eaton","delta","apc","delta","ct","delta","ep","minamoto","delta","ct","1204","chilwe","hitachi","chemic","showa","denko","nba","rdrive","rutrik","stark","lithium","trojan","tubor","batteri","ventura","zdn","ventura","vtg","06","210","xt","ansmann","ctek","robiton","wbr","robiton","lac12","1000","east","eltena","hiden","lanch","makelsan","power","rucelf","stark","countri","sven","aqqu","apsu","bb","batteri","cd","technolog","coslight","csb","delta","enersi","etalon","fiamm","gener","secur","haze","leoch","lfa","batteri","robiton","sacr","sun","secur","forc","sven","vektor","energi","ventura","wbr","rbc","practic","rbc","profession","apc","rbc","rbc","rbc","apc","rbc","eaton","eaton","delta","apc","prev","eltena","monolith","e1000lt","12v","bb","batteri","bc","12","robiton","lac12","1000","rbc","rbc30","profession","24","rbc","rbc29","profession","24","rbc","rbc30","practic","12","power","master","vision","mv","2000","rm","lt","prev","495","197","78","47","800","350","78","47","east","eltena","hiden","lanch","makelsan","power","rucelf","stark","countri","sven","power","master","vision","2000","rm","lt","33","665","east","eltena","hiden","lanch","makelsan","power","rucelf","stark","countri","sven","aqqu","apsu","bb","batteri","cd","technolog","coslight","csb","delta","enersi","etalon","fiamm","gener","secur","haze","leoch","lfa","batteri","robiton","sacr","sun","secur","forc","sven","vektor","energi","ventura","wbr","apc","rbc","rbc","practic","rbc","profession","apc","rbc","rbc","rbc","apc","rbc","eaton","eaton","delta","apc","aqqu","apsu","bb","batteri","cd","technolog","coslight","csb","delta","enersi","etalon","fiamm","gener","secur","haze","leoch","lfa","batteri","robiton","sacr","sun","secur","forc","sven","vektor","energi","ventura","wbr","rbc","practic","rbc","profession","apc","rbc","rbc","rbc","apc","rbc","eaton","eaton","delta","apc","delta","ct","delta","ep","minamoto","delta","ct","1204","591","delta","ct","delta","ep","minamoto","chilwe","hitachi","chemic","showa","denko","nba","rdrive","rutrik","stark","lithium","trojan","tubor","batteri","ventura","zdn","ventura","vtg","06","210","xt","48","951","chilwe","hitachi","chemic","showa","denko","nba","rdrive","rutrik","stark","lithium","trojan","tubor","batteri","ventura","zdn","ansmann","ctek","robiton","wbr","robiton","lac12","1000","221","ansmann","ctek","robiton","wbr","apc","3cott","aeg","aerocool","alpha","technolog","apc","crown","micro","cyberpow","delta","electron","dexp","dkc","east","eaton","eneltpro","exeg","fsp","group","gener","electr","gigalink","hiden","inelt","inform","ippon","krauler","krauler","kstar","lanch","legrand","liebert","makelsan","mge","mustek","power","powercom","powerman","powerman","powerwar","riello","svc","sven","power","tripplit","tsl","vertiv"],"headings":["www","1000va","ru"],"url":"https://1000va.ru","previewTitle":"Интернет-магазин аккумуляторов и источников бесперебойного питания www.1000va.ru","preview":"No preview available","forwardLinks":[]}