{"doc":["2024","1001","aliexpress","49","131","1001"],"headings":["1001","1001"],"url":"https://1001pochta.ru","previewTitle":"1001почта - индексы Почты","preview":"1001почта.ру затрагивает наиболее актуальные вопросы, связанные с почтовыми посылками и письмами, рассматривает возможные проблемы и их решения. Также предоставляет информацию по индексам, адресам, телефонам и режимам работы почтовых отделений.","forwardLinks":[]}