{"doc":["gener","size","weight","width","occas","holidai","decad","foreign","imit","yesteryear","modern","style","attitud","handwrit","theme","dingbat","special","permalink","set","follow","site","link","serif","san","serif","ital","letterbat","initi","small","cap","poster","displai","headlin","bodi","text","small","text","hairlin","thin","light","regular","medium","bold","heavi","black","fat","monospac","ultra","narrow","extra","narrow","narrow","wide","extra","wide","ultra","wide","wed","babi","shower","birthdai","parti","tattoo","christma","hanukkah","valentin","dai","st","patrick","dai","easter","halloween","1990","1980","1970","1960","1950","1940","1930","1920","1910","1900","1890","african","alien","arab","asian","greek","mexican","runic","russian","retro","vintag","antiqu","typewrit","art","deco","art","nouveau","mediev","blacklett","english","ancient","techno","futurist","scienc","fiction","digit","lcd","blocki","geometr","stencil","neon","hard","read","3d","comic","calligraphi","cute","fanci","eleg","grung","erod","outlin","pixel","distort","quirki","girli","romant","groovi","funki","cool","hipster","street","haut","coutur","cursiv","script","signatur","feminin","masculin","formal","inform","messi","ugli","neat","brush","graffito","famou","brandnam","armi","wild","west","circu","tv","movi","music","athlet","varsiti","sport","icon","border","frame","anim","peopl","flower","heart","food","free","font","commerci","fresh","font","popular","font","alphabet","font","larg","font","famili","trend","font","submit","font","term","servic","privaci","forum","contact","font","categori","sign","sign","home","fresh","font","displai","handwritten","script","modern","titl","headlin","handwrit","bold","calligraphi","regular","handdrawn","cursiv","eleg","fashion","logotyp","brush","fun","play","whimsic","serif","san","serif","magazin","heavi","wed","poster","bodi","text","signatur","handlett","larg","height","brand","ident","medium","light","black","cute","ital","cap","stylish","vintag","monolin","retro","invit","thin","kid","swash","clean","narrow","haut","coutur","luxuri","geometr","love","falov","drizi","studio","person","datum","b","origin","titl","font","free","person","download","romancelia","drizi","studio","person","datum","b","origin","titl","font","free","person","download","crabold","demo","drizi","studio","person","datum","b","origin","titl","font","free","person","download","callhop","drizi","studio","person","datum","b","origin","titl","font","free","person","download","shirazu","drizi","studio","person","datum","b","origin","titl","font","free","person","download","rawrot","drizi","studio","person","datum","b","origin","titl","font","free","person","download","catneko","drizi","studio","person","datum","b","origin","titl","font","free","person","download","pandri","drizi","studio","person","datum","b","origin","titl","font","free","person","download","pathorb","drizi","studio","person","datum","b","origin","titl","font","free","person","download","sqeton","drizi","studio","person","datum","b","origin","titl","font","free","person","download","previou","current","3426","fresh","font"],"headings":["1001","font","free","font","babi","60917","free","font","34258","famili","free","licens","commerci","direct","font","download","mac","window","linux"],"url":"https://1001fonts.com","previewTitle":"1001 Fonts ❤ Free Fonts Baby!","preview":"60917 free fonts in 34258 families · Free licenses for commercial use · Direct font downloads · Mac · Windows · Linux","forwardLinks":[]}