{"doc":["check","waze","commun","partner","support","term","notic","suggest","work"],"headings":["drive","direct","live","traffic","road","condit","updat","waze","realtim","drive","direct","base","live","traffic","updat","waze","rout","destin","fellow","driver"],"url":"https://waze.com","previewTitle":"Driving directions, live traffic & road conditions updates - Waze","preview":"Realtime driving directions based on live traffic updates from Waze - Get the best route to your destination from fellow drivers","forwardLinks":[]}