{"doc":["fun","sun","famili","life","belek","10","50","palac","dubai","creek","harbour","73","12","rixo","golf","villa","suit","2002","vip","495","725","1001","00","21","00","whatsapp","1001","1001","fun","sun","famili","life","belek","fun","sun","famili","life","belek","10","50","palac","dubai","creek","harbour","73","12","rixo","golf","villa","suit","vip","30","35","101","657","06","06","2024","lykia","world","antalya","480","fame","beach","hotel","68","418","sunni","hill","alya","hotel","88","950","1546","limak","atlanti","delux","hotel","resort","93","849","victori","volar","hotel","83","967","82","royal","savoi","sharm","el","sheikh","120","132","450","siva","grand","beach","red","sea","hotel","148","998","74","form","hotel","dubai","74","336","mirag","bab","al","bahr","resort","115","675","312","ajman","sarai","luxuri","collect","resort","112","537","ayara","kamala","resort","spa","194","186","premium","villa","zign","hotel","154","418","309","muthu","playa","varadero","119","030","tryp","cayo","coco","142","170","88","mercur","sochi","centr","61","730","109","alpha","siriu","morskoi","53","200","le","meridien","maldiv","resort","spa","284","711","26","somerset","hotel","193","953","hotel","paradis","oasi","210","962","vasso","nissi","plage","222","982","oscar","resort","hotel","175","489","76","85","961","16","villa","victoria","40","000","whatsapp","189","vip","0037645","10","11","12","13","25","588","53","648","47","483","83","184","115","455","148","233","127","544","67","019","52","102","104","146","25","560","24","259","103","957","90","281","81","382","104","075","133","137","160","016","116","930","265","250","116","112","188","106","98","534","309","944","157","879","407","265","199","613","61","371","75","457","246","855","134","548","276","975","154","170","144","265","57","496","75","335","136","420","295","603","143","628","146","539","156","203","213","725","143","436","115","391","138","267","151","325","162","969","147","125","108","894","121","536","125","435","2002","vip","495","725","1001","00","21","00","whatsapp","1001","vip","faq","10","11","12","13","14","15","16","17","18","19","20","21","22","23","24","25","26","27","28","29","30","10","11","12","13","14","15","16","17","18","19","20","21","22","23","24","25","26","27","28","29","30","31","1001","lykia","world","antalya","1001"],"headings":["1001","12","1001","1001tur","ru","20380","73769154","2024","102"],"url":"https://1001tur.ru","previewTitle":"\nПоиск туров - Онлайн по всем туроператорам 🏝 Официальный сайт турагентства 1001 Тур (Москва, Россия)\n","preview":"Туры от 12 туроператоров на сайте 1001 Тур ✅ Поиск туров онлайн от турфирмы 1001tur.ru ✅ Цены на путевки от 20380 ₽ ✅ Банк из 73769154 туров на 2024 г. 🏢102 офисов сети турагентств по Москве и России ✅ Новости, акции компании и отзывы туристов","forwardLinks":["https://wa.me","https://vk.com","https://www.youtube.com","https://t.me","https://tourism.gov.ru"]}