{"doc":["flower","time","pick","daisi","grab","templat","submit","work","love","challeng","join","leaderboard","check","progress","matthia","martin","codepen","twitter","imprint","privaci","polici","100","dai","css","challeng","dai","56","submit","pen"],"headings":["100","dai","css","challeng","challeng","css","expert","100","dai","creativ","submit","result","check","creat","registr","complet","free"],"url":"https://100dayscss.com","previewTitle":"100 Days CSS Challenge","preview":"Challenge yourself and become a CSS expert in 100 days. Be creative, submit your result and check out what others have created. No Registration and completely free.","forwardLinks":[]}