{"doc":["design","give","hour","code","practic","everydai","100","dai","will","nut","bolt","explan","work","will","appli","fun","code","exercis","real","word","project","part","100","dai","code","challeng","log","progress","everydai","twitter","will","access","commun","student","challeng","cheer","motiv","will","complet","beginn","advanc","profession","level","python","tool","skill","framework","master","part","dai","will","build","project","project","will","don","word","check","exist","student","angela","absolut","love","develop","love","learn","programm","languag","teach","style","suit","interact","interest","focu","motiv","finish","modul","monei","spend","angela","amaz","angela","explain","concept","detail","exampl","easi","understand","beginn","break","problem","small","step","flowchart","clarifi","code","amaz","minut","motiv","video","dai","excel","motiv","continu","angela","great","teacher","love","section","hour","center","give","project","master","learn","immedi","have","multipl","cours","complet","will","learn","creat","websit","win","copi","websit","pong","auto","tinder","fulli","featur","blog","paulina","jess","walia","ariel","ramirez","12","99","todai","datum","structur","python","oop","inherit","build","rest","api","web","autom","web","develop","datum","visual","pong","auto","tinder","fulli","featur","blog","12","99","todai","12","99","todai","100","dai","python","preview","masteri","video","tutori","code","project","success","account","motiv","will","learn","will","build","student","review"],"headings":["100","dai","python"],"url":"https://100daysofpython.dev","previewTitle":"100 Days of Python","preview":"No preview available","forwardLinks":[]}