{"doc":["game","2024","05","18","game","2024","05","18","18","3dm","18","game","2024","05","18","17","17","game","2024","05","18","520","521","dnf","dnf","dnf","520","dn","game","2024","05","18","qureat","nintendo","switch","2024","game","2024","05","18","10","game","2024","05","18","game","2024","05","18","13","3dm","13","game","2024","05","18","game","2024","05","18","game","2024","05","18","steam","steam","298","game","2024","05","18","24","79","746","rss","datum","origin","titl","fancyseo","03","icp","2023009125","2023","2024","05","12","2024","05","12","22","2024","05","12","2024","05","12","2024","13","2024","05","12","s35","v1","324","530447","csgo","csgo","2024","v8","sketchup","app","99","s","2024","8418","txt","app","mibrofit","tag","3d","txt","app","mibrofit","tag","3d","18","17","520","521","dnf","13","steam"],"headings":["app"],"url":"https://100883.com","previewTitle":"大白鲨游戏网-游戏爱好者都喜欢的资讯攻略下载联盟站","preview":"大白鲨游戏网是一个绿色资讯联盟网站,本站提供最新的娱乐新闻八卦头条,电竞资讯新闻,主播资料大全,主播视频合集的综合性娱乐文章站,全新全意为用户带来第一手娱乐资讯,已成为互联网及手机游戏玩家必备的游戏类网站！","forwardLinks":[]}