{"doc":["implement","process","easi","master","track","repeat","multipl","level","account","ensur","goal","achiev","exce","expect","start","fast","finish","strong","fast","track","result","prove","forc","multipli","strategi","system","navi","seal","olymp","profession","athlet","fulli","engin","crush","goal","100","dai","system","navi","seal","olymp","profession","athlet","fulli","engin","crush","goal","100","dai","jam","pack","action","strategi","high","level","theori","guarante","inspir","motiv","laser","focu","achiev","goal","quickli","enjoi","mobil","particip","inspir","bring","daili","lesson","world","dai","excel","membership","privileg","forum","huge","asset","challeng","common","thread","tie","bind","love","learn","commit","live","life","excel","tap","global","commun","peer","support","celebr","brain","trust","great","idea","keep","score","kei","improv","perform","build","100","dai","challeng","weekli","action","review","process","ensur","goal","set","goal","lo","angel","california","listen","daili","lesson","100","high","qualiti","audio","record","inspir","excel","drive","result","step","step","walk","ensur","challeng","fire","100","dai","front","track","goal","measur","challeng","progress","plan","futur","breakthrough","10","expand","mind","blow","limit","belief","hold","experi","big","life","11","step","step","walk","ensur","challeng","fire","100","dai","front","start","dai","fast","focu","account","morn","will","email","daili","action","plan","goal","deadlin","12","week","will","enjoi","live","train","call","gari","ryan","blair","challeng","world","call","record","review","13","track","goal","measur","challeng","progress","plan","futur","breakthrough","14","design","mojo","work","show","multipli","perform","quickli","15","invit","exclus","train","event","world","futur","publish","book","guid","debt","pai","commit","pound","lose","mile","run","design","bold","ambiti","courag","100","dai","challeng","challeng","level","will","challeng","confront","fear","proactiv","move","resist","test","limit","enforc","meet","deadlin","act","bold","demonstr","strong","sens","urgenc","massiv","action","ensur","accomplish","100","dai","peopl","ten","year","disciplin","strategi","account","transform","life","100","dai","program","time","quantum","leap","reason","decid","challeng","will","gladli","refund","penni","promis","have","point","life","small","potato","compar","100","dai","challeng","idea","strategi","will","learn","100","dai","challeng","elect","presid","grow","profit","win","gold","medal","fuel","movement","action","idea","acceler","win","rate","legal","support","address","goalsgui","llc","36181","east","lake","road","palm","harbor","fl","34685","follow","introduc","100","dai","challeng","total","achiev","goal","design","bold","ambiti","courag","systemat","account","demand","prove","access","transform","life","100","dai","lose","34","pound","lose","34","pound","48000000","625000","12000000","37000000","100","dai","challeng","exclus","goal","set","system","100","dai","challeng","exclus","goal","set","system","100","world","class","hd","coach","video","mobil","app","circl","excel","forum","action","review","100","audio","record","orient","guid","interact","guid","form","quantum","leap","strategi","daili","action","plan","live","coach","call","interact","guid","form","bonu","mp3","manifesto","video","exclus","discount","top","gari","ryan","blair","faq","kudo","price","blog","member","login","100","audio","record","listen","daili","lesson","100","high","qualiti","audio","record","inspir","excel","drive","result","orient","guid","step","step","walk","ensur","challeng","fire","100","dai","front","interact","guid","form","track","goal","measur","challeng","progress","plan","futur","breakthrough","10","quantum","leap","strategi","expand","mind","blow","limit","belief","hold","experi","big","life","11","daili","action","plan","step","step","walk","ensur","challeng","fire","100","dai","front","start","dai","fast","focu","account","morn","will","email","daili","action","plan","goal","deadlin","12","live","coach","call","week","will","enjoi","live","train","call","gari","ryan","blair","challeng","world","call","record","review","13","interact","guid","form","track","goal","measur","challeng","progress","plan","futur","breakthrough","14","bonu","mp3","manifesto","video","design","mojo","work","show","multipli","perform","quickli","15","exclus","discount","invit","exclus","train","event","world","futur","publish","book","guid","privaci","polici","testimoni","affili","guarante","contact","phone","877","462","5748","100","dai","challeng","goal","achiev","strategi","transform","life","100","dai","crush","goal","easi","will","opportun","dramat","transform","life"],"headings":["100","dai","challeng","special","offer"],"url":"https://100daychallenge.com","previewTitle":"100 Day Challenge - Special Offer","preview":"No preview available","forwardLinks":[]}