{"doc":["top","qualiti","social","servic","world","offer","cheap","social","servic","improv","busi","social","medium","presenc","account","great","qualiti","qualiti","100ksub","servic","pleasantli","surpris","multipl","payment","system","offer","option","add","fund","account","add","fund","payment","option","work","unbeliev","price","price","reason","market","start","001","deliv","minut","deliveri","autom","take","minut","second","fulfil","order","creat","account","sign","log","account","add","fund","step","choos","payment","method","add","fund","pick","servic","pick","social","servic","easili","place","order","enjoi","great","result","inform","order","complet","win","long","world","click","100ksub","offer","servic","boost","social","medium","presenc","reason","price","servic","includ","facebook","tiktok","like","instagram","follow","youtub","watch","time","hurri","avail","opportun","elev","social","medium","profil","height","select","servic","suit","instantli","famou","onlin","market","100ksub","busi","react","delai","instant","result","custom","satisfact","guarante","real","time","datum","analyt","order","deliv","custom","custom","100ksub","comdo","wait","long","result","100ksub","ensur","instant","result","fast","order","deliveri","fast","order","deliveri","servic","includ","like","follow","view","organ","real","human","account","engag","real","peopl","help","boost","insight","don","compromis","qualiti","provid","servic","real","account","smm","panel","start","place","order","panel","follow","easi","step","purpos","smm","panel","smm","panel","onlin","store","peopl","purchas","cheap","smm","servic","smm","servic","purchas","panel","type","smm","servic","follow","like","view","safe","order","smm","servic","panel","complet","safe","win","social","medium","account","suspend","mass","order","mass","order","featur","easi","user","place","separ","order","link","drip","fee","featur","drip","fee","help","imit","natur","growth","social","medium","account","place","order","3000","like","ig","post","gradual","300","like","dai","10","dai","mass","order","featur","work","mass","order","effect","user","save","time","place","multipl","order","link","smm","social","medium","market","social","medium","platform","instagram","facebook","twitter","youtub","promot","compani","boost","onlin","presenc","choic","smm","panel","offer","servic","boost","onlin","presenc","social","medium","platform","cheap","price","contact","support","telegram","vhnguyen","skype","shinnguyen1012","copyright","right","reserv","home","sign","servic","api","sign","sign","contact","support","telegram","vhnguyen","skype","shinnguyen1012","home","sign","servic","api","sign","increas","social","medium","presenc","servic","100ksub","social","servic","100ksub","top","smm","provid"],"headings":["100ksub","top","world","social","servic","smm","panel","cheap","provid","provid","super","cheap","follow","like","view","smm","servic","100ksub","cheap","rate","smm","panel","world"],"url":"https://100ksub.com","previewTitle":"100kSub.Com - Top The World Social Service - SMM Panel Best Cheapest Provider","preview":"We provide super cheap followers, likes, views and other SMM services. 100kSub.Com is the best and cheapest rate SMM PANEL in world.","forwardLinks":["https://api.whatsapp.com"]}