{"doc":["100hot","game","tag","featur","car","girl","skill","translat","frosti","ic","cream","ici","dessert","snowwar","io","giant","snowbal","rush","squid","game","shoot","surviv","ralli","point","plant","zombi","squidgam","io","bitlif","life","simul","squid","game","cath","001","challeng","456","tonkwar","io","smasher","io","pop","infin","super","monster","santa","helper","santa","citi","run","minecraft","remak","imposs","bu","stunt","3d","assault","zone","spongebob","world","amongu","escap","baldi","basic","impost","red","hero","ball","subwai","surfer","beij","pou","onlin","talk","tom","run","gold","tom","jerri","run","block","minecraft","mx","offroad","mountain","bike","templ","run","talk","babi","ginger","pubg","mini","snow","multiplay","gta","crime","simul","real","citi","drive","ben","10","run","piano","tile","talk","angela","color","book","critic","strike","bike","stunt","ben10","omnirush","craftmin","ultim","knockout","cut","rope","cut","rope","time","travel","super","hitmast","sonik","run","fruit","ninja","slice","pro","fruit","slasher","critic","strike","global","op","templ","run","tomb","fall","bro","io","truck","loader","wordi","pop","gta","save","citi","doodl","jump","footbal","fifa","2021","pubg","gunfight","pixel","pixel","pubg","katana","fruit","fruit","slice","classic","basket","champ","crazycraft","brother","magic","templ","pull","onlin","impost","galaxi","killer","fireboi","watergirl","kiss","templ","quest","galact","traffic","punk","race","super","runcraft","draw","motor","smile","glass","motor","bike","race","insan","track","supercar","block","danc","3d","russian","taz","drive","super","buddi","arch","stack","ball","hop","ball","space","rush","mario","bro","world","pixel","world","uno","card","game","super","wario","rider","fly","car","stunt","12","minibattl","gtr","drift","stunt","fallerz","io","mini","battl","motor","bike","challeng","hero","rescu","puzzl","superbik","hero","stock","car","hero","merg","candi","saga","dune","surfer","bigmonsterz","io","battl","orc","armour","crush","pool","ball","mania","super","rocket","buddi","corona","viru","19","draw","tattoo","babi","hazel","harvest","festiv","red","ball","car","eat","car","winter","adventur","mask","forc","paper","io","slithercraft","io","super","mario","run","zumba","mania","minegui","unblock","sift","renegad","brawl","ninja","clash","hero","drunken","duel","crazi","gunner","hex","mong","top","touch","fish","soccer","destroi","corona","viru","bouncemast","endless","run","black","throne","perfect","snipe","onlin","amongu","impost","mario","egypt","star","grand","prix","hero","squar","hero","bird","footballio","ultim","knockout","race","robberi","duel","slap","king","fall","boi","ultim","knockout","fall","car","hexagon","kick","teddi","bear","ziplin","rescu","car","shoot","rival","rage","time","park","tenni","open","2020","head","footbal","clash","orc","parti","io","dino","puzzl","fish","io","chubbi","bird","mahjong","master","10","head","mayhem","vex","onlin","geometr","dash","battl","alien","desert","citi","stunt","hero","knight","hors","run","3d","armour","clash","riski","rescu","fun","soccer","3d","roshambo","european","cup","champion","stick","archeri","fairwai","solitair","subwai","surfer","london","find","500","differ","tiger","run","11","11","99","ball","alien","wild","arctic","pong","banana","run","basketbal","master","billiard","classic","bolli","beat","bridg","doom","bubbl","wood","cake","slice","ninja","candi","bubbl","cannon","ball","3d","bset","free","onlin","game","sitemap","privaci","learn","tag","featur","car","girl","skill"],"headings":["cool","game","plai","free","cool","game","onlin","pc","mobil","100hotgamess","plai","thousand","great","free","onlin","game","gamefirst","annoi","ad","popup","game","daili","bore","fun","free","game","free","onlin","game","onlin","game","addict","game","100hot","game","game"],"url":"https://100hotgames.com","previewTitle":"Cool games | Play free cool games online for pc & mobile at 100hotgamess.com","preview":"Play Thousands of Great Free Online Games at gamefirst.me. No Annoying AD or POPUP. New Games Daily so You Will Never Get Bored at Here, Much Fun!","forwardLinks":[]}