{"doc":["100th","street","cleveland","clinic","main","campu","close","hillcrest","cancer","center","check","cole","ey","entranc","close","visit","covid","19","inform","search","specialti","locat","find","300","locat","person","virtual","care","appoint","cleveland","clinic","easi","schedul","conveni","option","find","health","well","inform","famili","live","bite","healthi","dai","question","easi","find","answer","onlin","fast","don","care","health","condit","care","mean","provid","time","listen","import","recommend","step","cleveland","clinic","recogn","world","expertis","care","will","care","board","certifi","fellowship","train","expert","work","creat","treatment","plan","high","standard","ensur","excel","outcom","focu","todai","tomorrow","focu","research","offer","late","option","mean","find","wide","rang","clinic","trial","care","find","graduat","nurs","school","year","experi","build","except","career","nurs","cleveland","clinic","nation","world","lead","academ","medic","center","grow","set","will","differ","find","career","cleveland","clinic","opportun","partner","care","patient","dedic","refer","physician","team","est","dai","patient","site","physician","healthcar","profession","cleveland","clinic","discov","late","research","insight","innov","treatment","trend","dedic","train","gener","healthcar","profession","explor","train","educ","program","offer","worldwid","commit","improv","care","find","tomorrow","cure","learn","cut","edg","basic","translat","clinic","research","view","full","list","resourc","medic","profession","includ","alumnu","associ","drconnect","mypractic","patient","center","care","nation","recognit","collabor","provid","innov","research","join","nurs","team","career","refer","patient","consultqd","educ","research","view","resourc","provid","action","blog","new","app","cleveland","clinic","site","inform","polici","import","updat","close","100th","street","cleveland","clinic","main","campu","close","hillcrest","cancer","center","check","cole","ey","entranc","close","visit","covid","19","inform","800","223","2273","100","year","cleveland","clinic","mychart","give","career","search","search","clevelandclin","org","find","doctor","locat","direct","patient","visitor","health","librari","institut","depart","appoint","mychart","800","223","2273","find","doctor","locat","direct","patient","visitor","health","librari","institut","depart","appoint","doctor","find","doctor","locat","direct","direct","appoint","schedul","diseas","condit","diagnost","test","treatment","procedur","bodi","system","organ","drug","devic","supplement","866","320","4573","appoint","request","form","virtual","visit","express","care","urgent","care","virtual","opinion","health","new","trend","sign","newslett","tune","podcast","nutrit","healthi","eat","cold","flu","covid","rsv","216","444","2200","visit","main","campu","pai","bill","onlin","mychart","request","medic","record","view","reason","view","cleveland","clinic","locat","ohio","cleveland","clinic","locat","florida","cleveland","clinic","abu","dhabi","cleveland","clinic","canada","cleveland","clinic","london","cleveland","clinic","nevada","intern","patient","show","facebook","twitter","youtub","instagram","linkedin","pinterest","snapchat","appoint","access","accept","insur","event","calendar","financi","assist","give","cleveland","clinic","pai","bill","onlin","price","transpar","refer","patient","phone","directori","virtual","opinion","virtual","visit","consult","qd","health","essenti","newsroom","myclevelandclin","mychart","100","year","cleveland","clinic","locat","qualiti","patient","safeti","offic","divers","inclus","patient","experi","research","innov","commun","commit","career","employe","resourc","medic","profession","send","feedback","site","map","websit","copyright","reprint","licens","websit","term","privaci","polici","notic","privaci","practic","discrimin","notic","800","223","2273","800","223","2273","100","year","cleveland","clinic","mychart","give","career","search","clevelandclin","org","find","doctor","locat","direct","patient","visitor","health","librari","institut","depart","appoint","clevelandclin","org","find","doctor","locat","direct","patient","visitor","health","librari","institut","depart","appoint","doctor","search","specialti","locat","find","doctor","locat","direct","find","300","locat","direct","appoint","person","virtual","care","schedul","diseas","condit","diagnost","test","treatment","procedur","bodi","system","organ","drug","devic","supplement","cleveland","clinic","locat","ohio","cleveland","clinic","locat","florida","cleveland","clinic","abu","dhabi","cleveland","clinic","canada","cleveland","clinic","london","cleveland","clinic","nevada","intern","patient","appoint","866","320","4573","question","216","444","2200","request","appoint","care","world","come","cleveland","clinic","locat","care","live","healthi","choos","cleveland","clinic","cleveland","clinic","care","provid","cleveland","clinic","new"],"headings":["cleveland","clinic","life","deserv","world","class","care","cleveland","clinic","profit","academ","medic","center","clinic","hospit","care","leader","research","educ","health","inform"],"url":"https://clevelandclinic.org","previewTitle":"Cleveland Clinic: Every Life Deserves World Class Care","preview":"Cleveland Clinic, a non-profit academic medical center, provides clinical and hospital care and is a leader in research, education and health information.","forwardLinks":["https://www.clevelandclinicabudhabi.ae","https://clevelandcliniclondon.uk","https://www.facebook.com","https://twitter.com","https://www.youtube.com","https://www.instagram.com","https://www.linkedin.com","https://www.pinterest.com","https://www.snapchat.com"]}