{"doc":["profession","422245","remocolor","optimum","42","245","450","400","4851","600","matrix","4149","75","hc","eu","matrix","6118","1200","d25","sparta","800","sparta","paladium","palaplast","200","30","matrix","25","35","50","123","20","20","kronbuild","summer","standart","65","14","1949","900","100meshkov","ru","00","21","00","100meshkov","ru","2018","2024","close","submenu","close","submenu","close","submenu","close","submenu","close","submenu","close","submenu","close","submenu","close","submenu","close","submenu","close","submenu","close","submenu","close","submenu","close","submenu","close","submenu","close","submenu","close","submenu","close","submenu","close","submenu","close","submenu","close","submenu","close","submenu","close","submenu","close","submenu","close","submenu","close","submenu","close","submenu","close","submenu","close","submenu","close","submenu","close","submenu","close","submenu","close","submenu","close","submenu","close","submenu","close","submenu","close","submenu","close","submenu","close","submenu","close","submenu","close","submenu","close","submenu","close","submenu","close","submenu","close","submenu","close","submenu","close","submenu","close","submenu","close","submenu","close","submenu","close","submenu","close","submenu","close","submenu","close","submenu","close","submenu","close","submenu","close","submenu","close","submenu","close","submenu","close","submenu","close","submenu","close","submenu","close","submenu","close","submenu","close","submenu","close","submenu","close","submenu","close","submenu","close","submenu","close","submenu","close","submenu","close","submenu","close","submenu","close","submenu","close","submenu","close","submenu","close","submenu","close","submenu","close","submenu","close","submenu","close","submenu","close","submenu","close","submenu","close","submenu","close","submenu","close","submenu","close","submenu","close","submenu","close","submenu","close","submenu","close","submenu","close","submenu","close","submenu","close","submenu","close","submenu","close","submenu","close","submenu","close","submenu","close","submenu","close","submenu","close","submenu","close","submenu","close","submenu","close","submenu","close","submenu","close","submenu","close","submenu","close","submenu","close","submenu","close","submenu","close","submenu","close","submenu","close","submenu","close","submenu","close","submenu","close","submenu","muller","close","submenu","close","submenu","close","submenu","dank","close","submenu","495","108","40","84","495","108","40","84","telegram","whatsapp","viber","info","100meshkov","ru","926","227","67","66","495","108","40","84","info","100meshkov","ru","4eo","ru","close","menu","495","108","40","84","info","100meshkov","ru","12","open","submenu","13","open","submenu","15","open","submenu","open","submenu","open","submenu","open","submenu","11","open","submenu","open","submenu","open","submenu","open","submenu","open","submenu","open","submenu","open","submenu","open","submenu","open","submenu","open","submenu","11","open","submenu","13","open","submenu","open","submenu","16","open","submenu","open","submenu","open","submenu","15","open","submenu","open","submenu","open","submenu","open","submenu","open","submenu","open","submenu","sd","sd","max","sd","sd","max","sd","sd","max","12","open","submenu","open","submenu","open","submenu","open","submenu","open","submenu","open","submenu","open","submenu","open","submenu","open","submenu","open","submenu","open","submenu","open","submenu","open","submenu","ostendorf","ostendorf","10","open","submenu","open","submenu","open","submenu","open","submenu","open","submenu","open","submenu","open","submenu","open","submenu","open","submenu","open","submenu","open","submenu","open","submenu","open","submenu","open","submenu","open","submenu","frl","nym","din","heat","pro","warmstad","legrand","valena","classic","legrand","valena","classic","legrand","valena","classic","legrand","valena","classic","open","submenu","open","submenu","open","submenu","110","55","120","60","100","125","160","20","30","40","100","euro","format","50","40","60","120","euro","format","open","submenu","open","submenu","open","submenu","open","submenu","open","submenu","open","submenu","open","submenu","open","submenu","open","submenu","knauf","55","open","submenu","open","submenu","open","submenu","open","submenu","open","submenu","open","submenu","open","submenu","open","submenu","open","submenu","open","submenu","open","submenu","ceresit","40","open","submenu","open","submenu","open","submenu","open","submenu","500","500","open","submenu","hammerit","dulux","open","submenu","11","open","submenu","open","submenu","open","submenu","rockwool","ursa","isoroc","knauf","xp","10","open","submenu","open","submenu","open","submenu","open","submenu","open","submenu","open","submenu","open","submenu","open","submenu","open","submenu","open","submenu","open","submenu","open","submenu","open","submenu","open","submenu","open","submenu","open","submenu","open","submenu","open","submenu","open","submenu","open","submenu","open","submenu","driva","molli","zum","open","submenu","open","submenu","open","submenu","12","open","submenu","2440","1220","1525","3050","muller","open","submenu","open","submenu","open","submenu","dank","open","submenu","muller","muller","premium","standart","komfort"],"headings":["100"],"url":"https://100meshkov.ru","previewTitle":"100мешков.ру  - продажа строительных материалов по очень низким ценам","preview":"Доставка. Подъём. Онлайн расчёт стоимости доставки и подъёма. Скидки постоянным покупателям ! Срочная доставка.","forwardLinks":[]}