{"doc":["cooki","websit","function","set","respons","action","set","privaci","prefer","log","fill","form","set","browser","block","cooki","part","site","work","cooki","enabl","websit","provid","enhanc","function","personalis","set","parti","provid","cooki","servic","function","optim","cooki","analys","site","usag","measur","improv","perform","site","includ","cooki","parti","analyt","servic","cooki","collect","aggreg","datum","cooki","receiv","datum","site","visit","improv","base","cooki","set","advertis","partner","build","profil","interest","show","relev","advert","site","cooki","share","inform","parti","social","medium","plug","in","social","medium","track","cross","devic","track","cooki","social","function","experi","target","advertis","cooki","list","manag","consent","prefer","strictli","cooki","function","cooki","perform","cooki","target","cooki","music","tour","video","merch","bui","listen","watch","privaci","polici","term","cooki","polici","cooki","set","cooki","polici","cooki","set"],"headings":["100","gec","offici","websiteback","buttonsearch","iconfilt","icon","offici","websit","100","gec","tour","date","music","merch","album","10","000","gec","100","gec","snake","ey"],"url":"https://100gecs.com","previewTitle":"100 gecs | Official WebsiteBack ButtonSearch IconFilter Icon","preview":"Official website of 100 gecs with tour dates, music, merch and more. New album ‘10,000 gecs’ out now.","forwardLinks":[]}