{"doc":["visual","busi","contact","document","organiz","structur","understand","circl","influenc","compani","hierarchi","collabor","friend","foe","execut","assist","interest","hobbi","birthdai","event","peopl","talk","friend","foe","coach","champion","blocker","steven","appreci","good","bordeaux","nanci","allerg","red","wine","andrew","root","red","sox","boi","will","slap","mention","em","heather","mare","amaz","assist","don","forget","send","flower","love","tulip","administr","profession","dai","susan","depart","doesn","product","move","roberto","prefer","text","amanda","respond","email","8am","organ","busi","contact","chart","track","report","structur","easili","understand","invit","peer","work","orgchart","share","boss","compani","org","structur","champion","adversari","map","power","circl","power","peopl","compani","good","book","rememb","detail","matt","forget","favorit","sport","team","busi","contact","handicap","like","golf","rememb","import","date","contact","famili","pet","start","free","start","free","term","privaci","polici","licens","agreement","login","sign","work","larg","compani","daunt","time","upgrad","rolodex","handshak","org","chart","sale"],"headings":["org","chart","map","tool","b2b","sale","handshak","free","org","chart","map","tool","b2b","sale","person","track","org","structur","contact","assist","birthdai","understand","circl","influenc"],"url":"https://100hs.org","previewTitle":"Org Chart Mapping Tool for B2B Sales | Hundred Handshakes","preview":"Free org chart mapping tool. Make your B2B sales more personable. Track org structure, contact, assistants, birthdays. Understand the circles of influence.","forwardLinks":[]}