{"doc":["radio","video","acti","muziek","nieuw","informati","profiel","dj","playlist","programm","frequenti","digital","station","helden","van","100","100","nl","top","20","contact","100","nl","app","100","nl","tv","stuur","je","demo","100","nl","magazin","radio","video","acti","muziek","nieuw","informati","profiel","dj","playlist","programm","frequenti","digital","station","helden","van","100","100","nl","top","20","contact","100","nl","app","100","nl","tv","stuur","je","demo","100","nl","magazin","je","raadt","het","nooit","bekijk","meer","muziek","dit","de","hit","van","100","week","20","nieuw","giorgio","hokstam","en","partner","roo","verwachten","derd","kindj","muziek","benr","maakt","een","nummer","hooikoort","binnen","24","uur","muziek","dit","de","hit","van","100","week","19","nieuw","songfestiv","geheimen","de","podcast","aflev","nieuw","benr","binnen","24","uur","bekijk","meer","dit","de","hit","van","100","week","20","benr","maakt","een","nummer","hooikoort","binnen","24","uur","dit","de","hit","van","100","week","19","dit","de","hit","van","100","week","18","bekijk","meer","video","finish","lyric","meet","lang","fran","video","finish","lyric","meet","claud","video","finish","lyric","meet","rond","video","finish","lyric","meet","k3","video","finish","lyric","meet","davina","michel","video","finish","lyric","meet","zo","tauran","goedemorgen","100","nl","de","barri","paf","show","erik","van","roekel","hier","radio","video","acti","nieuw","muziek","gemist","vacatur","algemen","voorwaarden","privaci","cooki","polici","adverteren","per","bekijk","antwoorden","highlight","muziek","video","gemist"],"headings":["100","nl"],"url":"https://100p.nl","previewTitle":"\n        100% NL    ","preview":"No preview available","forwardLinks":[]}