{"doc":["100","search","engin","aol","mail","centurylink","cox","facebook","gmail","optimum","outlook","spectrum","xfiniti","yahoo","mail","mail","accuweath","weather","underground","bing","map","googl","map","airbnb","book","cheapoair","expedia","yellow","page","white","page","al","associ","alzheim","assoc","american","diabet","feed","america","australia","canada","ireland","zealand","unit","kingdom","unit","state","amazon","bing","craigslist","ebai","espn","facebook","googl","instagram","linkedin","netflix","pandora","pinterest","reddit","twitter","webmd","walmart","wikipedia","yahoo","yelp","youtub","australia","canada","ireland","zealand","unit","kingdom","unit","state","dalla","star","preak","2024","colorado","f1","rudi","giuliani","diddi","timberwolv","marjori","taylor","scotti","billi","eilish","tyson","furi","kensington","gmail","yahoo","mail","xfiniti","spectrum","cox","outlook","centurylink","icloud","aol","mail","mail","facebook","twitter","instagram","pinterest","linkedin","walmart","amazon","ebai","etsi","craigslist","youtub","netflix","hulu","roku","crackl","weather","dictionari","googl","map","wikipedia","imdb","espn","bleacher","cb","sport","nbc","sport","fox","sport","spotifi","soundcloud","pandora","deezer","amazon","music","tripadvisor","kayak","lone","planet","flightstat","factbook","allrecip","food","network","food","epicuri","yelp","nick","cool","math","pb","kid","cartoon","net","anim","jam","motlei","fool","marketwatch","seekingalpha","kipling","mint","autotrad","autoguid","car","driver","motortrend","road","track","webmd","nih","medscap","drug","cdc","usp","up","fedex","dhl","amazon","hub","realtor","zillow","trulia","ml","homefind","virustot","urlvoid","site","safeti","safe","brows","norton","safe","aarp","medicaid","medicar","60","seniorliv","tmz","onlin","peopl","weekli","perez","hilton","calendar","classroom","doc","drive","photo","burpe","garden","aliv","gardenweb","basic","garden","seed","saver","suggest","addit","categori","abc","au","bbc","uk","cbc","ca","cnbc","ctv","ca","daili","express","uk","daili","mail","uk","fox","nbc","new","au","guardian","au","guardian","uk","sun","sun","uk","militari","surgeon","embrac","mission","minor","work","alabama","video","appear","show","sean","diddi","comb","nation","new","ukrain","fear","russian","offens","israel","recov","bodi","vision","virgin","mari","vatican","world","new","phoenix","beat","rest","countri","studi","link","talc","ovarian","cancer","minor","work","alabama","busi","new","openai","dissolv","team","focu","long","term","tokyo","disnei","american","influenc","googl","test","have","detect","scam","phone","call","tech","new","john","stamo","share","rare","pictur","olsen","bridgerton","season","put","scotti","scheffler","wife","meredith","showbiz","new","studi","link","talc","ovarian","cancer","death","teen","eat","spici","chip","propos","north","carolina","law","health","new","leverkusen","finish","unbeaten","bundesliga","pacer","spur","fieri","carlisl","roll","hay","end","chelsea","reign","7th","wsl","titl","sport","new","100"],"headings":["100","search","engin","100","search","web","meta","search","engin","find","relev","inform","new","imag","video","multipl","search","engin","search","engin","internet","search","web","search","metasearch","100searchengin","100","search","engin"],"url":"https://100searchengines.com","previewTitle":"100 Search Engines - Why use one, when you can have 100","preview":"Search all across the web with this meta search engine to find the relevant information, news, images and videos from multiple search engines.","forwardLinks":[]}