{"doc":["learn","learn","learn","learn","learn","learn","learn","learn","learn","learn","learn","learn","learn","learn","learn","learn","learn","learn","learn","learn","learn","learn","learn","learn","learn","learn","learn","learn","learn","learn","learn","learn","learn","learn","learn","learn"],"headings":["100x","vc","top","pre","seed","seed","stage","vc","fund","indian","startup","100x","vc","ventur","capit","firm","creat","model","fund","earli","stage","startup","india","100x","vc","sebi","regist","aif"],"url":"https://100x.vc","previewTitle":"100X.VC | Top Pre-Seed and Seed Stage VC Fund for Indian Startups","preview":"100X.VC, a venture capital firm created a new model for funding early stage startups in India. 100X.VC is a SEBI Registered AIF.","forwardLinks":[]}