{"doc":["find","advic","file","convers","find","softwar","file","convert","wai","convert","file","format","brows","file","convers","categori","follow","twitter","find","facebook","101convert","copyright","2024","right","reserv","term","condit","privaci","polici","101","convert","espa","ol","fran","ai","deutsch","portugu","italiano","eski","convert","tmp","png","convert","crdownload","apk","convert","crdownload","ipa","convert","iso","ovf","convert","ind","pub","convert","rw2","tiff","convert","crdownload","zip","convert","spd","rtf","convert","mp4","pmf","convert","rw2","png","convert","audio","midi","convert","mp4","midi","convert","ex","apk","convert","mp4","ex","convert","pdf","dat","follow","twitter","find","facebook","term","condit","privaci","polici","3d","model","672","account","taxi","95","archiv","183","audio","785","audio","text","41","cad","389","comput","game","36","contact","address","book","121","databas","205","disk","imag","210","document","1389","ebook","201","font","27","gp","navig","76","graphic","1167","graphic","embroideri","243","internet","97","mind","map","flowchart","31","mobil","platform","404","music","composit","183","625","programm","text","file","video","1274","video","subtitl","59","virtual","50","web","design","10","convert","tmp","png","convert","temporari","tmp","file","png","imag","17","2024","graphic","convert","crdownload","apk","transform","googl","chrome","crdownload","partial","download","file","android","apk","applic","17","2024","mobil","platform","convert","crdownload","ipa","convert","crdownload","ipa","crdownload","ipa","convert","16","2024","mobil","platform","convert","iso","ovf","iso","imag","file","convert","ovf","virtual","machin","imag","file","16","2024","virtual","convert","ind","pub","convers","adob","indesign","ind","document","microsoft","publish","pub","file","14","2024","document","convert","rw2","tiff","export","panason","raw","tiff","format","14","2024","graphic","convert","crdownload","zip","recov","zip","archiv","partial","download","crdownload","file","14","2024","internet","convert","spd","rtf","convert","spd","rtf","spd","rtf","convert","14","2024","document","convert","mp4","pmf","program","perform","convers","mp4","file","pmf","format","13","2024","video","convert","rw2","png","convert","rw2","png","export","panason","raw","imag","png","format","13","2024","graphic","convert","audio","midi","convert","audio","file","midi","recommend","softwar","audio","midi","convers","13","2024","audio","convert","mp4","midi","convert","util","capabl","mp4","file","midi","format","convers","13","2024","music","composit","convert","ex","apk","convert","ex","apk","run","window","program","googl","android","devic","2024","mobil","platform","convert","mp4","ex","creat","window","execut","mp4","video","2024","video","convert","pdf","dat","check","option","pdf","file","convert","dat","format","2024","document","file","convers","search"],"headings":["101convert","file","convers","search","find","advic","file","convers","search","inform","file","format","convers","softwar","convert"],"url":"https://101convert.com","previewTitle":"101convert.com - File conversion search","preview":"Find advice to any to any file conversion. Search for information about various file format conversions and software converters.","forwardLinks":[]}