{"doc":["xxx","video","real","mom","japanes","mom","mom","son","xxx","mom","son","young","teen","step","mom","son","sleep","step","mom","mom","young","girl","blond","mom","sister","anal","chines","japanes","indian","mom","japanes","cheat","step","brother","sister","dad","china","granni","anal","anal","gai","granni","japanes","famili","shemal","lesbian","mom","bbw","tube","porn","free","tube","video","popular","video","top","rate","video","video","tube","pornstar","tube","tag","tube","channel","wild","521","amateur","21278","teen","14645","milf","14757","son","2774","group","sex","1763","sex","toi","2458","young","5157","cum","tit","6730","wife","5316","handjob","4170","top","819","arab","904","uniform","309","finger","3570","mom","5737","romant","1982","neighbor","392","masseus","83","home","video","1139","yoga","325","friend","492","pov","8612","stepdad","273","public","2809","dp","869","wank","120","ride","2122","pervert","76","bisexu","542","barefoot","49","big","cock","11311","massag","1445","poker","19","stori","350","toe","141","mask","113","lesbian","3403","strapon","616","parti","673","tube","porn","free","tube","video","tube","pornstar","tube","tag","channel","tube","porn","video"],"headings":["free","tube","porn","video","101","tube","porn","hd","porn","tube","video","xxx","porn","movi","beauti","pussi","101tubeporn"],"url":"https://101tubeporn.com","previewTitle":"Free Tube Porn Videos | 101 Tube Porn","preview":"HD Porn Tube Videos, XXX Porn Movies and Beautiful Pussies at 101TubePorn.com","forwardLinks":[]}