{"doc":["rwd","886","2200","8539","rwd","2020","2020","101superweb","haleluya101","2017","googl","adob","flash","2020","chrome","flash","chrome","101superweb","rwd","goodby","flash","chrome","rwd","respons","web","design","googl","2015","21","mobil","friendli","find","12","1600","rwd","not","000","rwd","pc","dii","not","000","7000","02","2200","8539","servic","yabolahan","http","gbchurch","org","tw","dii","http","peac","org","tw","http","www","hllchurch","org","101superweb","101","101","abraham","technolog","2005","right","reserv","101","www","yabolahan","02","2200","8539","02","2930","6397","mail","servic","yabolahan","sign","sign","liferai","portlet","onload","canedittitl","fals","columnpo","isstat","namespacedid","p_p_id","u005f","u0035","u0036","u005f","u0049","u004","u0053","u0054","u0041","u004","u0043","u0045","u005f","u0066","u0038","u0047","u0038","u005f","portletid","u0035","u0036","u005f","u0049","u004","u0053","u0054","u0041","u004","u0043","u0045","u005f","u0066","u0038","u0047","u0038","rwd","886","2200","8539","rwd","2020","2020","101superweb","haleluya101","2017","googl","adob","flash","2020","chrome","flash","chrome","101superweb","rwd","goodby","flash","chrome","rwd","respons","web","design","googl","2015","21","mobil","friendli","find","12","1600","rwd","not","000","rwd","pc","dii","not","000","7000","02","2200","8539","servic","yabolahan","http","gbchurch","org","tw","dii","http","peac","org","tw","http","www","hllchurch","org","liferai","portlet","onload","canedittitl","fals","columnpo","isstat","namespacedid","p_p_id","u005f","u0035","u0036","u005f","u0049","u004","u0053","u0054","u0041","u004","u0043","u0045","u005f","u0069","u0031","u006f","u0049","u005f","portletid","u0035","u0036","u005f","u0049","u004","u0053","u0054","u0041","u004","u0043","u0045","u005f","u0069","u0031","u006f","u0049","101superweb","101","101","liferai","portlet","onload","canedittitl","fals","columnpo","isstat","namespacedid","p_p_id","u005f","u0035","u0036","u005f","u0049","u004","u0053","u0054","u0041","u004","u0043","u0045","u005f","u0063","u0039","u0038","u0043","u005f","portletid","u0035","u0036","u005f","u0049","u004","u0053","u0054","u0041","u004","u0043","u0045","u005f","u0063","u0039","u0038","u0043","abraham","technolog","2005","right","reserv","101","www","yabolahan","02","2200","8539","02","2930","6397","mail","servic","yabolahan","liferai","portlet","onload","canedittitl","fals","columnpo","isstat","namespacedid","p_p_id","u005f","u0035","u0036","u005f","u0049","u004","u0053","u0054","u0041","u004","u0043","u0045","u005f","u0043","u0032","u006b","u0075","u005f","portletid","u0035","u0036","u005f","u0049","u004","u0053","u0054","u0041","u004","u0043","u0045","u005f","u0043","u0032","u006b","u0075","liferai","portlet","onload","canedittitl","fals","columnpo","isstat","namespacedid","p_p_id","u005f","u0035","u0036","u005f","u0049","u004","u0053","u0054","u0041","u004","u0043","u0045","u005f","u0057","u007a","u0053","u0039","u005f","portletid","u0035","u0036","u005f","u0049","u004","u0053","u0054","u0041","u004","u0043","u0045","u005f","u0057","u007a","u0053","u0039"],"headings":["101","101","dii","101"],"url":"https://101superweb.com","previewTitle":"101架站平台 - 教會、中小企業、非營利組織網站架設最佳夥伴！","preview":"101架站平台提供成本低、快速又好用的架站工具，提供中小企業、非營利組織、教會使用，可DIY自行架網站或採用快速設計服務、更有影音、線上捐款等工具。","forwardLinks":[]}