{"doc":["_txt","copyright","2012","2020","right","reserv","ntr","ntr","166449","01","150203","02","124638","03","121087","04","116291","05","98551","06","88754","07","83266","08","76306","09","72697","10","65025","11","58575","12","54204","13","49305","14","48429","15","48188","16","46884","17","41872","18","41366","19","39428","20","37510","21","spin","1984","2008","yao","not","05","19","741","05","19","05","19","213","05","19","483","05","19","152","05","19","381","05","19","073","05","19","276","05","19","3141","05","19","3300","05","19","05","19","258","05","19","170","05","19","1031","05","19","633","05","19","622","05","19","791","05","19","305","05","19","140","05","19","97","05","19","176","05","19","216","05","19","192","05","19","200","15","05","19","199","dna","05","19","447","05","19","987","05","19","320","05","19","teleplai","new"],"headings":["_txt","vip","wap","_txt"],"url":"https://101novel.com","previewTitle":"卡提諾小說網_小說最全_更新最快_免費閱讀_TXT全本下載_好看的小說網站","preview":"卡提諾小說網,為網友提供各類網絡經典全本完結小說，最新流行熱門小說，vip章節更新最快，無需登陸即可免費閱讀下載，如手機觀看自動跳轉wap模式，超省流量。","forwardLinks":[]}