{"doc":["famili","hous","hous","societi","societi","manag","properli","creat","distress","creat","tension","effort","peopl","life","easi","decid","build","applic","manag","societi","life","easi","simpl","101societi","applic","develop","meet","societi","requir","custom","mainten","invoic","receipt","notic","individu","floor","block","societi","level","secur","vendor","manag","staff","manag","account","document","manag","park","manag","softwar","forecast","mainten","incom","societi","plan","expens","base","forecast","onlin","mainten","resourc","manag","account","softwar","owner","view","gatekeep","commun","document","report","101societi","manag","servic","salient","featur","product","download","app","connect","request","demo","smart","peopl","smart","societi","manag"],"headings":["101societi","societi","feder","manag","app","101societi","facilit","societi","manag","smart","societi","smart","featur","101societi","101societi","app","101societi","portal","101societi","login","apart","manag","softwar","societi","mainten","app","feder","app","area","feder","app","home","rend","hous","rend","sale","apart","softwar","owner","nomin","softwar","vendor","manag","softwar","societi","noc","softwar","societi","mobil","app","secur","guard","app","gatekeep","app","societi","park","manag","societi","audit","softwar","onlin","societi","account","softwar","societi","manag","app","cooper","societi","manag","softwar","hous","societi","websit","societi","manag","softwar"],"url":"https://101society.com","previewTitle":"101Society : Best Society and Federation Management App","preview":"101Society facilitate society management to be smart society with smart features","forwardLinks":["http://shorturl.at","https://apps.apple.com"]}