{"doc":["2024","01","21","tg","qq","pic1","yzzyimg","pic1","imgyzzi","cm","maccmsv8","maccmsv10","feifei34","feifei5","cm","cm","tg","qq","date","hour","gethour","document","write","blink","hour","document","write","hdzyk","hour","document","write","hdzyk","hour","12","document","write","hdzyk","hour","14","document","write","hdzyk","hour","18","document","write","hdzyk","hour","23","document","write","hdzyk","hdzyk","cm","maccmsv8","maccmsv10","feifei34","feifei5","cm","cm","hdzyk","55248","55248","2024","18","2024","05","19","00","48","53","20240518","2024","05","19","00","48","15","20240518","2024","05","19","00","47","07","20240518","2024","05","19","00","46","29","05","2024","05","19","00","45","51","20240518","2024","05","19","00","44","43","16","2024","05","18","22","42","55","1958","10","2024","05","18","22","37","09","2024","03","2024","05","18","22","35","05","11","2024","05","18","22","34","32","15","2024","05","18","20","42","09","10","2024","05","18","20","37","32","2024","20240518","2024","05","18","20","33","08","1182","2024","05","18","20","06","30","1182","2024","05","18","20","03","39","19","2024","05","18","20","00","43","08","2024","05","18","19","51","32","08","2024","05","18","19","50","53","10","2024","05","18","19","50","24","2024","10","2024","05","18","19","37","08","08","2024","05","18","19","31","27","28","2024","05","18","18","00","29","97","2024","05","18","17","57","39","21","2024","05","18","17","55","37","36","2024","05","18","17","55","01","06","2024","05","18","16","23","52","79","2024","05","18","16","03","40","20240518","2024","05","18","15","00","50","hd","2024","05","18","14","39","35","10","2024","05","18","14","16","50","546","2024","05","18","13","40","13","21","2024","05","18","13","27","29","35","2024","05","18","13","26","48","05","2024","05","18","13","26","13","2024","05","18","13","25","40","04","2024","05","18","13","25","04","267","2024","05","18","13","24","28","21","2024","05","18","13","23","51","76","2024","05","18","13","21","06","03","2024","05","18","13","20","31","35","2024","05","18","13","19","24","npc","09","2024","05","18","13","18","46","68","2024","05","18","13","18","06","19","2024","05","18","13","17","33","285","2024","05","18","13","16","50","72","2024","05","18","13","16","02","38","2024","05","18","13","15","16","28","2024","05","18","13","14","00","93","2024","05","18","13","13","27","40","2024","05","18","13","12","37","55248","1105","hdzyk","copyright","2012","2024","right","reserv","hdzyk","googl","rss","cdn","yzzy","tv","hdzyk","1080zyk1","1080zyk15","m3u8","http","vip","zykbf","url","2024","01","21","tg","qq","pic1","yzzyimg","pic1","imgyzzi"],"headings":["hdzyk","hdzyk","hdzyk"],"url":"https://1080zyk1.com","previewTitle":"hdzyk,高清资源库,优质资源库_专注于为站长们提供各种高清影视资源免费采集","preview":"hdzyk,高清资源库,优质资源库","forwardLinks":["https://t.me","http://qm.qq.com","http://23.225.52.71","https://www.cmschajian.com","https://www.omaxcn.com"]}