{"doc":["book","tour","tour","tour","sale","free","trail","guid","check","map","explor","world","stori","stori","destin","gear","review","trip","guid","trip","report","adventur","health","gener","587","327","9828","log","sign","creat","account","start","adventur","todai","memori","explor","world","spend","time","make","memori","plan","10adventur","book","custom","privat","person","activ","adventur","holidai","85","countri","tour","destin","activ","lifelong","memori","peopl","care","special","custom","privat","activ","travel","experi","spend","time","make","memori","plan","enjoi","stress","free","vacat","leav","trip","logist","bot","real","human","click","call","ensur","adventur","dream","immers","destin","highli","vet","local","tour","oper","love","showcas","live","10adventur","sourc","find","hike","tour","cycl","tour","winter","adventur","tour","water","base","tour","famili","tour","activ","adventur","travel","specialist","incred","outdoor","tour","span","globe","book","tour","10adventur","special","focu","mean","dedic","adventur","specialist","learn","travel","person","tour","perfect","travel","book","privat","tour","love","lifelong","memori","travel","peopl","love","great","privat","trip","custom","group","privat","tour","cost","join","group","trip","join","group","trip","meet","interest","peopl","select","trip","join","group","meet","mind","travel","start","plan","adventur","todai","explor","camino","de","santiago","hike","tour","du","mont","blanc","cycl","itali","trek","nepal","tour","join","weekli","travel","newslett","find","adventur","trip","travel","easi","matt","travel","authent","reason","million","peopl","10adventur","year","10adventur","plan","trip","tour","rout","blog","10","amaz","trek","asia","explor","magnific","earth","trek","tour","10","trek","mediterranean","10","multi","dai","hike","canada","contin","top","destin","tour","activ","top","region","activ","top","blog","categori","st0","fill","fec51b","st1","fill","474747","book","tour","tour","tour","sale","free","trail","guid","check","map","explor","world","stori","stori","destin","gear","review","trip","guid","trip","report","adventur","health","gener","587","327","9828","log","sign","creat","account","start","adventur","todai","memori","explor","world","spend","time","make","memori","plan","10adventur","book","custom","privat","person","activ","adventur","holidai","85","countri","tour","destin","activ","explor","view","andrea","denis","jennif","lesli","martha","maureen","shellei","sylvia","nepales","himalaya","cotswold","yosemit","view","tour","hike","tour","bike","tour","famili","tour","safari","tour","glacier","nation","park","dolomit","lake","district","yosemit","nation","park","free","trail","guid","hike","rout","guid","road","bike","rout","guid","backpack","rout","guid","snowsho","rout","guid","open","detail","10","amaz","trek","asia","explor","magnific","earth","open","detail","trek","tour","open","detail","10","trek","mediterranean","open","detail","10","multi","dai","hike","canada","view","stori","africa","botswana","kenya","morocco","south","africa","tanzania","asia","india","indonesia","nepal","thailand","vietnam","europ","england","franc","iceland","itali","portug","spain","middl","east","israel","jordan","turkei","north","america","canada","usa","south","america","argentina","bolivia","chile","colombia","ecuador","peru","amalfi","coast","atla","mountain","camino","de","santiago","canadian","rocki","cotswold","dolomit","everest","himalaya","kilimanjaro","laugavegur","machu","picchu","patagonia","portuges","camino","torr","del","pain","tour","de","mont","blanc","tuscani","bike","climb","trek","famili","trip","horseback","ride","multisport","snow","water","wildlif","pilgrimag","canada","banff","jasper","kananaski","whistler","yoho","england","lake","district","cotswold","north","york","moor","peak","district","south","down","franc","chamonix","pyrene","mercantour","vanois","itali","amalfi","coast","dolomit","gran","paradiso","tuscani","scotland","cairngorm","loch","lomond","highland","usa","glacier","grand","canyon","yellowston","yosemit","zion","backpack","citi","walk","hike","scrambl","mountain","bike","road","bike","snowsho","xc","ski","trek","africa","trek","asia","trek","europ","trek","iceland","camino","guid","kilimanjaro","guid","machu","picchu","guid","tmb","guid","destin","gear","review","trip","guid","trip","report","adventur","health","privaci","polici","term","advertis","polici","cooki","polici","stori","podcast","career","affiili","contributor","travel","accommod","polici","book","safeti","tour","difficulti","rate","trip","type","destin","travel","insur","support","medium","partnership","contact","book","person","activ","vacat","10adventur","travel","10adventur","book","10","adventur","experi","tour","destin","explor","rout","guid","stori","book","adventur","tour","hike","cycl","water","winter","tour","travel","inspir","discount"],"headings":["10adventur","find","adventur","find","hike","trail","stun","place","earth","plan","trip","free","onlin","rout","guid","book","handpick","adventur","tour"],"url":"https://10adventures.com","previewTitle":"10Adventures: Find Your Next Adventure","preview":"Find the hiking trails to the most stunning places on earth. Plan a trip using our free online route guides or book one of our handpicked adventure tours.","forwardLinks":[]}