{"doc":["challeng","dai","18","2024","word","dai","inbox","find","word","year","bear","learn","word","dai","deliv","inbox","merriam","webster","dictionari","follow","dictionari","match","accuraci","scholarship","defin","word","mean","pronunci","synonym","usag","grammar","tip","set","standard","dictionari","lookup","word","dai","fact","observ","languag","lookup","trend","wordplai","editor","merriam","webster","dictionari","2024","merriam","webster","incorpor","bird","darndest","dutch","yiddish","japanes","hindi","quiz","12","word","sign","spring","game","quiz","word","dai","great","big","list","beauti","useless","word","vol","rare","amus","insult","volum","jaywalk","call","jaywalk","gaslight","wake","democraci","top","lookup","pair","commonli","confus","word","word","commonli","mispronounc","irregardless","real","word","chang","definit","liter","video","indict","nip","butt","nip","bud","rememb","spell","word","choic","video","seri","merriam","webster","app","podcast","shop","book","merch","merriam","webster","logo","game","quiz","game","quiz","word","dai","grammar","wordplai","word","finder","thesauru","join","mwu","book","link","icon","merch","link","icon","word","recent","account","log","thesauru","join","mwu","link","icon","book","link","icon","merch","link","icon","log","word","recent","account","log","game","quiz","word","dai","grammar","merriam","webster","logo","word","finder","wordplai","thesauru","join","mwu","link","icon","book","link","icon","merch","link","icon","log","word","recent","account","log","bird","darndest","dutch","yiddish","japanes","hindi","quiz","12","word","sign","spring","octordl","miss","letter","twofer","goofer","test","vocabulari","spell","game","quiz","artific","listen","pronunci","artific","definit","exampl","podcast","great","big","list","beauti","useless","word","vol","wonder","obscur","pointless","rare","amus","insult","volum","jaywalk","call","jaywalk","origin","word","shape","letter","gaslight","wake","democraci","top","lookup","solv","word","12","word","pick","crossword","twist","quiz","pusillanim","pair","commonli","confus","word","languag","learn","hasn","peak","titl","piqu","interest","peek","list","commonli","confus","word","word","commonli","mispronounc","18","word","mispronounc","irregardless","real","word","lol","face","chang","definit","liter","liter","modern","dictionari","includ","definit","video","indict","put","nip","butt","nip","bud","gonna","stop","rememb","spell","definit","answer","word","choic","video","seri","merriam","webster","celebr","writer","share","quest","find","word","listen","dictionari","thesauru","book","kid","support","school","shirt","mug","puzzl","bag","merriam","webster","game","quiz","game","quiz","word","dai","grammar","wordplai","word","finder","thesauru","join","mwu","shop","book","link","icon","merch","link","icon","shop","book","link","icon","merch","link","icon","set","word","recent","account","log","set","word","recent","account","log","thesauru","join","mwu","link","icon","shop","book","link","icon","merch","link","icon","log","usernam","word","recent","account","log","thesauru","join","mwu","link","icon","shop","book","link","icon","merch","link","icon","log","usernam","word","recent","account","log","game","quiz","word","dai","grammar","word","finder","wordplai","thesauru","join","mwu","link","icon","shop","book","link","icon","merch","link","icon","log","usernam","word","recent","account","log","thesauru","join","mwu","link","icon","shop","book","link","icon","merch","link","icon","log","usernam","word","recent","account","log","fishbowl","mousetrap","horsefli","dogleg","catfish","turtledov","werewolf","zag","hairpin","10","switchback","video","indict","put","nip","butt","nip","bud","gonna","stop","rememb","spell","definit","answer","bio","geo","merriam","webster","unabridg","dictionari","scrabbl","word","finder","merriam","webster","dictionari","api","nglish","spanish","english","translat","britannica","english","arab","translat","facebook","twitter","youtub","instagram","home","shop","advertis","info","dictionari","api","contact","join","mwu","video","word","year","kid","dictionari","law","dictionari","medic","dictionari","divers","privaci","polici","term","brows","thesauru","brows","medic","dictionari","brows","legal","dictionari","brows","kid","dictionari","wordplai","game","quiz","grammar","usag","time","travel","video","video","brows","dictionari","brows","thesauru"],"headings":["merriam","webster","america","trust","dictionarymenu","togglemerriam","webster","logolink","iconlink","iconlink","iconlink","iconlink","iconmenu","togglemerriam","webster","logolink","iconlink","iconlink","iconlisten","pronunci","artific","find","definit","300","000","word","authorit","english","dictionari","continu","updat","word","mean"],"url":"https://merriam-webster.com","previewTitle":"Merriam-Webster: America's Most Trusted DictionaryMenu ToggleMerriam-Webster Logolink iconlink iconlink iconlink iconlink iconMenu ToggleMerriam-Webster Logolink iconlink iconlink iconListen to the pronunciation of artifice","preview":"Find definitions for over 300,000 words from the most authoritative English dictionary. Continuously updated with new words and meanings.","forwardLinks":["https://shop.merriam-webster.com","https://merriamwebster.threadless.com","https://unabridged.merriam-webster.com","https://www.britannica.com","https://itunes.apple.com","https://play.google.com"]}