{"doc":["warn","ir","paper","file","limit","10","total","form","tax","year","2023","suit","softwar","product","cover","inform","report","requir","ir","ssa","offer","product","entir","seri","1099","form","includ","w2","aca","1094","1095","1042","w2","form","print","efil","program","addit","charg","servic","build","program","program","support","correct","current","year","10","form","print","ir","red","form","mail","ir","free","tcc","transmitt","control","code","efil","ir","free","purchas","special","form","print","plain","paper","send","recipi","pai","invoic","part","saa","perform","servic","efil","print","mail","fee","upload","file","servic","bureau","websit","deploi","state","art","encrypt","server","protect","datum","transit","rest","import","datum","program","easi","copi","past","excel","free","xp","softwar","convert","account","datum","softwar","quickbook","sage","datum","remain","secur","local","server","hard","drive","ir","paper","file","limit","10","total","form","tax","year","2023","361","884","1500","cart","home","current","product","product","price","download","1099","express","express","1042","express","1095","express","product","price","download","1099","express","express","1042","express","1095","express","servic","bureau","servic","bureau","send","file","tin","match","file","ir","file","state","print","mail","pai","invoic","servic","bureau","send","file","tin","match","file","ir","file","state","print","mail","pai","invoic","support","support","contact","faq","privaci","polici","term","document","support","contact","faq","privaci","polici","term","361","884","1500","cart","start","product","price","tinmatch","sendfil","pai","invoic","softwar","servic","bureau","support","home","current","product","product","price","download","1099","express","express","1042","express","1095","express","product","price","download","1099","express","express","1042","express","1095","express","servic","bureau","servic","bureau","send","file","tin","match","file","ir","file","state","print","mail","pai","invoic","servic","bureau","send","file","tin","match","file","ir","file","state","print","mail","pai","invoic","support","support","contact","faq","privaci","polici","term","document","support","contact","faq","privaci","polici","term","1099","express","express","1042","express","1095","express","send","file","tin","match","file","print","mail","pai","invoic","contact","faq","privaci","polici","term","site","map","sort","relev","relev","date","softwar","inform","report","effortless","satisfi","custom"],"headings":["home","page","1099","express","1099","express","complet","softwar","effortlessli","process","year","1099","seri","form","import","simpl","copi","past","excel","softwar","print","plain","paper","form","format","fit","standard","doubl","window","envelop","mail","recipi","paper","form","ir","softwar","print","form","file","choos","method","softwar","creat","requir","file","format","ir","work","wheelhous","1099","1098","1096","1095","1042","file","print","mail","8027","nec","import","excel","copi","past","servic","bureau"],"url":"https://1099express.com","previewTitle":"Home Page - 1099 Express","preview":"1099 Express is a complete software that will help you effortlessly process all your year end 1099 series forms.  Importing is as simple as copy and paste from excel.  The software prints on to plain paper and the form is formatted to fit a standard No.9 double window envelope to mail to the recipients.  If using paper forms from the IRS, the software can print directly to those forms.  If e-filing is the chosen method, then the software creates the required file format for the IRS.  If all that work is not in your wheelhouse, we can do it all for you!","forwardLinks":["https://secure.1099express.com"]}