{"doc":["gwendal","le","coguic","blog","project","cve","servic","press","blog","project","cve","servic","press","gwendal","le","coguic","secur","profession"],"headings":["gwendal","le","coguic","gwendal","le","coguic","develop","bug","hunter","develop","secur","research","pentest","bugbounti","bughunt","tool","bash","php","python","golang"],"url":"https://10degres.net","previewTitle":"Gwendal Le Coguic","preview":"Gwendal Le Coguic, developer and bug hunter","forwardLinks":["https://twitter.com","https://www.linkedin.com","https://github.com"]}