{"doc":["domain","10chair","sale","owner","webpag","gener","domain","owner","sedo","domain","park","disclaim","sedo","maintain","relationship","parti","advertis","refer","specif","servic","trade","mark","control","sedo","constitut","impli","associ","endors","recommend","bui","domain","domain","10chair","sale","owner","sedo","domain","park","privaci","polici","10chair","bui","domain"],"headings":["10chair","websit","sale","10chair","resourc","inform","websit","sale","10chair","sourc","inform","gener","topic","expect","find","10chair","hope","find","search"],"url":"https://10chairs.com","previewTitle":"10chairs.com - This website is for sale! - 10chairs Resources and Information.","preview":"This website is for sale! 10chairs.com is your first and best source for all of the information you’re looking for. From general topics to more of what you would expect to find here, 10chairs.com has it all. We hope you find what you are searching for!","forwardLinks":["https://sedo.com"]}