{"doc":["home","compar","review","faq","disclosur","contact","protect","home","compar","review","faq","disclosur","contact","10","antiviru","softwar","find","antiviru","softwar","protect","devic","ident","review","lead","antiviru","internet","secur","brand","compar","secur","featur","devic","os","decis","easi","valu"],"headings":["home","10bestantivirusprovid"],"url":"https://10bestantivirusproviders.com","previewTitle":"Home-10bestantivirusproviders.com","preview":"No preview available","forwardLinks":[]}