{"doc":["10","design","industri","research","organ","span","entrepreneurship","design","onlin","busi","vertic","origin","form","tool","review","rank","top","design","firm","world","grow","list","ten","million","ey","bring","great","web","design","compani","capabl","provid","todai","10","design","learn","histori","trend","design","audio","design","podcast","read","cut","edg","research","poll","industri","report","perus","grow","trove","articl","design","focu","blog","10","design","provid","date","inform","design","industri","year","research","team","bear","necess","natur","progress","todai","releas","period","edit","design","report","digit","paperback","format","read","design","report","origin","web","design","expert","new","trend","design","industri","tune","audio","design","hear","internet","top","podcast","design","listen","design","podcast","10","design","begin","team","front","design","develop","onlin","market","believ","strongli","potenti","futur","web","base","artwork","digit","composit","web","design","award","grow","world","renown","work","tirelessli","find","web","design","top","design","develop","result","award","stand","don","hesit","investig","10","design","sourc","date","new","staff","build","compil","numb","web","top","tradit","digit","design","tool","code","formatt","interact","clickabl","map","web","develop","color","picker","tool","identifi","underli","color","palett","10","design","resourc","expert","beginn","dai","continu","add","toolbox","technolog","emerg","expertis","industri","review","great","wrong","analysi","aid","search","design","10bd","rank","web","develop","design","adventur","confid","select","compani","world","have","research","give","suggest","decis","web","design","firm","sign","newslett","will","inform","updat","offer","web","design","tool","design","award","design","tool","web","design","research","consult","overview","report","top","award","report","podcast","blog","directori","submit","design","firm","design","firm","web","design","directori","design","tool","blog","podcast","contact","web","design","app","design","citi","industri","brand","firm","firm","web","design","digit","agenc","respons","custom","seo","design","ecommerc","shopifi","bigcommerc","magento","wordpress","drupal","app","design","android","app","io","app","iphon","app","ipad","app","wearabl","app","web","app","atlanta","austin","boston","chicago","dalla","denver","houston","london","lo","angel","miami","minneapoli","york","philadelphia","phoenix","portland","san","antonio","san","francisco","seattl","toronto","vancouv","washington","dc","enterpris","corpor","small","busi","architectur","dental","hotel","legal","corpor","real","estat","restaur","school","delvieri","pharmaceut","crm","develop","brand","compani","top","name","firm","brand","pr","agenc","top","print","design","firm","invit","design","brochur","design","busi","card","design","packag","design","firm","10","web","design","firm","brand","agenc","design","tool","contact","menu","firm","web","design","digit","agenc","respons","web","design","custom","web","design","seo","web","design","ecommerc","design","mobil","app","design","shopifi","design","bigcommerc","design","magento","design","wordpress","design","drupal","design","mobil","app","design","io","app","design","iphon","app","design","ipad","app","design","android","app","design","wearabl","app","design","web","app","develop","atlanta","austin","boston","chicago","dalla","denver","houston","london","lo","angel","miami","minneapoli","york","philadelphia","phoenix","portland","san","antonio","san","diego","san","francisco","seattl","toronto","vancouv","washington","dc","enterpris","web","design","corpor","web","design","small","busi","architectur","web","design","dental","web","design","hotel","web","design","legal","web","design","medic","web","design","real","estat","web","design","restaur","web","design","school","web","design","deliveri","web","design","pharmaceut","web","design","crm","develop","brand","agenc","name","compani","brand","pr","agenc","print","design","invit","design","brochur","design","busi","card","design","packag","design","industri","report","rank","top","design","agenc","top","design","tool","web","design","conslut","web","design","tool","impress","home","contact","award","badg","directori","privaci","disclaim","covid","19","startup","bui","behavior","post","coronaviru","market","optim","post","covid","19","foodi","entrepreneur","polit","startup","design","web","design","firm","corpor","web","design","small","busi","wordpress","design","custom","design","ecommerc","design","busi","entrepreneurship","design","report","design","report","audio","design","ultim","showcas","top","web","design","firm"],"headings":["design","firm","top","web","design","firm","10","design","10bd","10","design","find","top","web","design","firm","read","design","magazin","listen","podcast","trend","vote","winner"],"url":"https://10bestdesign.com","previewTitle":"Best Design Firms | Top Web Design Firms | 10 Best Design | 10BD","preview":"10 Best Design does more than help find top web design firms. Read our design magazine and listen to our podcast to see new trends. Vote for winners...","forwardLinks":["https://twitter.com","https://www.facebook.com"]}