{"doc":["accept","popular","payment","method","india","deposit","enjoi","watch","favourit","event","enter","digit","world","10cric","plai","loyalti","point","collect","prize","win","deposit","enjoi","watch","favourit","event","enter","digit","world","10cric","plai","loyalti","point","collect","prize","win","deposit","enjoi","watch","favourit","event","plai","loyalti","point","collect","prize","win","deposit","enjoi","watch","favourit","event","enter","digit","world","10cric","wide","varieti","sport","event","industri","competit","odd","vip","program","24","custom","servic","special","bonu","huge","jackpot","wide","varieti","sport","event","industri","competit","odd","vip","program","24","custom","servic","special","bonu","huge","jackpot","24","custom","servic","special","bonu","huge","jackpot","wide","varieti","sport","event","industri","competit","odd","vip","program","player","18","order","regist","underag","gambl","prohibit","websit","oper","chanci","compani","regist","law","curacao","numb","147277","regist","address","kaya","richard","beaujon","curacao","game","sublic","b2c","9k44nca2","1668","jaz","issu","curacao","game","represent","regulatori","regim","servic","jurisdict","bf","bloom","freestyl","limit","bf","provid","payment","servic","agent","agreement","conclud","bf","bloom","freestyl","limit","bf","chanci","live","stream","mobil","app","loyalti","club","live","stream","mobil","app","loyalti","club","live","stream","loyalti","club","live","stream","mobil","app","plai","deposit","learn","learn","deposit","learn","learn","deposit","learn","deposit","learn","plai","easi","deposit","quick","withdraw","choos","10cric","benefit"],"headings":["100","bonu","15","000","100","bonu","15","000"],"url":"https://10cricmedia.com","previewTitle":"100% bonus up to ₹15,000","preview":"100% bonus up to ₹15,000","forwardLinks":[]}