{"doc":["bankruptci","attornei","huntington","beach","el","paso","handyman","crain","lewi","brogdon","llp","crowel","law","offic","hersem","law","corpu","christi","person","injuri","attornei","armaspe","choic","electr","mar","2024","featur","plan","place","websit","month","year","spot","leav","bui","featur","list","claim","spot","open","jun","1st","2024","spot","leav","click","submit","websit","claim","place","custom","templat","design","servic","paus","due","excess","demand","expect","accept","order","juli","1st","2024","understand","10","directori","sitemap","contact","return","refund","polici","privaci","polici","art","museum","award","theater","perform","illustr","danc","cinema","poetri","busi","local","servic","fair","show","foreign","exchang","onlin","payment","medic","incorpor","work","home","voip","comput","internet","social","medium","isp","mobil","applic","banner","exchang","person","websit","traffic","proxi","ip","relat","download","relat","directori","link","keyword","sale","webmast","directori","submiss","servic","toplist","region","english","reciproc","entertain","card","woman","fun","stuff","televis","radio","movi","music","game","tabl","game","east","consol","game","abandonwar","game","new","review","role","plai","plai","game","site","health","cancer","relat","organis","plastic","surgeori","consult","disabl","nurs","addict","doctor","home","rental","person","financ","cloth","famili","interior","design","move","reloc","pet","kid","teen","health","research","directori","internet","teen","life","hobbi","babi","relat","game","new","medium","new","directori","search","altern","medium","analysi","opinion","weather","televis","magazin","zine","radio","internet","medium","real","estat","architectur","south","america","intern","1031","exchang","construct","inform","middl","east","recreat","trivium","game","cafe","restaur","audio","pet","cook","motorcycl","vehicl","refer","educ","archiv","scientif","encyclopedia","geographi","12","intern","dictionari","region","balcan","region","south","america","caribbean","middl","east","africa","india","north","america","scienc","new","social","scienc","environ","biologi","space","chemistri","technolog","shop","perfum","decor","music","video","auction","fit","comput","relat","directori","flower","societi","subcultur","internet","work","life","histori","date","region","religion","legal","softwar","script","code","imag","sharewar","freewar","educ","gener","internet","datum","recoveri","sport","cycl","skate","olymp","altern","sport","winter","sport","volleybal","organis","ticket","product","travel","train","railwai","photographi","winter","tourism","histori","tourism","summer","tourism","safari","adventur","tourism","air","travel","world","tamil","catalan","portugu","lietuviskai","chines","tradit","francai","deutsch","magyar","advertis","10","directori","network","check","advertis","option","site","wide","banner","mail","sponsorship","text","link","sponsorship","10","directori","10","directori","human","edit","spam","free","gener","web","directori","main","goal","web","directori","provid","user","guid","qualiti","websit","internet","directori","submiss","tip","common","mi","fact","internet","seo","strategi","seo","blog","prepar","experi","seo","expert","hope","enjoi","time","spend","web","directori","10directori","top","100","000","visit","websit","world","highli","reput","alexa","stat","late","featur","link","bankruptci","attornei","huntington","beach","el","paso","handyman","crain","lewi","brogdon","llp","crowel","law","offic","hersem","law","corpu","christi","person","injuri","attornei","armaspe","choic","electr","mar","2024","featur","plan","place","websit","month","year","spot","leav","bui","featur","list","claim","spot","open","jun","1st","2024","spot","leav","click","submit","websit","claim","place","random","featur","link","femal","voic","late","new","custom","templat","design","servic","paus","due","excess","demand","expect","accept","order","juli","1st","2024","understand","10directori","top","100","000","visit","websit","world","highli","reput","alexa","stat","femal","voic","late","featur","link","random","featur","link","late","new"],"headings":["10","directori","premium","human","edit","gener","web","directori"],"url":"https://10directory.com","previewTitle":"10 Directory -  Premium Human-Edited General Web Directory","preview":"No preview available","forwardLinks":[]}