{"doc":["offcial","telegram","bot","upload","file","wiht","second","rs_10drives_bot","option","dashbaord","offer","base","cpm","00","good","amount","download","contact","increas","cpm","user","experi","import","recur","revenu","page","download","increas","user","experi","10drive","isn","newcom","market","have","serv","valu","user","year","credibl","commit","speak","volum","ensur","safe","hand","experi","freedom","limitless","storag","space","file","datum","servic","will","worri","run","room","store","file","document","photo","video","creativ","product","bound","unlimit","storag","solut","understand","accid","happen","file","delet","accident","offer","uniqu","featur","30","dai","trash","histori","delet","file","remain","safe","store","trash","30","dai","retriev","delet","problem","click","restor","file","trash","give","peac","mind","full","control","datum","goodby","juggl","multipl","app","platform","manag","cloud","storag","gener","progress","web","app","dashboard","seamless","experi","devic","includ","window","android","mac","linux","iphon","central","dashboard","effortlessli","manag","aspect","cloud","storag","upload","organ","file","share","collabor","simplifi","digit","life","intuit","versatil","dashboard","10drive","cloud","servic","unlimit","storag","monet","thier","traffic","telegram","upload","bot","offcial","telegram","channel","api","term","condit","privaci","polici","dmca","sid12o","hcktech","copyright","2024","10drive","right","reserv","trust","experi","year","unlimit","storag","infinit","possibl","30","dai","trash","histori","safeti","net","gen","progress","web","app","dashboard","command","center","doubt","contact","fast","upload","earn","high","user","experi","quick","link","legal","quick","support","earn","download","bring","10drive","unlimit","stoarg","late","updat","featur","tool","featur","home","current","monei","contact","signup","dashbaord","start","signup","rs_10drives_bot","option","dashbaord","earn","high","offer","base","cpm","00","good","amount","download","contact","increas","cpm","user","experi","user","experi","import","recur","revenu","page","download","increas","user","experi","start","start","start","start","contact","telegram","upload","bot","offcial","telegram","channel","api","term","condit","privaci","polici","dmca","home","current","monei","contact","signup","dashbaord","10drive","upload","earn","work"],"headings":["10drive","unlimit","storag"],"url":"https://10drives.com","previewTitle":"10Drives.com | Unlimited Storage","preview":"No preview available","forwardLinks":["https://telegram.dog"]}