{"doc":["bedfordlvlexp","twitter","point","correct","page","229","leav","twenti","charact","row","fill","read","leav","forti","charact","row","fill","pixel","border","leav","pixel","border","top","bottom","border","region","set","color","background","elimin","border","commodor","64","kernal","draw","elimin","underli","border","characterist","visual","element","stil","draw","addit","wrap","text","automat","vic","ii","addit","wrap","text","automat","code","rom","electron","literatur","organ","mit","press","alibri","mit","press","bookstor","search","isbn","nu","penguin","random","hous","10","print","pdf","photograph","document","book","companion","commodor","64","disk","code","train","gener","book","cover","adventur","10","print","free","open","sourc","softwar","seri","print","softwar","softwar","instruct","call","gener","art","clock","thread","trixter","start","tini","42","byte","pc","implement","10","print","slate","neural","technolog","review","encultur","videogam","book","pc","game","photograph","document","book","design","casei","rea","companion","commodor","64","disk","compil","releas","martin","schemitsch","martinland","nick","montfort","post","posit","mark","sampl","sampl","realiti","tag","10print","twitter","10_paint","matthew","balousek","code","train","daniel","shiffman","cover","10","print","gener","book","cover","develop","mauricio","giraldo","arteaga","inspir","10","print","york","public","librari","project","gutenberg","adventur","10","print","free","open","sourc","softwar","project","commiss","host","chester","visual","art","uk","casei","rea","develop","relat","seri","print","softwar","softwar","set","instruct","call","gener","art","clock","vincent","toup","base","10","print","thread","10","print","inspir","commodor","64","demo","demo","refer","improv","trixter","start","tini","42","byte","pc","implement","10","print","scener","eventu","whittl","12","byte","thread","js","tini","javascript","version","10","print"],"headings":["10","print","chr","205","rnd","goto","10"],"url":"https://10print.org","previewTitle":"10 PRINT CHR$(205.5+RND(1)); : GOTO 10","preview":"No preview available","forwardLinks":["https://bookshop.org","https://www.penguinrandomhouse.com","https://reas.com","http://doit2013.org","https://trixter.oldskool.org","https://www.pcgamer.com"]}