{"doc":["shopifi","explor","store","start","free","trial","forget","store","shopifi","support","sign","explor","late","edit","store","unavail"],"headings":["creat","ecommerc","websit","sell","onlin","ecommerc","softwar","shopifi","shopifi","reliabl","ecommerc","platform","focu","sell","onlin","integr","host","shop","cart","ecommerc","payment","solut"],"url":"https://10plustoysau.myshopify.com","previewTitle":"Create an Ecommerce Website and Sell Online! Ecommerce Software by Shopify","preview":"Shopify provides a reliable Ecommerce platform so you focus on selling online! Integrated hosting, shopping cart and Ecommerce payment solution all in one!","forwardLinks":["https://www.shopify.com","https://shop.app","https://shopify.com"]}