{"doc":["technic","consult","25","year","experi","develop","sale","support","project","manag","relev","sector","includ","databas","softwar","web","develop","hardwar","sale","market","similar","servic","contact","todai","review","initi","present","undergo","massiv","year","2023","prepar","step","develop","tool","vari","industri","partnership","forrestri","compani","develop","intern","report","time","mangement","system","intern","develop","present","focu","ident","tool","platform","trade","field","b2b","b2c","c2c","ongo","project","sale","air","cleaner","health","product","continu","provid","fund","high","tech","endavour","current","ventur","post","time","partli","due","current","develop","statu","post","due","secur","privaci","concern","client","privaci","secur","secreci","matt","time","form","aim","respond","48","hour","regular","hour","oper","solicit","web","servic","develop","similar","matter","regard","spam","swiftli","delet","inbox","contact","aspir","web","develop","perform","servic","hire","time","cooki","warn","don","cooki","eat","coffe","break","10e12","tel","46709264913","mail","form","2017","design","templatewir","modifi","2019","10e12","net","tv","start","stumbl","gdpr","amldd","servic","rang","develop","open","oper","remot","servic","usual","oper","industri","area","side","busi","carri","postal","servic","read","contact","10e12","current","contact","publish","project","manag","develop","system","assess","document","tqm","corpor","assess","erp","system","amldd","gdpr","relat","servic","english","swedish","german","vb","classic","vb","net","java","sql","php","js","python","matlab","system","develop","project","manag","10e12","trillion","inform","current","contact","10e12"],"headings":["10e12","10e12","trillion"],"url":"https://10e12.net","previewTitle":"10e12","preview":"10e12 Trillion","forwardLinks":[]}