{"doc":["neuro","rehabilit","center","mi","thermocoupl","homeown","insur","nevada","hire","profession","commerci","roofer","caledonia","il","greensboro","roof","compani","select","trust","exterior","paint","contractor","evansvil","home","power","search","suggest","categori","registr","advertis","market","144","applianc","art","entertain","43","automot","249","beauti","salon","product","64","busi","1830","career","job","12","cloth","26","commun","12","commun","45","comput","internet","74","construct","mainten","232","dental","205","educ","131","electrician","31","employ","13","event","39","financi","servic","94","food","drink","97","game","sport","32","gift","hardwar","softwar","30","health","fit","161","healthcar","585","heat","air","condit","147","home","garden","127","home","improv","servic","348","hotel","resort","61","industri","good","servic","48","insur","servic","68","law","servic","13","lawyer","law","firm","274","lifestyl","peopl","medicin","facil","27","new","pawn","shop","gunsmith","pet","pet","care","52","plumb","plumber","87","real","estat","servic","364","roof","131","secur","system","servic","30","seo","servic","127","shop","fashion","127","technolog","scienc","18","transport","freight","forward","89","travel","vacat","41","wast","manag","18","wed","accessori","22","home","power","search","suggest","categori","submit","list","busi","categori","featur","list"],"headings":["10googol","org","premium","web","directori"],"url":"https://10googol.org","previewTitle":"\n10googol.org-Premium Web Directory","preview":"No preview available","forwardLinks":[]}