{"doc":[],"headings":["10hero","hunt","moment","10hero"],"url":"https://10heroes.cn","previewTitle":"浙江十勇士-10Heroes","preview":"浙江十勇士网络科技有限公司（以下简称浙江十勇士）是一家致力于精品游戏研发的互联公司。\n        浙江十勇士坚持走自主研发的企业发展战略，不断提高自身的自主研发能力。合作、创新、诚信、服务是浙江十勇士的企业文化和企业精神，\n        公司发展均是以此为核心展开。合作即是努力寻找合作伙伴开展合作多赢的新模式。创新即是勇于突破，不默守陈规，勇于找到新的行业机会，\n        注重创意在细微处展现新意。诚信即是诚实，公平公正的对待每一个人，做到守信。服务即是竭力为客户服务。","forwardLinks":[]}