{"doc":["autodesk","autocad","2004","en","2004","autodesk","vista","superantispywar","profession","1244","2017","1244","window","xp","vista","10","x32","x64","superantispywar","spywar","adwar","nanotub","model","2016","jcrystalsoft","www","jcrystal","product","wincnt","64bit","microsoft","window","x86_64","nanotub","model","xyz","ram","saver","pro","10","05","ml","ru","2010","10","05","2000","xp","vista","ml","ru","kei","ram","saver","pro","window","ram","saver","pro","mathwork","matlab","r2011a","12","linux","maco","x32","x64","2011","2011a","12","635","mathwork","32bit","64bit","ubuntu","10","04","lt","10","10","red","hat","enterpris","linux","suse","linux","enterpris","desktop","11","debian","mac","os","10","snow","leopard","appl","java","mac","os","updat","sse2","usdownload","r","ff","mu","dc","df","15","09","2007","2007","cap","simba","aka","dimoniu","window","vista","usd","rapidshar","usd","filefactori","molpro","2012","2012","build","cygwin","serial","univers","colleg","cardiff","consult","www","molpro","net","32bit","microsoft","window","cygwin","molpro","solidwork","enterpris","pdm","2013","sp0","2012","2013","sp0","dassault","system","solidwork","vista","server","2008","2008r2","x32","x64","vista","win7","microsoft","sql","server","express","2005","sp2","solidwork","2013","solidwork","enterpris","pdm","2013","molegro","virtual","docker","datum","model","2013","qiagen","www","qiagenbioinformat","64bit","microsoft","window","molegro","virtual","docker","pdb","mol2","sdf","mvdml","molecular","oper","environ","moe","2014","2014","0901","chemic","comput","group","www","chemcomp","64bit","microsoft","window","mac","os","gnu","linux","x86_64","molecular","oper","environ","minitab","statist","softwar","2008","15","15","minitab","vista","minitab","15","minitab","15","minitab","statist","softwar","minitab","17","2016","17","minitab","http","store","minitab","781","purl","minitab","languag","en","sourc","113049","32bit","64bit","window","power","statist","softwar","minitab","17","tool","effect","analyz","datum","guid","analysi","give","clear","result","minitab","help","find","meaning","solut","collectorz","music","collector","pro","repack","mv","club","16","09","2013","11","build","collectorz","www","collectorz","music","32bit","64bit","window","xp","vista","window","window","music","collector","minitab","16","pro","2010","16","vista","sigma","minitab","statguid","reportpad","minitab","profession","v16","ismail","ex","ismail","enigma","protector","2011","33","build","20110112","enigma","protector","develop","team","http","www","enigmaprotector","ru","home","html","32bit","enigma","protector","window","microsoft","student","graph","alcul","2006","2006","microsoft","orpor","vista","microsoft","student","graph","calcul","2006","microsoft","student","graph","calcul","2006","2d","3d","microsoft","student","graph","calcul","2006","2006","microsoft","microsoft","student","graph","calcul","microsoft","student","graph","calcul","2006","2d","3d","microsoft","math","2007","2007","2007","microsoft","window","vista","microsoft","math","powerchut","busi","edit","singl","node","agent","2008","american","power","convers","http","www","apc","ru","32bit","64bit","vista","linux","solari","window","2000","window","2003","window","2008","window","window","vista","window","xp","powerchut","busi","edit","1962","ibsn","ex","djvu","924","35","000","1962","35000","autodesk","autocad","2004","en","superantispywar","profession","1244","x86","x64","2017","eng","nanotub","model","x64","2016","eng","ram","saver","pro","10","05","ml","ru","mathwork","matlab","r2011a","12","linux","maco","x32","x64","usdownload","r","ff","mu","dc","df","15","09","2007","molpro","2012","cygwin","serial","x86","2012","eng","solidwork","enterpris","pdm","2013","sp0","multilanguag","x86","64","2012","multilang","ru","molegro","virtual","docker","datum","model","x64","2013","eng","molecular","oper","environ","moe","2014","0901","gnu","mac","win","x64","2014","eng","minitab","statist","softwar","minitab","17","17","x86","x64","2016","eng","collectorz","music","collector","pro","11","x86","x64","16","09","2013","eng","ru","repack","mv","club","minitab","16","pro","enigma","protector","33","20110112","x86","2011","multilang","ru","microsoft","student","graph","alcul","2006","microsoft","student","graph","calcul","microsoft","math","2007","powerchut","busi","edit","singl","node","agent","x86","x64","2008","eng","1962","ex","djvu","isl","ru","10","1474","soft","3d","3d","bd","hd","dvd","3d","cd","bd","hd","dvd","3d","cd","window","window","window","window","10proga","ru","autodesk","autocad","2004","en","superantispywar","profession","1244","x86","x64","2017","eng","nanotub","model","x64","2016","eng","ram","saver","pro","10","05","ml","ru","mathwork","matlab","r2011a","12","linux","maco","x32","x64","usdownload","r","ff","mu","dc","df","15","09","2007","molpro","2012","cygwin","serial","x86","2012","eng","solidwork","enterpris","pdm","2013","sp0","multilanguag","x86","64","2012","multilang","ru","molegro","virtual","docker","datum","model","x64","2013","eng","molecular","oper","environ","moe","2014","0901","gnu","mac","win","x64","2014","eng","minitab","statist","softwar","minitab","17","17","x86","x64","2016","eng","collectorz","music","collector","pro","11","x86","x64","16","09","2013","eng","ru","repack","mv","club","minitab","16","pro","enigma","protector","33","20110112","x86","2011","multilang","ru","microsoft","student","graph","alcul","2006","microsoft","student","graph","calcul","microsoft","math","2007","powerchut","busi","edit","singl","node","agent","x86","x64","2008","eng","1962","ex","djvu","isl","ru"],"headings":["2020","10proga","ru"],"url":"https://10proga.ru","previewTitle":"Cкачать программы 2020 года бесплатно на 10PROGA.RU","preview":"No preview available","forwardLinks":[]}