{"doc":["owner","10ktf","support","pfp","creat","item","10ktf","item","10ktf","requir","user","10ktf","support","pfp","order","creat","deriv","accessori","ap","high","top","owner","bore","ap","creat","mint","ap","high","top","ap","high","top","mint","bore","ap","10","000","ap","high","top","creat","respect","bore","ap","addit","10ktf","collect","wagmi","san","custom","hold","10ktf","stockroom","tool","materi","craft","blank","item","blank","item","creat","desir","deriv","nft","wagmi","san","craft","10ktf","blank","finish","accessori","collect","0n1","forc","bore","ap","kennel","club","bore","ap","yacht","club","chimper","cool","cat","cryptoadz","gremplin","crypto","tat","nomoz","cryptopunk","deadfellaz","forget","soul","gutter","cat","gang","hv","mtl","meebit","moonbird","mutant","ap","yacht","club","noun","othersid","koda","pudgi","penguin","renga","super","puma","forget","rune","wizard","cult","wolf","game","world","woman","world","woman","galaxi","shop","open","level","accessori","level","combat","gear","mint","stockroom","blank","level","level","item","level","item","10ktf","genesi","craft","collect","includ","high","top","daypack","hat","hoodi","sock","level","item","10ktf","combat","collect","item","includ","helmet","kevlar","vest","boot","weapon","combat","item","give","player","abil","yield","high","point","set","bonu","battl","town","mission","bounti","level","level","item","recycl","complet","full","set","mint","pfp","choic","recycl","finish","item","blank","bring","blank","item","10ktf","support","pfp","craft","mint","level","item","requir","blank","cost","20","ap","ga","fee","mint","level","combat","gear","requir","combat","blank","ga","fee","recycl","10ktf","item","holder","enjoi","tokyo","wai","turn","finish","level","item","level","combat","gear","stockroom","blank","mint","10ktf","support","pfp","recycl","level","item","cost","10","ap","ga","fee","level","combat","gear","recycl","15","ap","ga","fee","craft","level","combat","gear","pai","ga","level","item","mint","10ktf","support","pfp","recycl","includ","entir","genesi","craft","collect","level","combat","gear","mint","10ktf","support","pfp","recycl","includ","combat","crate","recycl","burn","nft","recycl","replac","blank","item","genesi","item","recycl","genesi","properti","lose","restor","genesi","item","long","yield","tag","recycl","genesi","properti","repres","item","mint","decemb","2021","combin","item","type","pfp","recycl","unlimit","numb","time","item","finish","10ktf","item","burn","mint","genesi","item","burn","mint","craft","item","recycl","nft","cold","vault","wallet","recycl","nft","recycl","hot","connect","wallet","level","combat","gear","limit","collect","includ","helmet","kevlar","vest","boot","weapon","combat","gear","player","abil","yield","high","point","set","bonu","battl","town","mission","bounti","battl","town","faq","detail","level","combat","gear","store","combat","crate","reveal","crate","combat","blank","blank","requir","10ktf","support","pfp","order","mint","combat","item","10ktf","gucci","grail","10ktf","support","pfp","term","condit","privaci","polici","grail","licens","term","0x0cfb","ad99fd","learn","faq","timelin","tokyo","world","renown","craftsman","wagmi","san","famou","grail","accessori","set","shop","tokyo","call","10ktf","digit","artisan","wagmi","san","tokyo","10ktf","unassum","storefront","holder","24","top","nft","collect","mint","digit","gear","featur","avatar","build","collect","gear","battl","town","10ktf","pfp","event","platform","unlock","holder","event","commun","space","physic","releas","wagmi","san","world","renown","craftsman","wagmi","san","famou","grail","accessori","set","shop","tokyo","call","10ktf","man","honor","object","custom","10ktf","support","pfp","accessori","digit","object","creat","life","good","requir","pai","protect","shop","open","altern","happen","summer","happen","join","10ktf","starter","guid","wtf","10ktf","main","materi","collect","stockroom","combat","crate","commun","member","great","guid","recycl","stockroom","craft","combat","crate","craft","tag","convers","tag","721","10ktf","ecosystem","10ktf","ecosystem","kei","collect","10ktf","genesi","craft","level","10ktf","combat","gear","yield","high","point","battl","town","level","10ktf","gucci","grail","11","top","nft","project","gucci","gear","10ktf","kagami","893","token","accompani","physic","art","piec","10ktf","stockroom","tool","blank","level","materi","includ","limit","edit","item","10ktf","combat","crate","crate","reveal","level","combat","blank","grail","puma","slipstream","battl","town","readi","nft","match","physic","counterpart","updat","ledger","live","ledger","devic","firmwar","ledger","ethereum","app","version","turn","contract","datum","start","ethereum","app","ledger","devic","select","set","select","allow","contract","datum","ledger","live","applic","activ","devic","bridg","open","chrome","brave","work","doesn","disabl","uninstal","metamask","plugin","browser","enabl","instal","metamask","quot","extraordinarili","high","ga","fee","metamask","eth","wallet","proper","quot"],"headings":["10ktf"],"url":"https://10ktf.com","previewTitle":"10KTF","preview":"No preview available","forwardLinks":[]}