{"doc":["shorten","long","link","earn","monei","paypal","usd","payeer","usd","perfectmonei","usd","usdt","trc20","pix","brl","btc","btc","unit","state","brazil","br","unit","kingdom","uk","vietnam","vn","austr","lia","au","worldwid","deal","countri","regist","earn","easi","firstli","creat","account","great","featur","free","charg","shorten","hide","link","uniqu","small","easi","step","free","share","shorten","link","friend","forum","websit","pai","click","earn","extra","monei","10short","complet","free","tool","creat","short","link","free","pai","monei","home","manag","protect","link","start","make","monei","10short","step","creat","account","creat","link","post","visit","earn","monei","easi","10short","referr","program","great","spread","word","great","servic","earn","monei","short","link","refer","friend","receiv","10","earn","life","control","featur","administr","panel","click","button","audienc","analys","detail","bring","incom","strategi","adapt","requir","earn","000000","pai","pai","user","paypal","traffic","increas","rate","shorten","link","quickli","easi","api","bring","creativ","advanc","idea","life","dedic","support","team","readi","question","copyright","10short","2024","step","start","monei","join","creat","account","shorten","link","earn","monei","10short","earn","10","referr","bonu","featur","administr","panel","detail","stat","minimum","payout","high","rate","api","support","english","unit","state","portugu","brasil","withdraw","method","payout","rate","okshan","home","publish","rate","payment","proof","premium","login","sign","english","unit","state","portugu","brasil","english","unit","state","portugu","brasil","privaci","polici","term","contact","00","00","00","20","00","25","00","30","00","15","14","13","method","minimum","paypal","usd","payeer","usd","perfectmonei","usd","usdt","trc20","pix","brl","btc","btc","countri","payout","rate","unit","state","brazil","br","unit","kingdom","uk","vietnam","vn","austr","lia","au","worldwid","deal","countri","easi","short","636","104","349","700","762","support","multipl","payment","method","check","account"],"headings":["short","link","earn","monei","10short","10short","short","link","easi","share","easi","earn"],"url":"https://10short.com","previewTitle":"Short Links - Earn Money | 10Short","preview":"10Short : Short Links - Easy Share- Easy Earn","forwardLinks":["https://api.whatsapp.com"]}