{"doc":["blog","10thclassresullt","blogspot","remov","address","blog","expect","blog","find","blog","web","commun","develop","sign","centr","forum","video","tutori","blogger","buzz","blogger","api","develop","forum","term","servic","privaci","content","polici","blog","remov"],"headings":["blog","blogger","blog","publish","tool","googl","easili","share","thought","world","blogger","simpl","post","text","photo","video","person","team","blog","blogger","blogspot","blog","blogger","blogspot","person","blog","weblog","creat","blog","blog"],"url":"https://10thclassresullts.blogspot.com","previewTitle":"Blog not found","preview":"Blogger is a blog publishing tool from Google for easily sharing your thoughts with the world. Blogger makes it simple to post text, photos and video onto your personal or team blog.","forwardLinks":[]}