{"doc":["bui","domain","dan","automat","cover","uniqu","buyer","protect","program","read","safe","trust","secur","page","secur","domain","ownership","transfer","process","strictli","monitor","transact","weird","action","seller","doesn","deliv","part","deal","refund","24","hour","98","domain","ownership","transfer","complet","24","hour","seller","deliv","domain","send","tailor","transfer","instruct","domain","ownership","transfer","specialist","assist","addit","cost","pai","bank","wire","discount","popular","payment","option","payment","processor","adyen","adyen","payment","platform","choic","lead","tech","compani","uber","ebai","add","tax","vat","consumpt","tax","appli","european","union","eu","good","servic","vat","rate","page","calcul","checkout","process","enter","bill","detail","matt","kind","domain","bui","transfer","simpl","safe","websit","cooki","similar","technolog","enabl","essenti","servic","function","site","collect","datum","visitor","interact","site","product","servic","click","accept","cooki","agre","tool","advertis","analyt","support","consent","cooki","polici","privaci","polici","vat","overview","estim","pkr","bui","domain","simpl","safe","bui","domain","name","buyer","protect","program","fast","easi","transfer","hassl","free","payment","add","tax","usd","100","100","d","continu","checkout","d","work","privaci","polici","sell","person","inform","manag","cooki","term","disclaim","sitemap","nederland","espa","ol","deutsch","fran","ai","bui","add","taxth","add","tax","vat","consumpt","tax","appli","european","union","eu","good","servic","pai","vat","consum","eu","charg","vat","purchas","good","servic","busi","eu","bui","busi","countri","charg","vat","busi","eu","bui","busi","eu","countri","charg","vat","consum","busi","european","union","charg","vat","vat","exampleth","vat","rate","page","calcul","checkout","process","enter","bill","detail","vat","calcul","pai","cost","usdpric","excl","vatusd","00021","vatusd","210","total","price","usd","210","consum","eu","charg","vat","purchas","good","servic","busi","eu","bui","busi","countri","charg","vat","busi","eu","bui","busi","eu","countri","charg","vat","consum","busi","european","union","charg","vat","convers","amount","estim","base","currenc","convers","rate","price","estim","pkr","pai","cost","usd","price","excl","vat","usd","100","vat","usd","total","price","usd","100","free","ownership","transfer","free","transact","support","secur","payment","price","excl","vat","usd","000","21","vat","usd","210","total","price","usd","210","pai","cost","usd","10starhd","guru","cooki"],"headings":["domain","10starhd","guru","sale","domain","10starhd","guru","sale","offer","bui","set","price"],"url":"https://10starhd.guru","previewTitle":"The domain name 10starhd.guru is for sale","preview":"The domain name 10starhd.guru is for sale. Make an offer or buy it now at a set price.","forwardLinks":[]}