{"doc":["event","fee","app","creat","filter","event","top","100","venu","compani","add","event","event","happen","todai","virtual","popular","network","pakistan","karachi","lahor","educ","train","32763","event","medic","pharma","13314","event","technolog","12651","event","bank","financ","8984","event","busi","servic","7614","event","view","industri","engin","5750","event","entertain","medium","5406","event","scienc","research","5016","event","build","construct","4622","event","well","health","fit","4246","event","power","energi","4046","event","art","craft","3629","event","food","beverag","3576","event","agricultur","forestri","3221","event","environ","wast","2894","event","electr","electron","2600","event","logist","transport","2506","event","auto","automot","2102","event","fashion","beauti","2101","event","home","offic","1826","event","apparel","cloth","1544","event","travel","tourism","1533","event","secur","defens","1514","event","telecommun","1315","event","anim","pet","1200","event","babi","kid","matern","1162","event","hospit","798","event","pack","packag","728","event","miscellan","2043","event","food","beverag","build","construct","home","offic","power","energi","home","offic","industri","engin","power","energi","fashion","beauti","entertain","medium","apparel","cloth","fashion","beauti","industri","engin","industri","engin","power","energi","home","offic","food","beverag","food","beverag","industri","engin","busi","servic","industri","engin","busi","servic","agricultur","forestri","food","beverag","medic","pharma","home","offic","auto","automot","build","construct","industri","engin","build","construct","build","construct","industri","engin","home","offic","medic","pharma","well","health","fit","build","construct","educ","train","medic","pharma","technolog","add","event","calico","art","craft","holidai","show","jibex","health","sport","lifestyl","expo","chill","theatr","expo","namibia","tourism","expo","nauticampo","view","view","case","studi","event","datum","intellig","career","join","floor","virtual","event","platform","list","event","partner","login","event","countri","industri","medium","press","releas","event","manag","softwar","event","market","trade","show","countri","industri","center","faq","event","app","testimoni","confer","countri","industri","feedback","event","websit","blog","compani","term","servic","privaci","polici","find","opportun","brows","categori","featur","event","handpick","popular","event","brows","event","citi","brows","event","countri","world","larg","eventgo","commun","explor","venu","featur","organ","worldwid","lead","event","organis","good","event"],"headings":["event","global","trade","show","confer","upcom","fair","seminar","popular","workshop","meetx","summit","busi","event","venu","world","larg","busi","event","platform","find","upcom","event","busi","confer","trade","show","global","seminar","network","meet","workshop","brows","connect","visitor","attend","particip","exhibitor","view","profil","speaker","organ","manag","sell","event","ticket","promot","event","10time"],"url":"https://10times.com","previewTitle":"Events, Global Trade Shows, All Conferences, Upcoming Fairs & Seminars, Popular Workshops & MeetX, Summits, Business Event Venues","preview":"World's largest business event platform, find all upcoming events, business conferences, trade shows, global seminars, networking meets and workshops. Browse and connect with visitors attending, participating exhibitors and view profiles of speakers and organizers. Manage, sell event tickets and promote your event on 10times.com","forwardLinks":[]}