{"doc":["geniu","origin","seri","new","geniu","commun","contributor","power","world","big","collect","song","lyric","music","knowledg","sign","sign","featur","chart","video","promot","music","new","read","lyric","billi","eilish","album","hit","hard","soft","follow","2021","happi","ken","partridg","17","2024","new","billi","eilish","celebr","sex","attract","song","lunch","ken","partridg","17","2024","new","hear","song","saba","herbo","polo","chi","spotifi","playlist","present","geniu","17","2024","new","drake","kendrick","feud","big","music","moment","time","geniu","ken","partridg","17","2024","new","read","lyric","zayn","album","room","stair","ken","partridg","17","2024","lunch","lyric","billi","eilish","300","649","9k","chihiro","lyric","billi","eilish","313","893k","skinni","lyric","billi","eilish","215","466","4k","wildflow","lyric","billi","eilish","319","721","3k","bird","feather","lyric","billi","eilish","256","731","2k","blue","lyric","billi","eilish","271","423","4k","great","lyric","billi","eilish","292","406","1k","amour","de","ma","vie","lyric","billi","eilish","291","690","3k","diner","lyric","billi","eilish","191","630","9k","10","bittersuit","lyric","billi","eilish","167","520","3k","camila","cabello","break","mean","luv","learn","song","lyric","late","episod","verifi","butterflyhonei","18","2024","new","drake","kendrick","feud","big","music","moment","time","geniu","ken","partridg","17","2024","new","billi","eilish","celebr","sex","attract","song","lunch","ken","partridg","17","2024","new","read","lyric","zayn","album","room","stair","ken","partridg","17","2024","new","read","lyric","billi","eilish","album","hit","hard","soft","ken","partridg","17","2024","new","hear","song","saba","herbo","polo","chi","spotifi","playlist","present","geniu","17","2024","new","chino","paca","gabito","ballestero","perform","tunechi","live","butterflyhonei","16","2024","new","tan","adel","break","mean","buckl","bunni","butterflyhonei","15","2024","new","nxworri","enlist","snoop","dogg","octob","london","smooth","slow","jam","fromher","ken","partridg","14","2024","new","pop","group","aespa","readi","explod","song","supernova","ken","partridg","14","2024","new","read","lyric","childish","gambino","album","atavista","ken","partridg","13","2024","new","fuerza","regida","break","mean","butterflyhonei","12","2024","new","hear","song","megan","you","stallion","charli","xcx","music","fridai","playlist","present","geniu","10","2024","join","commun","learn","geniu","work","frialdad","moder","30","711","seya","transcrib","301","afeith","transcrib","071","ferbinho","moder","386","elvegri","contributor","123","janick","editor","909","aovmob","contributor","639","undergroundhanma","contributor","628","basi","editor","606","10","187em","contributor","538","geniu","contributor","guidelin","press","shop","advertis","privaci","polici","licens","job","develop","copyright","polici","contact","sign","sell","person","inform","term","verifi","artist","wildflow","chihiro","amour","de","ma","vie","great","lunch","view","geniu","world","big","collect","song","lyric","music","knowledg","chart","video","late","commun"],"headings":["geniu","song","lyric","knowledg","geniu","world","big","collect","song","lyric","music","knowledg"],"url":"https://genius.com","previewTitle":"Genius | Song Lyrics & Knowledge","preview":"Genius is the world’s biggest collection of song lyrics and musical knowledge.","forwardLinks":[]}