{"doc":["will","have","bilgili","ki","ilerin","olu","turdu","10tl","resmi","destek","forumu","will","have","bilgili","ki","ilerin","olu","turdu","destek","forumu","eski","anasayfa","hemen","uzant","se","have","forumunu","kur","have","sp","il","wordpress","siteni","kur","will","have","bilgili","ki","ilerin","olu","turdu","destek","forumu","10tl","net","sistemind","bulunan","onlarca","tema","have","eklentiy","tek","il","ula","destek","forumu","alternatif","destek","forumu","eski","anasayfa","yle","bir","hizmeti","ka","rmamak","hemen","anasayfa","forum","site","kur","destek","forumu","forumlar","resmi","destek","forumu","destekforumu","10tl","net","eski","anasayfa","forum","kur","anasayfa","forum","site","kur","destek","forumu","forumlar","cretsiz","hemen","uzant","se","have","forumunu","kur","wordpress","sitesi","have","sp","il","wordpress","siteni","kur","cretsiz","destek","forumu","will","have","bilgili","ki","ilerin","olu","turdu","destek","forumu","onlarca","tema","have","eklenti","10tl","net","sistemind","bulunan","onlarca","tema","have","eklentiy","tek","il","ula","cretsiz","wordpress","sitesi","cretsiz","destek","forumu","onlarca","tema","have","eklenti"],"headings":["10tl","net","bedava","forum","kur","forum","host","forum","kur","instal","forum","discuss","forum","softwar","forum","host","forum","kur","instal","forum","discuss","forum","softwar"],"url":"https://10tl.net","previewTitle":"10tl.net - Bedava Forum Kur","preview":"Forum Hosting, Forum Kur, install forum, discussion, forum software","forwardLinks":[]}