{"doc":["featur","read","featur","read","featur","read","featur","read","featur","read","explor","room","quick","link","subscrib","subscrib","follow","subscrib","newslett","architectur","interior","design","stori","straight","inbox","subscrib","follow","20","boucl","sofa","cozi","live","room","30","cologn","man","2024","casa","brise","soleil","light","fill","spanish","home","ruben","muedra","estudio","de","arquitectura","12","oval","dine","tabl","elev","dine","room","20","shape","couch","transform","live","room","bring","outdoor","10","rattan","dresser","bedroom","velvet","good","choic","sofa","12","black","velvet","sofa","stylish","live","space","10","black","marbl","coffe","tabl","bold","statement","10","rust","velvet","sofa","vibrant","live","space","10","extend","dine","tabl","occas","tacuri","hous","spectacular","singl","famili","home","perfect","balanc","surround","environ","peppertre","villa","1920","classic","home","renov","luigi","rosselli","architect","studio","alfa","design","hous","ao","overlook","imbabura","volcano","book","hous","luigi","rosselli","architect","featur","stack","concret","slab","stephan","mare","lang","design","spaciou","home","germani","larg","famili","15","float","bed","transform","bedroom","15","modular","pit","section","sofa","bui","12","kitchen","light","blue","cabinet","10","stylish","boucl","bed","enhanc","bedroom","decor","12","modern","coffe","tabl","impress","guest","15","shiplap","fireplac","idea","budget","style","10","coffe","tabl","storag","home","organ","small","edwardian","apart","london","complet","renov","suit","young","famili","small","home","taipei","citi","taiwan","young","famili","small","apart","renov","warsaw","poland","young","work","ladi","small","live","room","modular","sofa","perfect","10","modern","murphi","bed","maxim","space","small","home","modern","sprout","smart","growfram","creat","optim","grow","environ","housepl","amper","shower","power","bluetooth","speaker","power","water","kohler","expand","smart","home","line","16","000","infin","experi","soak","tub","coldsnap","soft","serv","ic","cream","pod","minut","ecoqub","air","cool","hydropon","greenhous","clean","air","smart","home","artbrew","take","art","make","craft","beer","home","level","datum","cocktail","celebr","twitter","mention","cocktail","obscura","cuelight","great","pool","tabl","symbio","vessel","stun","laser","cut","paper","sculptur","ibbini","studio","uniqu","resin","wall","art","inspir","ocean","wave","duffi","london","seren","tabl","appear","defi","graviti","clockclock","kinet","sculptur","function","wall","clock","futurist","furnitur","design","joseph","walsh","studio","haoshi","design","clock","creativ","modern","poetic","humbl","wall","clock","abstract","vase","have","straight","salvador","dali","paint","amaz","contemporari","bathroom","design","ic","bath","care","design","architectur","design","decor","idea","lifestyl","bedroom","decor","design","idea","live","room","decor","design","idea","hous","10","stun","home","facebook","page","10","stun","home","twitter","page","10","stun","home","pinterest","page","10","stun","home","instagram","page","architectur","design","decor","idea","lifestyl","10","stun","home","facebook","page","10","stun","home","twitter","page","10","stun","home","pinterest","page","10","stun","home","instagram","page","privaci","polici","architectur","design","hous","apart","small","home","design","hous","apart","small","home","design","decor","idea","live","room","kitchen","bedroom","bathroom","home","offic","kid","room","outdoor","live","garden","idea","live","room","kitchen","bedroom","bathroom","home","offic","kid","room","outdoor","live","garden","idea","lifestyl","food","drink","holidai","gift","housepl","clean","organ","food","drink","holidai","gift","housepl","clean","organ","shop","smart","home","architectur","design","new","trend","home","hous","apart","design","lifestyl","housepl","smart","home","live","room","kitchen","bedroom","bathroom","home","offic","kid","room","contact","submit","project","privaci","polici","term","affili","disclosur","architectur","design","hous","apart","small","home","design","hous","apart","small","home","design","decor","idea","live","room","kitchen","bedroom","bathroom","home","offic","kid","room","outdoor","live","garden","idea","live","room","kitchen","bedroom","bathroom","home","offic","kid","room","outdoor","live","garden","idea","lifestyl","food","drink","holidai","gift","housepl","clean","organ","food","drink","holidai","gift","housepl","clean","organ","shop","smart","home","10","stun","home","home","decor","inspir","interior","design","idea","20","gorgeou","green","velvet","sofa","bold","statement","10","leather","swivel","chair","ultim","comfort","style","10","sherpa","chair","redefin","comfort","stylish","villa","overlook","vienna","dc","tower","architekt","zoran","bodroz","25","boucl","chair","bring","style","comfort","home","featur","stori","late","stori","home","tour","decor","idea","small","home","smart","home","design"],"headings":["home","design","decor","idea","10","stun","home","beauti","home","decor","inspir","interior","design","idea","onlin","magazin","10","stun","home"],"url":"https://10stunninghomes.com","previewTitle":"Home Design & Decorating Ideas | 10 Stunning Homes","preview":"Beautiful home decor inspiration and interior design ideas, provided by online magazine 10 Stunning Homes.","forwardLinks":[]}