{"doc":["captur","cell","detect","gene","increas","impact","test","assai","robust","sensit","cost","effect","transcriptom","profil","access","gem","technolog","expand","research","newli","enhanc","chromium","workflow","optim","provid","high","qualiti","result","time","reveal","accur","biologi","improv","sensit","captur","effici","reduct","cell","cost","boost","immunolog","research","perform","upgrad","assai","deep","insight","cell","function","find","start","stop","shop","technic","overview","compar","datum","200","public","product","join","commun","scientist","advanc","research","aid","10x","genom","discov","singl","cell","assai","spatial","innov","propel","research","toolbox","resolv","biologi","complex","product","empow","impact","scienc","solut","biologi","wai","start","todai","resourc","chromium","singl","cell","visium","spatial","xenium","situ","legal","notic","contact","follow","social","medium","introduct","gem","technolog","gem","singl","cell","gene","express","gem","singl","cell","immun","profil","gem","toolkit","messag","founder","commit","innov","explor","possibl","speak","singl","cell","expert","meet","gem","view","product","page","view","product","page","download","toolkit","singl","cell","gene","express","measur","gene","activ","cell","cell","basi","character","cell","popul","cell","type","learn","singl","cell","gene","express","flex","perform","sensit","transcriptom","gene","express","fresh","fix","sampl","includ","ffpe","learn","singl","cell","multiom","atac","gene","express","measur","gene","express","open","chromatin","simultan","cell","thousand","cell","learn","singl","cell","immun","profil","measur","activ","immun","cell","target","learn","hd","spatial","gene","express","perform","sequenc","base","spatial","transcriptom","singl","cell","scale","continu","tissu","coverag","learn","situ","gene","express","spatial","map","gene","express","subcellular","resolut","imag","base","readout","learn","compar","product","info","10xgenom","925","401","7300","english","manag","cooki","prefer","support","view","price","search","discov","transcriptom","high","definit","spatial","discoveri","power","singl","cell","scale","resolut","continu","tissu","coverag","discov","visium","hd","standard","xenium","cell","segment","confid","assign","transcript","cell","precis","multimod","segment","advanc","have","algorithm","explor","xenium","gain","unparallel","insight","tumor","immun","interact","identifi","immun","cell","type","captur","immun","checkpoint","inhibit","marker","character","tertiari","lymphoid","structur","download","immuno","oncolog","panel","gene","list","chromium","singl","cell","singl","cell","platform","transcriptom","profil","million","singl","cell","multiom","capabl","reveal","cellular","divers","learn","chromium","visium","spatial","spatial","discoveri","platform","enabl","transcriptom","analysi","ffpe","fresh","freez","tissu","morpholog","context","learn","visium","xenium","situ","spatial","imag","platform","map","rna","molecul","subcellular","resolut","tissu","section","deep","cellular","mechan","interact","learn","xenium","brows","public","compani","investor","career","contact","dataset","public","support","document","analysi","guid","video","blog","platform","overview","gene","express","flex","gene","express","singl","cell","immun","profil","multiom","atac","gene","express","singl","cell","atac","nucleu","isol","crispr","screen","multiom","cytometri","barcod","enabl","antigen","map","chromium","ix","chromium","connect","chromium","analysi","cloud","analysi","platform","overview","visium","analysi","hd","spatial","gene","express","spatial","gene","express","spatial","gene","protein","express","cytassist","platform","overview","xenium","analysi","situ","gene","express","panel","xenium","analyz","privaci","polici","term","email","prefer","legal","notic","chromium","gem","singl","cell","gener","singl","cell"],"headings":["master","biologi","advanc","human","health","10x","genom","deliv","power","reliabl","tool","fuel","scientif","discoveri","drive","exponenti","progress","master","biologi","advanc","human","health"],"url":"https://10xgenomics.com","previewTitle":"Mastering Biology to Advance Human Health - 10x Genomics","preview":"We deliver powerful, reliable tools that fuel scientific discoveries and drive exponential progress to master biology to advance human health.","forwardLinks":[]}