{"doc":["start","learn","learn","learn","learn","learn","learn","learn","learn","learn","learn","submit","submit","privaci","polici","passion","airbnb","passion","airbnb","passion","aboutairbnb","join","grow","commun","join","grow","commun","privaci","polici","term","servic","shaun","ari","freedom","seeker","have","help","airbnb","journei","chanc","farooq","karin","freedom","seeker","have","help","airbnb","journei","yassin","bryan","tom","paul","arthur","brenda","li","li","robena","jessi","nicol","alissia","cati","jai","holli","mario","robert","rashida","loi","terenc","punam","carolyn","simpl","stepsto","break","airbnb","1co","list","1co","list","rental","arbitrag","rental","arbitrag","properti","acquisit","properti","acquisit","10xbnb","kind","work"],"headings":["learn","airbnb","turn","airbnb","atm","tap","life","properti","10xbnb","idea","found","shaun","ghavami","ari","rahmanian","receiv","special","train","bed","flip","expertis","field","unmatch","dedic","provid","high","qualiti","bed","flip","servic","client","10xbnb","bed","flip"],"url":"https://10xbnb.com","previewTitle":"Learn Airbnb From Us","preview":"We help you turn Airbnb into an ATM you can tap for life (whether you own property or not)\n\"10XBNB is an idea that was founded by Shaun Ghavami and Ari Rahmanian who have received specialized training in bed flipping. Their expertise in this field is unmatched and they are dedicated to providing the highest quality bed flipping services to their clients\"","forwardLinks":[]}