{"doc":["support","work","invit","accept","cooki","subscrib","choos","accept","cooki","visit","site","content","site","result","daili","effort","editor","work","singl","goal","provid","rich","high","qualiti","content","incom","gener","advertis","subscript","give","consent","subscrib","support","work","editori","team","ensur","long","term","futur","site","purchas","subscript","log","bab","la","portal","languag","lover","59","onlin","dictionari","conjug","tabl","multilingu","phrase","bab","la","languag","portal","translat","learn","practic","languag","readi","big","move","tip","life","foreign","countri","magazin","copyright","idm","2024","note","right","reserv","social","login","bab","la","onlin","dictionari","vocabulari","conjug","grammar","ad","free","subscript","share","person","outlined_flag","arrow_drop_down","bahasa","indonesia","cn","eski","da","dansk","de","deutsch","el","en","english","es","espa","ol","fr","fran","ai","italiano","ja","ko","hu","magyar","nl","nederland","norsk","pl","polski","pt","portugu","ro","rom","ru","fi","suomi","sv","svenska","tr","rk","vi","ti","ng","vi","spanish","cach","cancel","keyboard","search","la","la","la","volume_up","minist","volume_up","thread","volume_up","mapuch","volume_up","nahuatl","word","finder","win","easili","word","game","choic","score","point","word","master","conjug","tens","enemi","conjug","verb","check","conjug","tabl","find","perfect","fit","conjug","live","flat","hunt","madrid","move","exct","stress","week","sort","don","worri","read","spanish","spanish","english","english","english","synonym","english","synonym","english","english","english","synonym","english","synonym","spanish","spanish","gujarati","gujarati","latvian","latvian","romanian","romanian","tamil","tamil","arrow_upward","term","privaci","polici","privaci","polici","ad","free","subscript","share","person","outlined_flag","arrow_drop_down","websit","languag","bahasa","indonesia","cn","eski","da","dansk","de","deutsch","el","en","english","es","espa","ol","fr","fran","ai","italiano","ja","ko","hu","magyar","nl","nederland","norsk","pl","polski","pt","portugu","ro","rom","ru","fi","suomi","sv","svenska","tr","rk","vi","ti","ng","vi","dictionari","translat","synonym","conjug","pronunci","exampl","phrasebook","grammar","live","game","quiz","word","finder","wordl","solver","polish","polish","swap_horiz","english","english","english","english","swap_horiz","russian","russian","vietnames","vietnames","swap_horiz","english","english","english","english","swap_horiz","french","french","english","english","dictionari","multi","languag","translat","arrow_forward","bab","la","home","volume_up","la","la","la","1991","volume_up","minist","284","volume_up","thread","volume_up","mapuch","volume_up","nahuatl","23","english","spanish","english","spanish","english","french","english","french","english","italian","english","italian","english","portugues","english","portugues","english","romanian","english","romanian","spanish","english","spanish","english","french","english","french","english","italian","english","italian","english","portugues","english","portugues","english","romanian","english","romanian","english","spanish","spanish","english","german","english","german","english","dutch","english","dutch","english","danish","english","danish","english","swedish","english","swedish","english","norwegian","english","norwegian","german","english","german","english","dutch","english","dutch","english","danish","english","danish","english","swedish","english","swedish","english","norwegian","english","norwegian","english","english","english","english","synonym","english","synonym","english","polish","english","polish","english","czech","english","czech","english","russian","english","russian","polish","english","polish","english","czech","english","czech","english","russian","english","russian","english","english","chines","english","chines","english","japanes","english","japanes","english","korean","english","korean","english","indonesian","english","indonesian","english","thai","english","thai","english","vietnames","english","vietnames","chines","english","chines","english","japanes","english","japanes","english","korean","english","korean","english","indonesian","english","indonesian","english","thai","english","thai","english","vietnames","english","vietnames","english","english","arab","english","arab","english","greek","english","greek","english","finnish","english","finnish","english","hindi","english","hindi","english","hungarian","english","hungarian","english","swahili","english","swahili","english","esperanto","english","esperanto","arab","english","arab","english","greek","english","greek","english","finnish","english","finnish","english","hindi","english","hindi","english","hungarian","english","hungarian","english","swahili","english","swahili","english","esperanto","english","esperanto","english","english","english","english","synonym","english","synonym","spanish","spanish","gujarati","gujarati","latvian","latvian","romanian","romanian","tamil","tamil","translat","dictionari","synonym","conjug","pronunci","exampl","quiz","game","phrasebook","magazin","subscript","offer","contact","advertis","term","term","sale","privaci","polici","cooki","polici","cooki","set","languag","learn","languag","translat","conjug","phrasebook","live"],"headings":["onlin","dictionari","bab","la","love","languag","search","translat","dictionari","fun","learn","languag","vocabulari","lesson","free","game","quiz","onlin","dictionari","translat","vocabulari","lesson","conjug","languag"],"url":"https://bab.la","previewTitle":"Online dictionaries by bab.la - loving languages","preview":"Search translations in the dictionary and have fun learning languages with vocabulary lessons and many free games and quizzes.","forwardLinks":["https://www.babla.co.id","https://www.babla.cn","https://cs.bab.la","https://da.bab.la","https://de.bab.la","https://www.babla.gr","https://en.bab.la","https://es.bab.la","https://fr.bab.la","https://it.bab.la","https://ja.bab.la","https://ko.bab.la","https://hu.bab.la","https://nl.bab.la","https://www.babla.no","https://pl.bab.la","https://pt.bab.la","https://ro.bab.la","https://www.babla.ru","https://fi.bab.la","https://sv.bab.la","https://www.babla.co.th","https://tr.bab.la","https://www.babla.vn"]}