{"doc":["unfallort","eingetroffen","ssen","die","feuerwehrkr","fte","schnell","und","sicher","die","fahrzeuginsassen","befreien","ein","digital","technisch","rettungskart","dein","auto","macht","all","technischen","info","schon","auf","der","anfahrt","zur","einsatzstel","verf","gbar","und","spart","bi","zu","90","minuten","rettungsdau","wir","verwenden","cooki","durch","die","weiter","nutzung","der","webseit","stimmen","sie","der","verwendung","von","cooki","zu","startseit","neu","hier","registrieren","login","kontakt","rechtlich","impressum","datenschutz","agb","startseit","neu","hier","registrieren","login","kontakt","impressum","datenschutz","agb","detail","startseit","neu","hier","registrieren","login","kontakt","rechtlich","impressum","datenschutz","agb","digital","rettungskart"],"headings":["safeti","da","safeti","team","pflegt","einen","engen","informationsaustausch","mit","den","feuerwehren","und","rettungsdiensten","den","automobilisten","den","b2b","kunden","und","den","anwendern","all","beteiligten","tragen","anregungen","konstrukt","kritik","und","manpow","zur","steten","optimierung","und","weiterentwicklung","bei","denn","nur","erreichen","wir","gemeinsam","ein","gro","es","ziel","menschleben","sch","tzen","und","retten","safeti","safeti","safety","rettungskarten","feuerwehr","kfz","kennzeichen","unfal"],"url":"https://112-login.de","previewTitle":"SAFETY-e","preview":"Das SAFETY-e Team pflegt einen engen Informationsaustausch mit den Feuerwehren und Rettungsdiensten, den Automobilisten, den B2B-Kunden und den Anwendern. Alle Beteiligten tragen Anregungen, konstruktive Kritik und Manpower zur steten Optimierung und Weiterentwicklung bei. Denn nur so, erreichen wir gemeinsam ein großes Ziel: Menschleben schützen und retten!","forwardLinks":[]}