{"doc":["regist","1100ad","home","support","new","statist","plai","english","espa","ol","italiano","deutsch","fran","ai","portugu","polski","tina","nederland","rom","lietuvi","latvi","magyar","dansk","rk","bahasa","indonesia","ti","ng","vi","eesti","forget","password","regist","support","strategi","game","onlin","strategi","onlin","strategi","game","war","game","browser","game","onlin","war","strategi","war","game","battl","game","onlin","battl","attack","game","combat","game","defens","game","internet","game","mediev","game","militari","game","mmo","game","mmorpg","game","multiplay","game","web","game","armi","game","forum","223","support","term","servic","new","manual","forum","statist","plai","english","espa","ol","italiano","deutsch","fran","ai","portugu","polski","tina","nederland","rom","lietuvi","latvi","magyar","dansk","rk","bahasa","indonesia","ti","ng","vi","eesti","english","espa","ol","italiano","deutsch","fran","ai","portugu","polski","tina","nederland","rom","lietuvi","latvi","magyar","dansk","rk","bahasa","indonesia","ti","ng","vi","eesti","strategi","game","onlin","strategi","onlin","strategi","game","war","game","browser","game","onlin","war","strategi","war","game","battl","game","onlin","battl","attack","game","combat","game","defens","game","internet","game","mediev","game","militari","game","mmo","game","mmorpg","game","multiplay","game","web","game","armi","game","manual","forum","user","agreement","contact","support","suggest","faq","new"],"headings":["1100ad","domin","awesom","strategi","authent","storylin","addict","pvp","battl"],"url":"https://1100ad.com","previewTitle":"1100AD: Domination – awesome strategy with authentic storyline and addictive PvP battles","preview":"No preview available","forwardLinks":["http://www.youtube.com","http://ambergames.com"]}