{"doc":["php","css","vue","tab","javabean","app","app","prisma","app","app","nba","2020","2022","300","ol","3d","gm","05","gba","slg","go2","todo","hd","wifi","copyright","2007","2024","www","111com","net","aii","reserv","icp","17065847","yijucomnet","163","24","php","asp","net","css","jsp","ps","flash","jsp","php","css","php","asp","net","css","php","linux","css","js","mysql","asp","net","win10","qq","flash","iphone6","iphone7","root","yy","usb","mysql","information_schema","nova9","nfc","have","win11","vue","js","mysql","information_schema","nova9","nfc","vue","tab","java","propertydescriptor","sora","sora","sora","2024","html","html","canva","html","html","area","html","html","html","win11","win10","win10","win10","win10","win10","win10","mysql","sql","updat","null","null","sql","server","isnul","exist","access","oracl","access","mi","app","app","prisma","app","app","ip","window","bat","do","dnf","seo","sora","sora","sora","2024","nba","300","ol","go2","todo","522gg","php","php","php","php","php","net","vb","net","webservic","ios7","window","phone","window","mobil","css","dreamweav","frontpag","js","xnl","xslt","word","excel","powerpoint","wp","applic","applet","j2ee","ejb","j2me","java","java","icp","17065847","php","linux","css","js","mysql","asp","net","win10","qq","flash","iphone6","iphone7","root","yy","usb","app","app","prisma","app","app","nba","16","gb","86","70","mb","135","44","mb","14","93","mb","21","20","mb","68","80","mb","2020","51","90","mb","40","88","mb","10","233","80","mb","86","70","mb","41","gb","79","64","mb","340","mb","272","24","mb","56","gb","56","gb","2022","56","gb","10","39","30","mb","300","ol","92","gb","80","mb","17","78","mb","373","04","mb","115","39","mb","3d","gm","05","732","98","mb","gba","66","15","mb","10","92","gb","241","00","mb","80","mb","22","07","mb","323","37","mb","94","gb","slg","941","49","mb","161","18","mb","10","46","66","mb","go2","todo","97","21","mb","97","21","mb","97","21","mb","46","24","mb","17","73","mb","70","06","mb","14","26","mb","39","49","mb","43","02","mb","10","47","45","mb","97","21","mb","97","21","mb","97","21","mb","14","69","mb","hd","159","16","mb","46","24","mb","44","62","mb","33","95","mb","42","97","mb","10","wifi","49","35","mb","php","php","php","php","php","php","asp","net","net","vb","net","webservic","ios7","window","phone","window","mobil","css","css","dreamweav","frontpag","js","xnl","xslt","word","excel","powerpoint","wp","jsp","applic","applet","j2ee","ejb","j2me","java","java","vue","tab","java","propertydescriptor"],"headings":["_php","_java","php","ps","asp","net","jsp","css","asp"],"url":"https://111com.net","previewTitle":"网页制作教程_网页设计教程_php教程_网页特效_java教程_一聚攻略网","preview":"一聚教程网提供专业网页设计教程与网页制作教程包括有php教程、ps教程、asp.net教程、JSP教程、网页特效、CSS教程、平面设计、网页素材、服务器安全、数据库编程、asp教程等目前网页设计教程中所需要的知识内容教程。","forwardLinks":[]}