{"doc":["ga","zie","spad","na","zaparkowan","samoch","dy","przy","ul","armii","krajowej","krzysztof","wiatro","om","na","al","pi","sudskiego","12","krzysztof","zderzeni","trzech","pojazd","na","skrzy","owaniu","ul","damrota","asnyka","krzysztof","osoba","potrzebuj","ca","pomoci","mieszkaniu","przy","ul","honorati","33","krzysztof","otwarci","mieszkania","budynku","przy","ul","ustronnej","krzysztof","wypadek","na","budowi","przy","ul","zwierzynieckiej","krzysztof","karolpawelek","idevio","pl","scroll","zareklamuj","si","na","112tychi","pl","kliknij","po","wi","cej","informacji","nieudani","skok","wodi","na","paprocanach","zderzeni","dw","ch","osob","wek","na","al","pi","sudskiego","odziej","dki","uj","ty","przez","dzielnicowego","na","gor","cym","uczynku","zderzeni","motocyklisti","osob","wk","na","ul","sikorskiego","zderzeni","dw","ch","osob","wek","na","rondzi","ska","ka","zatrzymani","nietrz","wego","kieruj","cego","na","ul","targiela"],"headings":["112tychi","tyski","ratownicz","aktualno","ci","112","tychi","tyski","ratownicz","112tychi","po","ar","wypadek","kolizja","stra","karetka","policja","po","arna","bieru","powiat","bieru","sko","dzi","ski","osp","ochotnicza","stra","po","arna","st","uczka","potr","ceni","pieszi","pirat","drogowi","alarmowo","dzini","jednostki","jednostka","jrg"],"url":"https://112tychy.pl","previewTitle":"112Tychy - Tyskie Służby Ratownicze - Aktualności","preview":"No preview available","forwardLinks":[]}