{"doc":["remot","support","servic","repres","provid","fast","accur","assist","custom","screen","contact","custom","servic","enter","digit","connect","code","repres","remot","support","servic","repres","provid","fast","accur","assist","custom","screen","contact","custom","servic","click","icon","instruct","repres","agent","control","mous","keyboard","record","video","save","pc","continu","remot","support","process","record","save","agent","side","privat","chat","enter","password","agent","click","direct","download","automat","connect","fail","click","file","download","execut","reconnect","patent","040294","remot","control","web","browser","icon","patent","system","power","rsupport","icp","10019129","servic","enter","inform","remot","support","agreement","remot","support","agreement","remot","support","record","inform","password","load","remot","support","program","wait","reconnect","start","remot","support","start","remot","support","direct","download","download","file","download","connect","applic","download","privaci","polici"],"headings":["remot","support","servic"],"url":"https://113366.com","previewTitle":"Remote Support Services","preview":"No preview available","forwardLinks":[]}