{"doc":["busi","mobil","social","medium","market","technolog","art","photo","career","design","educ","present","public","speak","govern","nonprofit","healthcar","internet","law","leadership","manag","automot","engin","softwar","recruit","hr","retail","sale","servic","scienc","small","busi","entrepreneurship","food","environ","economi","financ","datum","analyt","investor","relat","sport","spiritu","new","polit","travel","improv","real","estat","entertain","humor","health","medicin","devic","hardwar","lifestyl","2024","state","market","report","hubspot","mariu","sescu","chatgpt","expe","softwar","product","design","trend","2024","teenag","engin","pixeldart","race","ag","gender","shape","attitud","mental","health","thinknow","view","research","method","research","methodolog","sundar","swot","analysi","gunjan","srivastava","effect","present","skill","biadoll123","present","skill","nanda","palit","view","scale","measur","loranel","sensat","percept","arul","lawrenc","right","woman","awai","chaudhari","bodi","languag","ppt","rashmi","shahu","view","research","methodolog","ppt","sheetal321","format","synopsi","abdul","rahman","khawaja","style","refer","biniyapatel","report","write","dr","lipilekha","patnaik","view","research","methodolog","ppt","sheetal321","research","methodolog","roll","plan","pvt","datum","collect","primari","secondari","prathamesh","parab","artifici","intellig","basic","ppt","rohityemul1","view","write","literatur","review","editag","insight","resourc","author","journal","step","research","process","nasir","mughal","literatur","survei","anamika","banerje","research","datum","interpret","prof","balasubramanian","view","effect","present","skill","biadoll123","present","skill","nanda","palit","datum","collect","primari","secondari","prathamesh","parab","challeng","opportun","organis","behaviour","jai","maheshwari","view","human","right","munwar","salam","review","literatur","enoch","snowden","group","dynam","yogesh","tiwari","observ","method","datum","collect","arifa","view","polit","system","pakistan","samad","aslam","oral","present","gaurav","singh","www","world","wide","web","saransh","arora","evolut","internet","yash","chavan","view","search","engin","powerpoint","201014161","compon","research","design","reka","polikaiyoor","reka","present","web","design","sreejagiri","univers","assign","cover","page","md","shaneaou","emon","view","project","report","manoj","reddi","anchor","script","engnr","areez","irfan","introduct","manag","prakhyath","rai","market","structur","gaurav","tandon","view","sustain","develop","kuldeep","mishra","definit","scope","import","environ","scienc","snehal","patel","ecosystem","saravana","mani","veerappan","subramanian","food","resourc","environment","scienc","sandip","kumar","sahoo","view","polit","histori","pakistan","1947","1958","malik","abdul","wahab","femin","ezzah","introduciton","intern","relat","anjan","kumar","dahal","research","report","write","amiti","univers","view","econom","issu","pakistan","solut","salman","mehmood","econom","problem","pakistan","solut","iba","institut","busi","administr","literatur","review","tabl","write","research","paper","review","telenor","global","view","femin","ezzah","ethic","issu","challeng","elijah","ezendu","nation","theori","princ","sadi","human","valu","profession","ethic","mahamaya","technic","univers","view","economi","pakistan","hashim","chohan","busi","plan","akhil","gupta","econom","issu","pakistan","kamran","hafeez","draft","letter","speaker","gracemanzano","support","term","privaci","copyright","sell","share","person","inform","everand","inspir","creat","great","featur","popular","educ","popular","entertain","humor","popular","health","medicin","popular","technolog","popular","scienc","popular","busi","popular","healthcar","popular","internet","popular","design","popular","engin","popular","environ","popular","law","popular","economi","financ","popular","spiritu","popular","travel"],"headings":["share","discov","present","slideshar","discov","share","present","present","infograph","world","larg","profession","content","share","commun"],"url":"https://slideshare.net","previewTitle":"Share & Discover Presentations | SlideShare","preview":"Discover, Share, and Present presentations and infographics with the world’s largest professional content sharing community.","forwardLinks":[]}