{"doc":["websit","cooki","essenti","function","cooki","proper","function","websit","refus","cooki","statist","purpos","analyt","cooki","cooki","choos","read","cooki","polici","inform","servic","govern","www","belgium","import","advantag","app","rememb","emerg","number","forget","distress","tap","ambul","firefight","polic","icon","depend","kind","112","emerg","numb","inform","give","act","incred","import","child","emerg","numb","112","exist","emerg","job","oper","calltak","fine","profess","essenti","link","emerg","respons","chain","profession","cool","headed","save","live","skip","main","content","info","1722","1722","info","info","info","facebook","twitter","feder","public","servic","home","affair","nl","fr","de","en","home","call","faq","emerg","number","app","kid","deaf","peopl","job","contact","home","call","faq","emerg","number","app","kid","deaf","peopl","job","contact","call","112","emerg","assist","ambul","firefight","call","101","emerg","assist","polic","call","112","free","european","countri","urgent","call","1722","case","storm","flood","assist","fire","brigad","call","1733","doctor","duti","call","view","emerg","number","imag","singl","app","fire","brigad","ambul","polic","import","advantag","app","rememb","emerg","number","forget","distress","tap","ambul","firefight","polic","icon","depend","kind","info","storm","flood","don","call","112","ordinari","storm","damag","prefer","onlin","form","www","1722","1722","june","20","2023","contact","wasp","desk","www","1722","help","immedi","refer","electron","desk","emerg","rescu","zone","wasp","nest","home","fire","depart","privat","extermin","interven","matt","fact","wasp","clean","natur","import","natur","insecticid","wasp","singl","nest","wipe","thousand","mosquito","hour","fill","wasp","form","inconveni","presenc","1722","faq","112","emerg","numb","inform","give","act","info","kid","incred","import","child","emerg","numb","112","exist","emerg","info","job","vacanc","job","oper","calltak","fine","profess","essenti","link","emerg","respons","chain","profession","cool","headed","save","live","info","faq","112","emerg","numb","inform","give","act","info","kid","incred","import","child","emerg","numb","112","exist","emerg","info","job","vacanc","job","oper","calltak","fine","profess","essenti","link","emerg","respons","chain","profession","cool","headed","save","live","info","imag","imag","imag","imag","imag","facebook","twitter","copyright","2024","right","reserv","sos112","initi","feder","public","servic","home","affair","access","privaci","statement","cooki","standbi","singl","app","fire","brigad","ambul","polic","faq","kid","job","vacanc"],"headings":["standbi","112","standbi"],"url":"https://112.be","previewTitle":"There is always someone on standby to help you in need | 112","preview":"There is always someone on standby to help you in need","forwardLinks":["https://apps.apple.com","https://play.google.com","https://www.1722.be"]}