{"doc":["komek","soft","komek","entr","komek","centr","050000","99","727","339","54","80","727","339","54","81","komek","itspac","kz","komek","centr","komek","centr","komek","centr","komek","soft"],"headings":["komek","soft","komek","soft","komek","103","komek","103"],"url":"https://112.kz","previewTitle":"Komek-Soft","preview":"Komek Soft - разработка программного обеспечения для медицинских учреждений, скорой помощи и ситуационного центра.","forwardLinks":[]}