{"doc":["194537","29","370116","91","454307","95","465758","47","317261","35","357179","36","448731","52","246453","56","2024","jike","447383894254","19784348661","447383892036","447383891706","13234166662","19784348531","447383891151","13234166668","194537","29","370116","91","454307","95","465758","47","317261","35","357179","36","448731","52","246453","56","googel","voic","http","www","mfsm","jike"],"headings":["app","sms_receiv","app"],"url":"https://114sim.com","previewTitle":"免费接码|短信验证码|在线接收短信|接码平台","preview":"本平台提供在线接收短信、代收短信验证码服务。完全免费，不用提供任何个人信息，不用注册，不用扫码，不用加群，不用点广告，不用下载软件或者APP。提供免费的国内外手机号，操作简单，界面简洁，短信显示迅速，比国外类似短信验证码接收平台更快捷","forwardLinks":[]}