{"doc":["10","00","17","00","copyright","2020","114gundam","kr","right","reserv","todai","view","join","mypag","prev","pg","mg","pg","perfect","grade","0083","hy2m","mega","size","0079","gundam","ag","mg","master","grade","gundam","oo","gundam","uc","gundam","ag","msv","zz","wing","gundam","0083","0080","ms","08","0079","f91","god","gundam","igloo","hy2m","resolut","model","100","f91","0083","rg","real","grade","gundam","seed","0083","hguc","high","grade","uc","zz","gundam","uc","msv","08","0080","0083","f91","advanc","zeta","god","gundam","gundam","hg","high","grade","hg","hg","hg","ibo","144","100","hg","gto","hg","gr","144","hg","gbd","144","hg","gbf","144","hg","bc","144","hg","gtb","144","hg","ag","144","hg","gb","144","hg","oo","144","100","60","hg","seed","144","100","60","hg","wing","144","hg","unit","100","60","sg","200","speed","grade","collect","08","0080","0083","f91","86","sd","bb","gundam","sdc","sd","sdw","bb","bb","bb","gg","sd","sdx","bb","bb","piec","lbx","mc","999","sky","crawler","entri","grade","30m","figureris","labo","labo","figurerise6","mg","labo","labo","mg","100","hguc","hg","144","mg","hguc","hg","144","decal","pg","mg","rg","real","grade","hguc","hg","144","100","mg","100","fg","144","400","288","60","60","hard","graph","nxedg","gundam","gff","metal","build","metal","composit","figur","origin","gq","hcm","pro","gundam","oper","formania","mia","lead","mg","100","ver","ka","4573102640154","tron","model","kit","yokoyama","ver","4934054107575","48","4573102637970","4573102642561","4934054013586","4970381497309","pt","326","4970381518110","15","pt","l48","4970381518127","15","4573102633613","12","114gundam","hanmail","net","login","join","mypag","12","12","28","10","30","15","pg","mg","pg","perfect","grade","0083","hy2m","mega","size","0079","gundam","ag","mg","master","grade","gundam","oo","gundam","uc","gundam","ag","msv","zz","wing","gundam","0083","0080","ms","08","0079","f91","god","gundam","igloo","hy2m","resolut","model","100","f91","0083","rg","real","grade","gundam","seed","0083","hguc","high","grade","uc","zz","gundam","uc","msv","08","0080","0083","f91","advanc","zeta","god","gundam","gundam","hg","high","grade","hg","hg","hg","ibo","144","100","hg","gto","hg","gr","144","hg","gbd","144","hg","gbf","144","hg","bc","144","hg","gtb","144","hg","ag","144","hg","gb","144","hg","oo","144","100","60","hg","seed","144","100","60","hg","wing","144","hg","unit","100","60","sg","200","speed","grade","collect","08","0080","0083","f91","86","sd","bb","gundam","sdc","sd","sdw","bb","bb","bb","gg","sd","sdx","bb","bb","piec","lbx","mc","999","sky","crawler","entri","grade","30m","figureris","labo","labo","figurerise6","mg","labo","labo","mg","100","hguc","hg","144","mg","hguc","hg","144","decal","pg","mg","rg","real","grade","hguc","hg","144","100","mg","100","fg","144","400","288","60","60","hard","graph","nxedg","gundam","gff","metal","build","metal","composit","figur","origin","gq","hcm","pro","gundam","oper","formania","mia","lead","pg","mg","pg","mg","pg","perfect","grade","0083","hy2m","0083","hy2m","mega","size","0079","gundam","ag","0079","gundam","ag","mg","master","grade","gundam","oo","gundam","uc","gundam","ag","msv","zz","wing","gundam","0083","0080","ms","08","0079","f91","god","gundam","igloo","hy2m","gundam","oo","gundam","uc","gundam","ag","msv","zz","wing","gundam","0083","0080","ms","08","0079","f91","god","gundam","igloo","hy2m","resolut","model","100","f91","0083","f91","0083","rg","real","grade","gundam","seed","0083","gundam","seed","0083","hguc","high","grade","uc","zz","gundam","uc","msv","08","0080","0083","f91","advanc","zeta","god","gundam","gundam","zz","gundam","uc","msv","08","0080","0083","f91","advanc","zeta","god","gundam","gundam","hg","high","grade","hg","hg","hg","ibo","144","100","hg","gto","hg","gr","144","hg","gbd","144","hg","gbf","144","hg","bc","144","hg","gtb","144","hg","ag","144","hg","gb","144","hg","oo","144","100","60","hg","seed","144","100","60","hg","wing","144","hg","unit","100","60","sg","200","speed","grade","collect","08","0080","0083","f91","86","hg","hg","hg","ibo","144","100","hg","gto","hg","gr","144","hg","gbd","144","hg","gbf","144","hg","bc","144","hg","gtb","144","hg","ag","144","hg","gb","144","hg","oo","144","100","60","hg","seed","144","100","60","hg","wing","144","hg","unit","100","60","sg","200","speed","grade","collect","08","0080","0083","f91","86","sd","bb","gundam","sdc","sd","sdw","bb","bb","bb","gg","sd","sdx","bb","bb","sdc","sd","sdw","bb","bb","bb","gg","sd","sdx","bb","bb","piec","lbx","mc","999","sky","crawler","piec","lbx","mc","999","sky","crawler","entri","grade","30m","figureris","labo","labo","figurerise6","mg","labo","labo","labo","labo","figurerise6","mg","labo","labo","mg","100","hguc","hg","144","mg","hguc","hg","144","mg","100","hguc","hg","144","mg","hguc","hg","144","decal","pg","mg","rg","real","grade","hguc","hg","144","100","mg","100","pg","mg","rg","real","grade","hguc","hg","144","100","mg","100","fg","144","400","288","60","60","hard","graph","fg","144","400","288","60","60","60","hard","graph","nxedg","nxedg","gundam","gundam","gff","metal","build","metal","composit","metal","build","metal","composit","figur","origin","gq","hcm","pro","gundam","oper","formania","mia","figur","origin","gq","hcm","pro","gundam","oper","formania","mia","lead","mg","100","ver","ka","4573102640154","71","500","tron","model","kit","70","000","yokoyama","ver","4934054107575","10","800","48","4573102637970","48","000","4573102642561","30","000","4934054013586","58","000","4970381497309","500","pt","326","4970381518110","15","24","000","pt","l48","4970381518127","15","37","500","4573102633613","42","000","12"],"headings":[],"url":"https://114gundam.co.kr","previewTitle":"즐거운 취미생활의 공간","preview":"No preview available","forwardLinks":[]}