{"doc":["choos","platform","pai","earn","instant","pai","easi","claim","faucet","simpli","follow","step","instantli","claim","free","crypto","gonna","love","addon","featur","act","ic","cake","make","earn","effortlessli","activ","site","claim","jackpot","huge","amount","favourit","cryptocurr","instantli","activ","site","claim","jackpot","win","super","jackpot","huge","amount","favourit","cryptocurr","instantli","earn","claim","balanc","mode","extra","bonu","claim","withdraw","anytim","ultim","crypto","machin","faucetpai","cwallet","faucetpai","join","faucetpai","cwallet","join","cwallet","11bitz","support","coin","simpl","step","choos","mode","cryptocurr","provid","wallet","address","claim","coin","instantli","premium","featur","111","referr","comiss","big","jackpot","balanc","mode","copyright","infin","network"],"headings":["11bitz","instant","crypto","platform"],"url":"https://11bit.co.in","previewTitle":"11BITZ - INSTANT CRYPTO PLATFORM","preview":"No preview available","forwardLinks":["https://t.me"]}