{"doc":["credit","card","requir","cancel","anytim","full","control","access","appoint","book","easili","accept","appoint","reject","propos","time","detail","statist","datum","sale","hour","work","session","compar","previou","month","year","evalu","busi","perform","fulli","control","invoic","issu","ticket","custom","access","detail","report","product","servic","profit","gener","payment","type","advanc","technolog","custom","pai","form","app","reduc","step","sale","funnel","elimin","numb","mistak","time","autom","process","minimis","effort","save","time","enjoi","hassl","free","customiz","commun","11pet","app","share","inform","work","collabor","pet","care","provid","order","give","pet","high","qualiti","care","profession","shelter","famili","share","care","record","select","share","long","upgrad","pai","subscript","will","continu","access","50","featur","integr","medic","record","veterinari","visit","unlimit","pet","seat","app","pet","owner","pet","track","flea","tick","medic","medic","vet","incid","vaccin","weight","measur","think","time","app","function","full","11pet","awesom","paulo","dallagnol","love","pet","inform","handi","time","app","easi","rememb","give","medic","bath","nail","trim","share","inform","vet","know","wasn","forget","april","rowland","absolut","app","track","dog","vet","visit","medic","groom","send","remind","servic","due","trim","nail","give","dose","flea","tick","medic","app","life","saver","app","jennif","roger","control","11pet","develop","fine","grain","datum","share","technolog","select","datum","share","pet","long","maximum","flexibl","time","guarante","privaci","datum","share","11pet","owner","datum","time","datum","store","11pet","cloud","mean","work","onlin","invit","profession","vet","input","datum","pet","member","platform","invit","famili","member","access","pet","creat","account","order","accept","invit","access","pet","don","worri","datum","safe","datum","previou","version","follow","pet","upgrad","version","app","don","support","don","worri","remain","current","plan","enjoi","benefit","premium","packag","year","give","time","premium","version","app","decid","continu","year","pass","downgrad","free","version","download","mobil","app","stai","connect","copyright","2015","2024","11","pet","right","reserv","cooki","websit","function","switch","system","set","respons","action","amount","request","servic","set","privaci","prefer","log","fill","form","set","browser","block","alert","cooki","part","site","work","cooki","store","person","identifi","inform","cooki","enabl","websit","provid","enhanc","function","personalis","set","parti","provid","servic","add","page","cooki","servic","function","properli","cooki","count","visit","traffic","sourc","measur","improv","perform","site","page","popular","visitor","move","site","inform","cooki","collect","aggreg","anonym","cooki","visit","site","monitor","perform","cooki","set","site","advertis","partner","compani","build","profil","interest","show","relev","advert","site","store","person","inform","base","uniqu","identifi","browser","internet","devic","cooki","experi","target","advertis","checkbox","label","label","consent","leg","interest","checkbox","label","label","checkbox","label","label","checkbox","label","label","33across","host","descript","view","cooki","cooki","33across","view","privaci","notic","web","page","11pet","cooki","click","accept","cooki","agre","store","cooki","devic","enhanc","site","navig","analyz","site","usag","assist","market","effort","benefit","privaci","prefer","center","manag","consent","prefer","button","perform","cooki","strictli","cooki","function","cooki","perform","cooki","target","cooki","select","busi","partner","help","custom","app","pet","owner","share","inform","vet","know","wasn","forget","absolut","app","faq","doubt","blog","pet","monitor","pet","anytim","add","famili","member","book","appoint","quick","easi","part","challeng","earn","point","rottweil","dog","trainer","dachshund","care","hygien","regist","home","featur","price","adopt","blog","regist","creat","account","pet","full","control","access","appoint","book","easili","accept","appoint","reject","propos","time","monitor","pet","anytim","detail","statist","datum","sale","hour","work","session","compar","previou","month","year","evalu","busi","perform","add","famili","member","fulli","control","invoic","issu","ticket","custom","access","detail","report","product","servic","profit","gener","payment","type","book","appoint","quick","easi","advanc","technolog","custom","pai","form","app","reduc","step","sale","funnel","elimin","numb","mistak","part","challeng","earn","point","time","autom","process","minimis","effort","save","time","enjoi","hassl","free","customiz","commun","join","rottweil","dog","trainer","dachshund","care","hygien","term","condit","privaci","polici","inform","cooki","detail","cooki","detail","cooki","detail","cooki","detail","button","home","featur","price","adopt","blog","regist","attent","pet","care","platform","pet","care","mission","relationship","level","50","exclus","featur","pet","start"],"headings":["11petsback","buttonsearch","iconfilt","icon"],"url":"https://11pets.com","previewTitle":"11petsBack ButtonSearch IconFilter Icon","preview":"No preview available","forwardLinks":["https://play.google.com","https://apps.apple.com","https://www.facebook.com","https://www.instagram.com"]}