{"doc":["good","12","18","group","combin","relev","trade","compet","identif","develop","oper","sale","suitabl","properti","roof","number","datum","consolid","current","12","18","principl","employe","total","volum","7pine","resort","sardinia","cone","club","sardinia","top","hotel","hochgurgl","schloss","roxburgh","7pine","grand","villa","7pine","resort","ibiza","hotel","stadt","hamburg","san","carlo","york","beech","resort","fleesense","marem","ritz","yachthafen","resort","spa","tast","concept","schloss","hotel","fleesense","lindner","hotel","group","12","18","group","merg","hotel","oper","hotel","acquisit","majorca","2023","season","new","7pine","resort","ibiza","7pine","resort","sardinia","answer","contact","ms","yasmina","tibourtin","execut","assist","manag","messag","12","18","group","12","18","group","7pine","hotel","resort","new","read","read","read","compani","acquisit","profil","team","career","imprint","datum","polici","de","en","12","18","group","asset","manag","privat","invest","develop","hotel","collect","privaci","polici","privaci","polici","privaci","polici","startseit","startseit","12","18","group","12","18","group","asset","manag","asset","manag","develop","develop","verm","gensmanag","verm","gensmanag","hotel","collect","hotel","collect","acquisit","profil","acquisit","profil","newscent","newscent","team","team","de","en","de","en","fact","29","550","mio","track","record","manifesto","effort","12","18","group","12","18","asset","manag","12","18","develop","12","18","verm","gen","manag","press","question"],"headings":["discov","exclus","hospit","12","18","group","invest","dream","actual","startseit","extraordinari","tourist","real","estat","12","18","group","turn","special","project","realiti","blend","visionari","idea","solid","action","hotel","hospit","sector","unlock","invest","opportun","holidai","properti","bespeak","asset","hospit","manag","principl","12","18","group","tourist","real","estat","hotel","hospit","sector","special","project","invest","holidai","properti","asset","manag","hospit","manag","privat","invest","develop","hotel","collect"],"url":"https://12-18.com","previewTitle":"Discover Exclusive Hospitality with 12.18. Group - Your Investment Dreams Actualized - Startseite","preview":"Looking for something extraordinary in tourist real estate? 12.18. Group turns special projects into reality, blending visionary ideas with solid action in the hotel and hospitality sector. Unlock investment opportunities in holiday properties with bespoke asset and hospitality management. Different. On Principle.","forwardLinks":["https://de.linkedin.com","https://instagram.com","https://facebook.com"]}