{"doc":["electron","fashion","categori","motorcycl","categori","categori","categori","categori","categori","categori","favorit","collect","shop","shop","motoprom20","motoprom20","shop","part","shop","part","homepag","page","open","window","tab","skip","main","content","shop","categori","collect","art","collect","antiqu","sport","memorabil","art","comput","tablet","camera","photo","tv","audio","surveil","cell","phone","accessori","woman","man","jewelri","watch","shoe","sign","regist","daili","deal","contact","load","error","sell","watchlist","expand","watch","list","load","sign","user","inform","ebai","expand","ebai","summari","view","bid","offer","watchlist","purchas","histori","bui","sell","save","search","save","seller","messag","expand","cart","load","wrong","view","cart","detail","save","electron","popular","categori","smartphon","accessori","video","game","consol","comput","tablet","camera","photo","camera","drone","refurbish","smart","home","appl","samsung","portabl","audio","headphon","smart","watch","deal","sell","ebai","motor","car","auto","truck","part","tool","suppli","turbo","charger","cloth","merchandis","shock","absorb","electron","gp","air","intak","motorcycl","part","bodi","frame","engin","part","accessori","exhaust","system","rim","deal","sell","ebai","fashion","popular","categori","footwear","woman","cloth","footwear","woman","man","cloth","man","footwear","watch","jewelri","accessori","man","accessori","woman","bag","wallet","woman","men","sunglass","women","sunglasess","sneaker","deal","sell","ebai","collect","art","popular","categori","collect","art","action","figur","cartoon","charact","movi","tv","charact","diecast","music","memorabil","sport","memorabil","trade","card","game","antiqu","comic","funko","pop","star","war","deal","sell","ebai","sport","popular","categori","cycl","fit","run","yoga","fit","tech","fish","camp","scooter","team","sport","watersport","winter","sport","box","mma","swim","gp","run","watch","garmin","deal","sell","ebai","health","beauti","popular","categori","beauti","makeup","health","beauti","manicur","pedicur","hair","product","skin","product","orthoped","product","vitamin","food","supplement","shave","wax","bath","person","hygien","oral","hygien","massag","deal","sell","ebai","industri","equip","popular","categori","dental","healthcar","electron","equip","suppli","metallurgi","manufactur","motor","industri","autom","heavi","equip","part","light","industri","tool","inspect","measur","test","equip","pack","ship","offic","suppli","equip","print","graphic","art","restaur","food","servic","mainten","safeti","retail","servic","deal","sell","ebai","home","garden","popular","categori","workshop","tool","equip","patio","garden","outdoor","home","improv","kitchen","dine","bar","lamp","light","fan","interior","decor","home","organ","home","applianc","toi","pet","craft","art","suppli","music","instrument","jewelri","bead","deal","sell","ebai","deal","sell","creat","list","join","growth","program","seller","center","seller","updat","seller","custom","servic","ebai","manag","payment","learn","sell","ebai","store","ebai","fee","sell","limit","electron","motor","fashion","collect","art","sport","health","beauti","industri","equip","home","garden","deal","sell","place","road","gear","discov","20","motorcycl","part","accessori","explor","offer","explor","offer","collect","discov","varieti","action","figur","card","toi","find","find","give","vehicl","love","part","price","shop","part","shop","part","luxuri","sneaker","refurbish","trade","card","pre","love","luxuri","toi","bui","registr","ebai","monei","guarante","bid","bui","store","sell","start","sell","learn","sell","affili","tool","app","develop","secur","center","site","map","stai","connect","ebai","blog","facebook","twitter","ebai","compani","info","new","investor","career","govern","relat","advertis","polici","verifi","right","owner","vero","program","contact","seller","inform","center","contact","commun","announc","discuss","board","ebai","give","work","ebai","site","unit","state","argentina","australia","austria","belaru","belgium","bolivia","brazil","canada","chile","china","colombia","costa","rica","dominican","republ","ecuador","el","salvador","franc","germani","guatemala","hondura","hong","kong","india","ireland","israel","itali","japan","kazakhstan","korea","malaysia","mexico","netherland","zealand","nicaragua","panama","paraguai","peru","philippin","poland","portug","puerto","rico","singapor","spain","switzerland","taiwan","turkei","unit","kingdom","uruguai","venezuela","ebai","announc","commun","secur","center","seller","inform","center","polici","affili","contact","site","map","copyright","1995","2024","ebai","right","reserv","access","user","agreement","privaci","payment","term","cooki","ca","privaci","notic","privaci","choic","adchoic","explor","popular","categori","addit","site","navig"],"headings":["electron","car","fashion","collect","ebai","bui","sell","electron","car","cloth","collect","ebai","world","onlin","marketplac","top","brand","price","free","ship","item"],"url":"https://ebay.com","previewTitle":"Electronics, Cars, Fashion, Collectibles & More | eBay","preview":"Buy & sell electronics, cars, clothes, collectibles & more on eBay, the world's online marketplace. Top brands, low prices & free shipping on many items.","forwardLinks":[]}