{"doc":["minut","read","articl","powershel","script","filter","event","perform","basic","queri","articl","load","sysmon","log","python","minut","read","articl","will","mitr","techniqu","t1059","001","command","script","interpret","powershel","download","execut","batch","file","t1105","ingr","minut","read","introduct","minut","read","introduct","minut","read","will","find","post","_post","directori","edit","build","site","rebuild","site","wa","minut","read","introduct","seri","blog","post","engag","threat","hunt","sysmon","log","process","util","free","tool","minut","read","introduct","ctf","2019","hold","15","nov","2019","challeng","write","peopl","work","cert","challeng","chal","minut","read","introduct","post","host","write","scratch","time","powershel","read","sysmon","log","winev","minut","read","will","find","post","_post","directori","edit","build","site","rebuild","site","wa","minut","read","introduct","post","hook","java","crypto","librari","frida","acquir","datum","clear","text","decrypt","encrypt","kei","androi","minut","read","introduct","post","consol","log","print","datum","send","datum","js","code","python","code","process","minut","read","introduct","previou","post","call","function","secret","attach","js","script","target","applic","process","tutor","minut","read","introduct","previou","post","show","intercept","function","call","log","modifi","argument","repeat","post","wi","minut","read","introduct","post","post","talk","frida","dynam","binari","instrument","tool","show","exampl","highli","post","11x256","infosec","blog","post","categori","tag","threat","hunt","sysmon","101","part","load","event","panda","datafram","threat","hunt","sysmon","101","part","command","line","investig","threat","hunt","sysmon","101","part","process","creation","event","threat","hunt","sysmon","101","part","sysmon","instal","jekyl","threat","hunt","sysmon","101","ctf","2019","dga","challeng","writeup","forget","jekyl","frida","hook","android","part","bypass","ae","encrypt","frida","hook","android","part","frida","hook","android","part","frida","hook","android","part","frida","hook","android","part","jekyl","minim","mistak","skip","primari","navig","skip","content","skip","footer","post","categori","tag","twitter","github","fee","threat","hunt","sysmon","101","part","load","event","panda","datafram","threat","hunt","sysmon","101","part","command","line","investig","threat","hunt","sysmon","101","part","process","creation","event","threat","hunt","sysmon","101","part","sysmon","instal","jekyl","threat","hunt","sysmon","101","ctf","2019","dga","challeng","writeup","forget","jekyl","frida","hook","android","part","bypass","ae","encrypt","frida","hook","android","part","frida","hook","android","part","frida","hook","android","part","frida","hook","android","part"],"headings":["11x256","infosec","blog","blog","infosec","malwar","android","secur","threat","hunt","detect"],"url":"https://11x256.github.io","previewTitle":"11x256's Infosec blog","preview":"Yet another blog about Infosec, malware, android security, and threat hunting & detection","forwardLinks":[]}