{"doc":["enjoi","favourit","movi","tv","show","free","sign","search","blog","bird","box","spider","man","home","2019","fast","furiou","present","hobb","shaw","2019","john","wick","chapter","parabellum","2019","yesterdai","2019","toi","stori","2019","annabel","home","2019","aladdin","2019","dark","phoenix","2019","shazam","2019","aveng","endgam","2019","hellboi","2019","captain","marvel","2019","movi","label","report","abus","skip","main","content","home","movi","tv","disclaim","privaci","polici","term","condit","dmca","contact","sitemap","disclaim","home","movi","tv","disclaim","privaci","polici","term","condit","dmca","contact","sitemap","disclaim","home","movi","tv","disclaim","privaci","polici","term","condit","dmca","contact","sitemap","disclaim","bird","box","decemb","04","2020","122movi","birdbox","122movi","birdbox","spider","man","home","2019","juli","08","2019","full","movi","spider","man","home","2019","full","movi","spider","man","home","2019","fast","furiou","present","hobb","shaw","2019","juli","06","2019","122movi","122movi","ga","123movi","action","adventur","comedi","david","leitch","dwayn","johnson","eiza","gonz","lez","jason","statham","vanessa","kirbi","122movi","122movi","ga","123movi","action","adventur","comedi","david","leitch","dwayn","johnson","eiza","gonz","lez","jason","statham","vanessa","kirbi","john","wick","chapter","parabellum","2019","juli","06","2019","2019","john","wick","chapter","john","wick","chapter","parabellum","john","wick","chapter","parabellum","2019","2019","john","wick","chapter","john","wick","chapter","parabellum","john","wick","chapter","parabellum","2019","yesterdai","2019","juli","06","2019","2019","yesterdai","yesterdai","2019","2019","yesterdai","yesterdai","2019","toi","stori","2019","juli","06","2019","2019","toi","stori","toi","stori","2019","2019","toi","stori","toi","stori","2019","annabel","home","2019","juli","06","2019","2019","annabel","annabel","home","home","2019","annabel","annabel","home","home","aladdin","2019","juli","06","2019","2019","aladdin","2019","aladdin","dark","phoenix","2019","juli","06","2019","action","adventur","sci","fi","action","adventur","sci","fi","shazam","2019","05","2019","122movi","122movi","ga","123movi","2019","action","adventur","comedi","fmovi","shazam","shazam","2019","122movi","122movi","ga","123movi","2019","action","adventur","comedi","fmovi","shazam","shazam","2019","aveng","endgam","2019","april","26","2019","avengersendgam","122movi","123movi","2018","2019","action","adventur","aveng","aveng","endgam","chri","evan","mark","ruffalo","robert","downei","jr","sci","fi","avengersendgam","122movi","123movi","2018","2019","action","adventur","aveng","aveng","endgam","chri","evan","mark","ruffalo","robert","downei","jr","sci","fi","hellboi","2019","april","12","2019","122movi","123movi","2019","action","adventur","david","harbour","fantasi","fmovi","hellboi","ian","mcshane","milla","jovovich","neil","marshal","122movi","123movi","2019","action","adventur","david","harbour","fantasi","fmovi","hellboi","ian","mcshane","milla","jovovich","neil","marshal","captain","marvel","2019","march","08","2019","122movi","ga","123movi","2019","action","adventur","ben","mendelsohn","brie","larson","captain","marvel","movi","samuel","jackson","sci","fi","122movi","ga","123movi","2019","action","adventur","ben","mendelsohn","brie","larson","captain","marvel","movi","samuel","jackson","sci","fi","post","decemb","2020","juli","2019","2019","april","2019","march","2019","februari","2019","novemb","1984","report","abus","power","blogger","home","movi","tv","disclaim","privaci","polici","term","condit","dmca","contact","sitemap","disclaim","home","movi","tv","disclaim","privaci","polici","term","condit","dmca","contact","sitemap","disclaim","home","movi","tv","disclaim","privaci","polici","term","condit","dmca","contact","sitemap","disclaim","link","facebook","twitter","pinterest","email","app","link","facebook","twitter","pinterest","email","app","link","facebook","twitter","pinterest","email","app","link","facebook","twitter","pinterest","email","app","link","facebook","twitter","pinterest","email","app","link","facebook","twitter","pinterest","email","app","link","facebook","twitter","pinterest","email","app","link","facebook","twitter","pinterest","email","app","link","facebook","twitter","pinterest","email","app","link","facebook","twitter","pinterest","email","app","link","facebook","twitter","pinterest","email","app","link","facebook","twitter","pinterest","email","app","link","facebook","twitter","pinterest","email","app","decemb","2020","juli","2019","2019","april","2019","march","2019","februari","2019","novemb","1984","alita","avengersendgam","122movi","122movi","ga","123movi","1984","2018","2019","action","adventur","aladdin","alita","alita","battl","angel","america","ferrera","anim","annabel","annabel","home","aveng","aveng","endgam","ben","mendelsohn","birdbox","brie","larson","captain","marvel","chri","evan","christoph","waltz","chuck","norri","comedi","david","harbour","david","leitch","david","tress","dean","debloi","drama","dwayn","johnson","eiza","gonz","lez","murrai","abraham","fantasi","fmovi","full","movi","hellboi","home","train","dragon","ian","mcshane","jason","statham","jai","baruchel","jennif","connelli","john","wick","chapter","john","wick","chapter","parabellum","john","wick","chapter","parabellum","2019","emmet","walsh","mark","ruffalo","milla","jovovich","miss","action","movi","neil","marshal","robert","downei","jr","robert","rodriguez","rosa","salazar","samuel","jackson","sci","fi","shazam","shazam","2019","spider","man","home","2019","hide","world","toi","stori","toi","stori","2019","vanessa","kirbi","yesterdai","yesterdai","2019","122movi","post"],"headings":["122movi"],"url":"https://122movies.blogspot.com","previewTitle":"122movies","preview":"No preview available","forwardLinks":["https://www.blogger.com"]}