{"doc":["klik","op","de","vlag","onderstaand","button","om","onz","nederlandstalig","websit","te","bezoeken","klicken","sie","auf","die","flagg","oder","den","button","unten","um","unser","deutschsprachig","websit","zu","besuchen","123","kaminofen","kupferstra","49843","uelsen","telefon","49","5942","98","99","888","telefon","31","541","74","00","11","mail","info","123","kaminofen","de","montag","freitag","00","12","30","13","15","17","00","samstag","sonntag","geschlossen","agb","datenschutz","agb","datenschutz","impressum","websit","door","123","kaminofen","all","rechten","voorbehouden","klik","hier","voor","nederland","klicken","sie","hier","deutsch","123","kaminofen","de","hier","kaufen","sie","kamin","schicken","design","wo","finden","sie","un"],"headings":["bei","123","kaminofen","de","kaufen","sie","kamin","wilt","zekerheid","en","duidelijkheid","koop","dan","uw","houtkachel","duitsland","al","jaren","geldt","hier","een","zeer","streng","wet","en","regelgev","voor","houtgestookt","installati"],"url":"https://123-kaminofen.de","previewTitle":"Bei 123-kaminofen.de kaufen Sie Kamine!","preview":"Wilt u zekerheid en duidelijkheid... Koop dan uw houtkachel in Duitsland.\n    Al jaren geldt hier een zeer strenge wet- en regelgeving voor houtgestookte installaties.","forwardLinks":[]}