{"doc":["login","store","home","discoveri","queue","wishlist","point","shop","new","stat","commun","home","discuss","workshop","market","broadcast","support","steam","mobil","app","privaci","polici","legal","steam","subscrib","agreement","refund","project","zomboid","conan","exil","nephis","ascens","store","home","discoveri","queue","wishlist","point","shop","new","stat","commun","home","discuss","workshop","market","broadcast","support","instal","steam","login","simplifi","chines","tradit","chines","japanes","korean","thai","bulgarian","tina","czech","dansk","danish","deutsch","german","espa","ol","espa","spanish","spain","espa","ol","latinoam","rica","spanish","latin","america","greek","fran","ai","french","italiano","italian","bahasa","indonesia","indonesian","magyar","hungarian","nederland","dutch","norsk","norwegian","polski","polish","portugu","portugues","portug","portugu","brasil","portugues","brazil","rom","romanian","russian","suomi","finnish","svenska","swedish","rk","turkish","ti","ng","vi","vietnames","ukrainian","report","translat","problem","sign","join","steam","learn","screenshot","artwork","broadcast","video","workshop","new","guid","review","popular","anim","ghost","tsushima","director","cut","man","war","ii","counter","strike","team","fortress","counter","strike","mass","effect","andromeda","delux","edit","wwe","2k24","team","fortress","team","fortress","counter","strike","wwe","2k24","resid","evil","resid","evil","resid","evil","ghost","tsushima","director","cut","garri","mod","wwe","2k24","dota","team","fortress","rabbit","steel","team","fortress","ghost","tsushima","director","cut","garri","mod","rust","abiot","factor","anim","dinkum","ghost","tsushima","director","cut","garri","mod","counter","strike","award","ghost","tsushima","director","cut","counter","strike","award","dead","aliv","leav","dead","award","speed","heat","award","cyberpunk","2077","award","freshwomen","season","award","zombi","armi","dead","war","award","unchart","legaci","thiev","collect","award","speed","award","bioshock","infinit","award","ghost","tsushima","director","cut","content","share","screenshot","video","start","discuss","top","cancel","privaci","polici","legal","cooki","steam","subscrib","agreement","wrong","displai","content","refresh"],"headings":["steam","commun"],"url":"https://steamcommunity.com","previewTitle":"Steam Community","preview":"No preview available","forwardLinks":["https://store.steampowered.com","https://help.steampowered.com"]}