{"doc":["subscrib","123movi","mail","list","receiv","updat","movi","tv","seri","new","top","movi","123movi","watch","fmovi","onlin","free","download","late","movi","registr","123movi","rope","movi","run","movi","thelma","unicorn","movi","queen","rock","montreal","movi","kumit","movi","hunt","daze","movi","sasquatch","sunset","movi","undo","hotpot","movi","uncrop","movi","poolman","movi","church","movi","movi","imag","movi","el","correo","movi","foil","movi","lazareth","movi","tv","glow","movi","run","man","reveng","movi","rom","movi","mother","bride","movi","black","movi","dark","man","movi","honeymoon","movi","housekeep","beginn","movi","chime","movi","skulleton","movi","sale","movi","jade","movi","forc","natur","spin-dri","movi","iron","mask","movi","misericordia","movi","tarot","movi","find","monei","movi","wwe","backlash","franc","movi","mother","secret","affair","movi","garfield","movi","movi","booni","bear","time","twist","movi","prom","date","movi","unfrost","pop","tart","stori","movi","chief","station","movi","water","movi","home","genr","action","adventur","action","adventur","anim","comedi","crime","documentari","drama","famili","fantasi","histori","horror","kid","music","mysteri","realiti","romanc","sci","fi","fantasi","scienc","fiction","soap","thriller","tv","movi","war","polit","war","western","movi","tv","seri","top","imdb","1187","movi","tv","seri","faq","dmca","action","comedi","drama","documentari","crime","india","unit","state","australia","canada","russia","movi"],"headings":["123movi","watch","free","movi","onlin","movies123","123movi","offer","user","watch","free","movi","seri","signup","movies123","123","movi","123movi","place","watch","free","movi","seri","hd","qualiti"],"url":"https://1234movies.club","previewTitle":"123Movies - Watch Free Movies Online - Movies123","preview":"123movies offers users to watch free movies and series without signup. Movies123, 123 movies and 123movie is the best place to watch free movies and series in HD Quality.","forwardLinks":[]}