{"doc":["webpag","gener","domain","owner","sedo","domain","park","disclaim","sedo","maintain","relationship","parti","advertis","refer","specif","servic","trade","mark","control","sedo","constitut","impli","associ","endors","recommend","sedo","domain","park","privaci","polici","123anim"],"headings":["123anim","123anim","resourc","inform","123anim","sourc","inform","gener","topic","expect","find","123anim","hope","find","search"],"url":"https://123anime.to","previewTitle":"123anime.to - 123anime Resources and Information.","preview":"123anime.to is your first and best source for all of the information you’re looking for. From general topics to more of what you would expect to find here, 123anime.to has it all. We hope you find what you are searching for!","forwardLinks":[]}