{"doc":["messag","password","updat","password","chang","successfulli","video","editor","video","editor","screen","record","text","speech","merg","video","add","audio","video","trim","video","add","imag","video","add","text","video","remov","logo","video","crop","video","rotat","video","flip","video","resiz","video","loop","video","chang","volum","chang","video","speed","stabil","video","video","record","trim","audio","chang","volum","chang","speed","chang","pitch","equal","revers","audio","voic","record","audio","joiner","split","merg","compress","unlock","protect","rotat","add","page","number","pdf","word","pdf","excel","pdf","jpg","pdf","png","pdf","html","word","pdf","jpg","pdf","excel","pdf","ppt","pdf","png","pdf","audio","convert","video","convert","imag","convert","document","convert","font","convert","archiv","convert","ebook","convert","archiv","extractor","privaci","refund","polici","price","english","english","portugu","italiano","espa","ol","deutsch","fran","ai","polski","rk","ti","ng","vi","bahasa","indonesia","continu","free","account","log","forget","password","sign","privaci","term","log","instal","video","tool","video","editor","screen","record","text","speech","merg","video","add","audio","video","trim","video","add","imag","video","add","text","video","remov","logo","video","crop","video","rotat","video","flip","video","resiz","video","loop","video","chang","volum","chang","video","speed","stabil","video","video","record","audio","tool","trim","audio","chang","volum","chang","speed","chang","pitch","equal","revers","audio","voic","record","audio","joiner","pdf","tool","convert","pdf","pdf","word","pdf","excel","pdf","ppt","pdf","jpg","pdf","png","pdf","html","convert","pdf","word","pdf","jpg","pdf","excel","pdf","ppt","pdf","png","pdf","split","merg","compress","unlock","protect","rotat","add","page","number","convert","audio","convert","video","convert","imag","convert","document","convert","font","convert","archiv","convert","ebook","convert","util","archiv","extractor"],"headings":["web","app","123app","edit","convert","creat"],"url":"https://123apps.com","previewTitle":"Web Apps by 123apps - Edit, Convert, Create","preview":"No preview available","forwardLinks":[]}