{"doc":["123movi","offer","link","select","stream","tv","seri","movi","123movi","websit","stream","free","movi","123movi","offer","access","movi","internet","123movi","list","link","movi","stream","123movi","watch","video","quickli","wealthi","peopl","earth","long","deni","access","state","art","technolog","possibl","internet","own","smartphon","access","high","speed","internet","life","lot","easi","don","option","amus","major","peopl","watch","movi","websit","view","favorit","movi","place","123movi","wide","rang","movi","includ","content","tailor","region","uk","itali","canada","spain","germani","franc","australia","japan","123movi","connect","onlin","film","123moviesfre","serv","share","movi","librari","123movi","websit","quit","search","premium","onlin","stream","film","tv","seri","broad","varieti","genr","includ","action","adventur","anim","biographi","comedi","crime","documentari","drama","famili","fantasi","game","show","histori","horror","music","mysteri","new","realiti","romanc","sci","fi","tv","movi","thriller","war","watch","movi","onlin","platform","primari","reason","issu","membership","fee","durat","time","need","set","account","launch","123movi","evolv","setup","subscript","fee","watch","favorit","movi","long","laptop","smartphon","internet","connect","account","simpli","choos","movi","watch","start","watch","organ","romant","date","night","signific","throw","friend","famili","123movi","great","partner","enjoy","lose","hour","movi","great","kill","time","stai","entertain","123movi","seek","exclus","provid","link","legal","access","onlin","content","bring","bucket","popcorn","snack","blast","websit","assist","stream","tv","show","movi","onlin","make","account","purchas","membership","select","prefer","film","view","123movi","video","high","definit","123movi","offer","high","qualiti","video","enjoy","watch","experi","123moviesfre","mission","ensur","film","select","enjoy","sacrific","qualiti","watch","home","social","gather","friend","123movi","kind","movi","123movi","watch","kind","movi","need","movi","easi","locat","pick","scene","will","assist","find","film","intern","movi","releas","123movi","intent","provid","audienc","region","experi","provid","access","intern","film","studio","content","enjoi","great","varieti","entertain","time","enjoi","genr","movi","anytim","good","time","access","123movi","assist","access","desir","movi","123moviesfre","websit","time","assist","pick","place","time","dai","wait","impati","favorit","movi","dvd","shell","lot","monei","theater","ticket","hero","plai","live","long","dai","comput","electron","gadget","internet","connect","basic","will","123movi","view","movi","benefit","123movi","watch","movi","onlin","occasion","download","video","advanc","websit","watch","movi","onlin","123","movi","long","unnecessari","wast","time","download","movi","watch","onlin","rapidli","eager","film","televis","program","save","time","doesn","wait","watch","movi","onlin","possibl","save","lot","monei","123","movi","enjoi","watch","free","movi","onlin","pai","function","123movi","link","onlin","movi","resourc","build","share","librari","websit","access","numer","devic","includ","laptop","pc","tablet","mobil","phone","util","123","movi","123movi","link","4k","onlin","video","conveni","watch","favorit","movi","devic","123movi","work","surprisingli","firefox","chrome","version","work","outdat","browser","version","frequent","grow","bore","watch","movi","fun","have","run","content","onlin","stream","servic","renown","massiv","databas","long","time","fill","123moviesfre","stop","provid","fresh","updat","materi","common","knowledg","view","movi","love","bring","peopl","close","watch","explan","amount","time","spend","interest","watch","lot","movi","televis","show","123movi","significantli","improv","qualiti","life","server","123moviesfre","net","doesn","datum","link","content","internet","cost","server","act","proxi","movi","televis","show","numer","websit","rise","due","rise","cost","energi","europ","function","websit","win","impact","websit","complet","lose","monei","anticip","price","decreas","upcom","year","goal","includ","streamlin","websit","code","enhanc","user","experi","ey","updat","subscrib","123movi","mail","list","receiv","updat","movi","tv","seri","new","top","movi","copyright","2024","123movi","right","reserv","disclaim","site","store","file","server","content","affili","parti","123movi","amaz","websit","advantag","123movi","onlin","movi","stream","123movi","help","pass","time","save","monei","123movi","123movi","compat","modern","browser","devic","123movi","lack","amus","partnership","strengthen","123movi","updat","2024","123movi","click","free","movi","123movi","watch","free","123","movi","onlin","home","tv","seri","movi","genr","action","adventur","anim","comedi","crime","documentari","drama","famili","fantasi","histori","horror","music","mysteri","romanc","scienc","fiction","tv","movi","thriller","war","western","countri","australia","bulgaria","canada","china","franc","ireland","japan","romania","south","korea","switzerland","taiwan","turkei","unit","kingdom","unit","state","top","imdb","movi","tv","seri","faq","dmca","comedi","romanc","action","famili","horror","bulgaria","unit","state","canada","unit","kingdom","switzerland","123movi","123movi","free","free","movi","free","movi","onlin","cinema","movi","watch","seri","free","seri","free","onlin","watch","free","movi","onlin","123movi","123movi","123","movi","123moviesfre","0123movi","123movi","sens"],"headings":["untitl","page"],"url":"https://123films.ch","previewTitle":"Untitled Page","preview":"No preview available","forwardLinks":[]}