{"doc":["123","123","www","123dua","123","sitemap","copyright","2020","123","right","reserv","kk","123","1004","151","612","47","232","615","80","449","156","431","661","229","192","234","90","47","have","44","0891","288","1214","2017","1968","11","14","2006","npc","s","11","lol","csgo","100","91","49","62","236","078","48","60","104","34","26","21","27","68","lol","24","scout","288","2009","180","123","123","123"],"headings":["123","123","123","123","123"],"url":"https://123ds.org","previewTitle":"123读书网-123读小说网","preview":"123读书网是一个非常好的小说网提供各种类型的文学作品供读者阅读，包括古文，外国知名文学，中文小说、言情类、玄幻类、武侠类和都市小说文学等，喜欢的读者记得要收藏哦","forwardLinks":[]}