{"doc":["default","websit","page","page","gener","softacul","webuzo","lead","provid","softwar","webhost","industri","page","upload","site","content","step","instal","web","applic","blog","forum","galleri","wiki","softacul","webuzo","upload","content","ftp","ssh","log","softacul","webuzo","panel","http","hostnam","2002","page","gener","softacul","webuzo","softacul","webuzo"],"headings":["softacul","webuzo","default","websit","page"],"url":"https://123gofmovies.com","previewTitle":"Softaculous Webuzo | Default Website Page","preview":"No preview available","forwardLinks":[]}