{"doc":["notif","123face","net","login","regist","00","discount","login","regist","dashboard","top","add","monei","bui","account","facebook","purchas","histori","warranti","polici","tutori","blog","faq","free","tool","line","telegram","login","notif","select","languag","english","select","currenc","usd","vnd","usd","thb","123face","net","bmface","bmface","http","bmface","client","regist","http","bmface","http","bmface","net","product","123face","net","login","regist","dashboard","top","add","monei","bui","account","facebook","purchas","histori","warranti","polici","tutori","blog","faq","free","tool","notif","notif","select","languag","english","english","select","currenc","usd","vnd","usd","thb","vnd","usd","thb","product","privaci","polici","term","notif","instruct","convert","account","balanc","123face","net","bmface"],"headings":["bui","facebook","ad","account","boost","market","premium","facebook","ad","account","special","sale","top","notch","readi","facebook","advertis","account","offer","perfect","solut","nolimit","250","usd","350","usd","1500","usd","green","line","green","line"],"url":"https://123face.net","previewTitle":"Buy Facebook Ads Accounts","preview":"Boost your marketing with our premium Facebook ads accounts! Specializing in the sale of top-notch, ready-to-use Facebook advertising accounts, we offer the perfect solution for your ","forwardLinks":["https://hitools.pro","https://line.me","https://i.pinimg.com"]}