{"doc":["footer","copyright","contact","form","123mkv","net","123mkv","hd","movi","download","free","show","alic","wonderland","anim","movi","review","stori","anim","movi","despic","review","stori","pirat","caribbean","dead","man","chest","movi","reveiw","stori","anim","movi","toi","stori","review","stori","dark","knight","rise","movi","stori","review","load","movi","piki","templat","bollywood","movi","hollywood","movi","hindi","dub","movi","punjabi","movi","pakistani","movi","movi","bollywood","movi","hollywood","movi","hindi","dub","movi","punjabi","movi","pakistani","movi","movi","123mkv","net","123mkv","hd","movi","download","free","alic","wonderland","anim","movi","review","stori","anim","movi","despic","review","stori","pirat","caribbean","dead","man","chest","movi","reveiw","stori","anim","movi","toi","stori","review","stori","dark","knight","rise","movi","stori","review"],"headings":["123mkv","net","123mkv","hd","movi","download","free","123mkv","net","123mkv","hd","movi","download","free","download","pakistani","hollywood","bollywood","punjabi","hindi","dub","movi","free"],"url":"https://123mkvnet.blogspot.com","previewTitle":"123Mkv.Net - 123Mkv HD And New Movies Download Free","preview":"123Mkv.Net - 123Mkv HD And New Movies Download Free. Download Pakistani, Hollywood, Bollywood, Punjabi And Hindi Dubbed Movies Free.","forwardLinks":[]}