{"doc":["watch","123movi","copyright","2024","123movi","123movi","123movi","onlin","stream","platform","swiftli","rise","promin","offer","user","free","access","movi","tv","show","123movi","watch","free","movi","onlin","123movi","123movi","place","premium","featur","free","fulli","librari","web","part","time","devic","connect","internet","love","movi","tv","show","commit","watch","movi","leav","don","123movi","safe","reliabl","watch","free","movi","tv","show","onlin","ad","don","sign","visit","regret","123movi","popular","free","onlin","movi","stream","site","watch","thousand","movi","tv","show","hd","qualiti","free","databas","includ","genr","subgenr","find","interest","watch","123movi","matt","librari","web","updat","daili","late","releas","requir","titl","random","gem","123movi","fun","doesn","don","forget","clear","schedul","connect","pai","ten","dollar","month","pai","stream","servic","bui","tasti","pizza","bottl","wine","watch","content","123movi","free","watch","free","movi","onlin","123movi","save","lot","hassl","requir","subscript","renew","process","123movi","easi","free","enjoi","content","hit","leav","don","watch","movi","pai","monthli","subscript","ridicul","123movi","rescu","123movi","watch","free","movi","tv","show","onlin","stream","hd","home","movi","featur","popular","top","rate","upcom","anim","tv","seri","popular","air","todai","air","top","rate","genr","action","adventur","anim","comedi","crime","documentari","drama","famili","fantasi","histori","horror","music","mysteri","romanc","scienc","fiction","tv","movi","thriller","war","facebook","twitter","123movi","watch","movi","tv","seri","123movi"],"headings":["untitl","page"],"url":"https://123movie.tel","previewTitle":"Untitled Page","preview":"No preview available","forwardLinks":[]}