{"doc":["123movi","popular","websit","watch","favorit","movi","tv","show","web","seri","123movi","ultim","entertain","station","enjoi","hd","qualiti","content","world","movi","top","imdb","dmca","faq","action","histori","thriller","sci","fi","fmovi","soap2dai","putlock","subscrib","123movi","mail","list","receiv","updat","movi","tv","seri","new","copyright","123movi","right","reserv","disclaim","site","store","file","server","content","affili","parti","watch","hd","movi","onlin","free","download","late","movi","everydevic","member","site","full","rang","function","enjoi","excit","film","send","password","email","fill","email","form","123movi","movi","free","movi","subscrib","member","login","area","forget","password","home","genr","countri","tv","seri","123movi","click","123movi","free","movi","free","movi","onlin","watch","movi","onlin","free","forget","password","join","login","login","home","genr","action","action","adventur","adventur","anim","comedi","crime","documentari","drama","famili","fantasi","histori","horror","music","mysteri","realiti","romanc","sci","fi","fantasi","scienc","fiction","talk","show","thriller","tv","movi","war","western","action","action","adventur","adventur","anim","comedi","crime","documentari","drama","famili","fantasi","histori","horror","music","mysteri","realiti","romanc","sci","fi","fantasi","scienc","fiction","talk","show","thriller","tv","movi","war","western","countri","afghanistan","albania","algeria","angola","argentina","aruba","australia","austria","azerbaijan","bahama","bangladesh","belaru","belgium","beliz","bermuda","bhutan","bolivia","bosnia","herzegovina","botswana","brazil","brunei","bulgaria","ca","cambodia","cameroon","canada","cayman","island","chile","china","colombia","congo","croatia","cuba","cypru","czech","republ","de","denmark","dominican","republ","ecuador","egypt","el","salvador","estonia","feder","republ","yugoslavia","fiji","finland","fr","franc","french","polynesia","gb","georgia","germani","ghana","greec","guadeloup","guatemala","holi","vatican","citi","state","hondura","hong","kong","hungari","iceland","india","indonesia","iran","ireland","isl","man","israel","itali","jamaica","japan","jordan","kazakhstan","kenya","korea","kosovo","lao","latvia","lebanon","liechtenstein","lithuania","luxembourg","malaysia","malta","mauritiu","mexico","monaco","mongolia","montenegro","morocco","myanmar","namibia","nepal","netherland","zealand","nigeria","norwai","oman","pakistan","palau","palestin","panama","paraguai","peru","philippin","pl","poland","portug","puerto","rico","qatar","republ","macedonia","romania","russia","saint","kitt","nevi","saudi","arabia","seneg","serbia","singapor","slovakia","slovenia","somalia","south","africa","south","korea","spain","sri","lanka","sudan","sweden","switzerland","syria","taiwan","thailand","trinidad","tobago","tunisia","turkei","uganda","uk","ukrain","unit","arab","emir","unit","kingdom","unit","state","uruguai","usa","venezuela","vietnam","zambia","zimbabw","afghanistan","albania","algeria","angola","argentina","aruba","australia","austria","azerbaijan","bahama","bangladesh","belaru","belgium","beliz","bermuda","bhutan","bolivia","bosnia","herzegovina","botswana","brazil","brunei","bulgaria","ca","cambodia","cameroon","canada","cayman","island","chile","china","colombia","congo","croatia","cuba","cypru","czech","republ","de","denmark","dominican","republ","ecuador","egypt","el","salvador","estonia","feder","republ","yugoslavia","fiji","finland","fr","franc","french","polynesia","gb","georgia","germani","ghana","greec","guadeloup","guatemala","holi","vatican","citi","state","hondura","hong","kong","hungari","iceland","india","indonesia","iran","ireland","isl","man","israel","itali","jamaica","japan","jordan","kazakhstan","kenya","korea","kosovo","lao","latvia","lebanon","liechtenstein","lithuania","luxembourg","malaysia","malta","mauritiu","mexico","monaco","mongolia","montenegro","morocco","myanmar","namibia","nepal","netherland","zealand","nigeria","norwai","oman","pakistan","palau","palestin","panama","paraguai","peru","philippin","pl","poland","portug","puerto","rico","qatar","republ","macedonia","romania","russia","saint","kitt","nevi","saudi","arabia","seneg","serbia","singapor","slovakia","slovenia","somalia","south","africa","south","korea","spain","sri","lanka","sudan","sweden","switzerland","syria","taiwan","thailand","trinidad","tobago","tunisia","turkei","uganda","uk","ukrain","unit","arab","emir","unit","kingdom","unit","state","uruguai","usa","venezuela","vietnam","zambia","zimbabw","tv","seri","watch","movi","tv","seri","onlin"],"headings":["123movi","watch","free","hd","movi","123","movi","123movi","popular","websit","watch","favorit","movi","tv","show","web","seri","123movi","ultim","entertain","station","enjoi","hd","qualiti","content","world","123movi","123movi","stream","movi","123","movi","watch","movi","onlin","fro","free"],"url":"https://123moviefree.sc","previewTitle":"123movies - Watch Free HD Movies on 123 movies","preview":"123movies is a popular website watch your favorite Movies, TV shows and Web series 123movies ultimate entertainment station enjoy HD quality content from all over the world.","forwardLinks":["https://123movieszhub.co"]}