{"doc":["site","cooki","visit","cooki","polici","page","click","link","footer","inform","chang","prefer","offici","european","union","websit","address","europa","eu","domain","eu","institut","bodi","common","principl","valu","underli","life","eu","freedom","democraci","equal","rule","law","promot","peac","stabil","discov","eu","prioriti","2019","2024","promot","green","europ","develop","econom","base","protect","citizen","freedom","eu","budget","fund","spend","manag","eu","fund","area","expenditur","fact","check","eu","budget","discov","eu","citizen","protect","right","promot","prosper","strive","world","safe","place","learn","eu","handi","public","eu","work","euro","law","histori","travel","featur","new","24","eu","offici","languag","machin","translat","intern","dai","homophobia","biphobia","transphobia","eu","reaffirm","homophobia","biphobia","transphobia","place","eu","world","equal","freedom","justic","appli","actual","perceiv","sexual","orient","gender","ident","centr","nation","de","la","recherch","scientifiqu","franc","universitat","rovira","virgili","spain","win","eu","sustain","gender","equal","champion","award","gender","equal","champion","newcom","award","ireland","technolog","univers","shannon","midland","midwest","commiss","support","54","joint","european","defenc","research","develop","project","billion","european","defenc","fund","select","project","support","technolog","excel","defenc","capabl","cyber","defenc","grind","air","naval","combat","space","share","page","accept","cooki","accept","essenti","cooki","skip","main","content","english","search","menu","european","elect","place","thursdai","sundai","june","2024","eu","citizen","vote","elect","400","million","european","vote","matter","vote","decid","european","union","focu","year","chang","world","live","tackl","global","challeng","surround","futur","european","democraci","democraci","preciou","gift","pass","previou","gener","aspir","fight","democraci","grant","maintain","strong","pass","gener","peopl","vote","strong","democraci","june","2024","vote","decid","learn","vote","principl","valu","european","union","prioriti","2019","2024","budget","achiev","learn","corner","eu","easi","new","articl","17","2024","eu","stand","homophobia","biphobia","transphobia","press","releas","16","2024","winner","announc","eu","gender","equal","champion","research","innov","press","releas","16","2024","billion","boost","eu","defenc","capabl","new","event","bg","es","espa","ol","tina","da","dansk","de","deutsch","eesti","el","en","english","fr","fran","ai","ga","gaeilg","hr","hrvatski","italiano","lv","latvi","lt","lietuvi","hu","magyar","mt","malti","nl","nederland","pl","polski","pt","portugu","ro","rom","sk","sloven","ina","sl","sloven","ina","fi","suomi","sv","svenska","ru","uk","home","principl","countri","histori","principl","valu","kei","fact","figur","eu","countri","eu","enlarg","histori","eu","symbol","languag","eu","easi","institut","law","budget","institut","bodi","leadership","law","budget","euro","european","elect","2024","prioriti","action","eu","prioriti","action","topic","european","year","eu","support","ukrain","live","work","studi","live","eu","travel","eu","particip","interact","vote","immigr","eu","work","eu","busi","eu","import","export","fund","grant","subsidi","public","contract","studi","train","eu","job","traineeship","eu","institut","new","event","event","featur","new","late","new","eu","institut","bodi","contact","eu","write","call","meet","contact","detail","institut","bodi","agenc","europ","worldwid","offic","complaint","press","contact","visit","european","union","institut","social","medium","channel","call","00","800","10","11","telephon","option","write","contact","form","meet","eu","centr","search","eu","social","medium","channel","languag","websit","privaci","polici","legal","notic","cooki","access","european","parliament","european","council","council","european","union","european","commiss","court","justic","european","union","cjeu","european","central","bank","ecb","european","court","auditor","eca","european","extern","action","servic","eea","european","econom","social","committe","eesc","european","committe","region","cor","european","invest","bank","eib","european","ombudsman","european","datum","protect","supervisor","edp","european","datum","protect","board","european","personnel","select","offic","public","offic","european","union","agenc","gatewai","european","union","european","elect","june","2024","discov","eu","featur","new","contact","eu","social","medium","legal","eu","institut"],"headings":["gatewai","eu","new","highlight","european","union","discov","eu","function","principl","prioriti","find","histori","member","countri","learn","legal","basi","eu","right","european","commiss"],"url":"https://europa.eu","previewTitle":"Your gateway to the EU, News, Highlights | European Union","preview":"Discover how the EU functions, its principles, priorities; find out about its history and member countries; learn about its legal basis and your EU rights.","forwardLinks":["https://european-union.europa.eu"]}