{"doc":["search","design","product","find","cute","narwhal","shirt","give","gift","80","vampir","friend","sell","art","login","signup","stevenrhod","snazzyseagul","pikaol","ilustrata","thepapercran","obinsun","katherineblow","alemogolloart","chestifi","catwithhardhat","rustyquil","mask","sticker","shirt","fan","art","merch","gift","card","gift","idea","order","worldwid","ship","custom","support","coupon","promo","download","redbubbl","app","explor","shop","sticker","shop","apparel","shop","poster","shop","shirt","shop","deal","shop","dune","shop","top","sell","artist","shop","phone","case","shop","pillow","shop","blanket","shop","gift","card","shop","hat","casual","pigeon","sticker","nurschkaka","29","wild","pink","pattern","zipper","pouch","marlen","veroniqu","holdsworth","11","00","14","67","25","bird","nest","blossom","print","tote","bag","nemki","21","08","28","11","25","tiger","head","spiral","notebook","vaigerika","10","15","13","54","25","hear","magic","hand","plai","card","poster","scarf","reagsrush","23","95","31","93","25","sun","surf","soul","zipper","pouch","renato","12","18","16","24","25","sheet","metal","sticker","oliv","lake","29","cicada","soundsystem","iphon","snap","case","nickv47","20","83","27","77","25","cheetah","spiral","notebook","fernandaschal","10","15","13","54","25","360","degre","samurai","armbar","greet","card","meerkatsu","63","seahors","mermai","2024","essenti","shirt","dilemmaart","24","31","32","42","25","existenti","bread","essenti","shirt","andremul","18","96","25","29","25","lilac","girl","throw","pillow","plantsndraw","16","15","21","54","25","albright","mapl","syrup","illustr","throw","pillow","designedbycec","16","15","21","54","25","tiger","head","vaigerika","72","product","sun","surf","soul","renato","71","product","sheet","metal","oliv","lake","74","product","seahors","mermai","2024","dilemmaart","30","product","lilac","girl","plantsndraw","21","product","snake","paradis","staffan84","36","product","batkei","view","shop","melmatt","view","shop","kristin","bruce","view","shop","almondmillkyi","view","shop","gabor","estefan","view","shop","creativeel","view","shop","unicorn","borderland","shop","unicorn","merch","ladi","amalthea","unicorn","fit","shirt","medusadollmak","27","07","36","09","25","unicorn","flower","garden","zipper","pouch","miriam","steinau","11","00","14","66","25","unicorn","art","print","powersdesign","37","05","49","40","25","night","sticker","sweethartist","88","cat","essenti","shirt","roryrochel","17","16","22","88","25","unicorn","sea","iphon","tough","case","lizabelaart","29","17","38","89","25","shop","unicorn","merch","learn","learn","learn","submit","request","cloth","cloth","shirt","hoodi","sweatshirt","hat","sock","dress","tank","top","leg","skirt","sticker","sticker","magnet","phone","case","phone","case","iphon","case","samsung","galaxi","wall","art","wall","art","poster","photograph","print","art","print","tapestri","canva","print","frame","print","art","board","print","metal","print","mount","print","home","live","home","live","mug","throw","pillow","throw","blanket","tapestri","magnet","apron","coaster","jigsaw","puzzl","duvet","cover","comfort","acryl","block","clock","shower","curtain","bath","mat","pet","kid","babi","kid","cloth","kid","shirt","babi","piec","babi","shirt","kid","pullov","hoodi","toddler","pullov","hoodi","kid","mask","accessori","accessori","hat","sock","pin","backpack","tech","accessori","tote","bag","makeup","bag","toiletri","bag","zipper","pouch","drawstr","bag","duffl","bag","mask","scarf","stationeri","offic","stationeri","offic","greet","card","spiral","notebook","mous","pad","desk","mat","postcard","hardcov","journal","gift","gift","gift","card","gift","gift","gift","friend","gift","teen","gift","budget","explor","design","explor","funni","aesthet","anim","music","movi","vintag","meme","fresh","find","netflix","fan","art","offici","fan","art","shop","gift","guid","fan","art","work","blog","student","discount","login","signup","bulk","order","social","respons","partner","program","affili","sell","art","job","artist","blog","deliveri","return","center","guidelin","copyright","investor","center","contact","social","instagram","facebook","twitter","tumblr","pinterest","user","agreement","privaci","polici","cooki","polici","redbubbl","right","reserv","25","sitewid","shop","product","rang","featur","product","explor","design","pick","featur","artist","shop","fan","art","artist","love"],"headings":["awesom","product","design","independ","artist","redbubbl","700","000","creativ","worldwid","make","shirt","sticker","phone","case","pillow","weirdli","meaning","find","open","shop"],"url":"https://redbubble.com","previewTitle":"Awesome products designed by independent artists | Redbubble","preview":"Over 700,000 creatives worldwide making things like shirts, stickers, phone cases, and pillows weirdly meaningful. Find your thing or open your own shop.","forwardLinks":[]}