{"doc":["recommend","vila","nova","de","gaia","portug","recommend","ellijai","usa","pizza","canela","brazil","recommend","zelenograd","russia","recommend","ottawa","canada","ountri","specif","version","restaur","guru","log","add","busi","log","busi","account","explor","restaur","guru","busi","precis","locat","islamabad","8k","restaur","rawalpindi","7k","restaur","saidpur","restaur","bani","gala","31","restaur","tarlai","kalan","144","restaur","nawaz","restaur","check","food","ludhiana","india","top","dine","spot","himalaya","manali","india","tradit","indian","food","delhi","india","dish","pink","citi","jaipur","india","tourist","spot","restaur","agra","india","salmon","tartar","cure","yolk","spanish","specialti","vegan","cooki","chocol","chip","oreo","lentil","coconut","green","curri","stew","veggi","lover","vermouth","cocktail","orang","peel","maraschino","cherri","spice","art","indian","restaurant","bar","shack","ellijai","pocito","pizza","metro","zefir","bistro","ristoro","southwalesargu","uk","actu","fr","largsandmillportnew","land","island","albania","andorra","argentina","australia","austria","belaru","belgium","bosnia","herzegovina","brazil","bulgaria","canada","colombia","croatia","cuba","cypru","czech","republ","denmark","dominicana","egypt","estonia","finland","franc","georgia","germani","gibraltar","greec","hong","kong","hungari","iceland","india","indonesia","ireland","israel","itali","kosovo","latvia","liechtenstein","lithuania","luxembourg","macedonia","malta","mexico","moldova","monaco","montenegro","morocco","netherland","zealand","norwai","peru","philippin","poland","portug","romania","russia","san","marino","serbia","slovakia","slovenia","south","africa","south","korea","spain","sweden","switzerland","thailand","tunisia","turkei","ukrain","unit","arab","emir","unit","kingdom","usa","intern","spain","franc","germani","itali","portug","russia","brazil","india","restaur","guru","contact","request","content","remov","privaci","polici","disclaim","term","cooki","polici","add","busi","log","busi","account","explor","restaur","guru","busi","discov","custom","comment","review","rate","lead","agenc","inform","place","choos","cuisin","type","restaur","filter","averag","check","locat","place","integr","map","find","dish","pick","restaur","serv","pub","bar","fast","food","bbq","steakhous","chines","food","thai","food","vietnames","food","mexican","food","asian","food","indian","restaur","italian","restaur","seafood","restaur","korean","restaur","japanes","restaur","pizza","sushi","burger","coffe","salad","sandwich","fry","chicken","soup","fish","chip","dessert","breakfast","brunch","lunch","dinner","food","deliveri","restaur","guru","find","restaur","nearbi","citi","food","guid","travel","recip","restaur","guru","award","galleri","medium","highlight","restaur","food","drink"],"headings":["restaur","2024","restaur","guru","restaur","guru","discov","great","place","eat","locat","read","restaur","menu","user","review","tasti","food","view","photo","rate","open","restaur"],"url":"https://restaurantguru.com","previewTitle":"Best Restaurants 2024 Near Me - Restaurant Guru","preview":"Restaurant Guru allows you to discover great places to eat at near your location. Read restaurant menus and users' reviews about tasty food. View photos and ratings of open restaurants around you.","forwardLinks":["https://admin.restaurantguru.com","https://t.restaurantguru.com"]}