{"doc":["offici","websit","unit","state","govern","offici","websit","gova","gov","websit","belong","offici","govern","organ","unit","state","secur","gov","websit","httpsa","lock","lock","lock","padlock","icon","http","mean","have","safe","connect","gov","websit","share","sensit","inform","offici","secur","websit","medlineplu","onlin","health","inform","resourc","patient","famili","friend","servic","nation","librari","medicin","nlm","world","larg","medic","librari","part","nation","institut","health","nih","learn","medlineplu","skip","navig","nation","librari","medicin","espa","ol","learn","medlineplu","learn","health","topic","find","inform","health","well","disord","condit","medic","encyclopedia","articl","imag","diseas","symptom","test","treatment","genet","explor","genet","condit","gene","genet","variat","affect","health","drug","supplement","prescript","drug","counter","medicin","herb","supplement","medic","test","learn","doctor","order","medic","test","result","healthi","recip","recip","show","prepar","tasti","quick","meal","part","healthi","lifestyl","easi","read","health","inform","health","inform","multipl","languag","medlineplu","connect","ehr","nih","medlineplu","magazin","clinic","trial","subscrib","rss","social","medium","toolkit","nation","librari","medicin","depart","health","human","servic","nation","institut","health","foia","usa","gov","http","medlineplu","gov","health","topic","drug","supplement","genet","medic","test","medic","encyclopedia","medlineplu","medlineplu","site","map","custom","support","health","topic","drug","supplement","genet","medic","test","medic","encyclopedia","medlineplu","site","map","custom","support","subscrib","rss","follow","social","medium","toolkit","nlm","web","polici","copyright","access","guidelin","link","viewer","player","hh","vulner","disclosur","medlineplu","connect","ehr","develop","medlineplu"],"headings":["medlineplu","health","inform","nation","librari","medicinelock","find","inform","health","condit","well","issu","easi","read","languag","medlineplu","date","trust","health","inform","site","nih","nation","librari","medicin"],"url":"https://medlineplus.gov","previewTitle":"MedlinePlus - Health Information from the National Library of MedicineLock","preview":"Find information on health conditions, wellness issues, and more in easy-to-read language on MedlinePlus, the up-to-date, trusted health information site from the NIH and the National Library of Medicine.","forwardLinks":["http://www.nih.gov","https://magazine.medlineplus.gov","https://clinicaltrials.gov","https://twitter.com","https://facebook.com","https://www.instagram.com"]}