{"doc":["dictionari","sign","weekli","newslett","sign","agre","term","condit","privaci","polici","success","will","inbox","yourdictionari","understand","credibl","site","empow","answer","question","word","languag","follow","grammar","hack","amaz","fact","word","didn","need","late","languag","trend","grammar","tip","deliv","student","lifelong","learner","yourdictionari","find","perfect","word","grammar","answer","have","search","english","languag","evolv","job","find","accur","definit","authorit","sourc","find","perfect","word","million","option","choos","word","sentenc","clarifi","definit","usag","ultim","word","finder","tool","power","authorit","dictionari","word","word","game","plai","word","passion","unscrambl","word","scrabbl","word","friend","wordl","advic","insight","world","word","word","game","extens","word","list","complet","definit","point","valu","subscrib","newslett","connect","social","medium","sort","filter","result","advanc","filter","save","favorit","word","exclus","featur","find","word","definit","grammar","tip","word","game","10","authorit","sourc","late","languag","trend","grammar","tip","deliv","appoggiatura","yourdictionari","instagram","14","punctuat","mark","english","grammar","subscrib","newslett","dictionari","thesauru","sentenc","20","word","game","team","languag","expert","290","000","word","enthusiast","commun","custom","conveni","mobil","app","dictionari","thesauru","sentenc","grammar","vocabulari","usag","read","write","word","finder","word","friend","cheat","wordl","solver","word","unscrambl","scrabbl","dictionari","anagram","solver","wordscap","answer","dictionari","thesauru","sentenc","grammar","vocabulari","usag","read","write","word","finder","word","finder","word","friend","cheat","wordl","solver","word","unscrambl","scrabbl","dictionari","anagram","solver","wordscap","answer","term","condit","privaci","polici","dictionari","thesauru","sentenc","articl","word","finder","follow","your_dictionari","dictionari","find","accur","definit","authorit","sourc","thesauru","find","perfect","word","million","option","choos","sentenc","word","sentenc","clarifi","definit","usag","adject","order","adject","sentenc","wordfind","find","crossword","clue","crossword","helper","convers","tip","power","exampl","empathi","statement","creativ","write","tip","write","chapter","grip","reader","contract","compound","word","portmanteau","think","regular","bore","word","glossari","70","anim","start","pronoun","pronoun","agreement","mean","usag","explain","etymolog","word","coin","presid","todai","visit","wordfind","random","word","random","word","sell","person","inform","dictionari","thesauru","sentenc","grammar","vocabulari","usag","read","write","articl","vocabulari","usag","read","write","vocabulari","usag","read","write","word","friend","cheat","wordl","solver","word","unscrambl","scrabbl","dictionari","anagram","solver","wordscap","answer","dictionari","thesauru","sentenc","grammar","vocabulari","usag","read","write","word","finder","word","finder","word","friend","cheat","wordl","solver","word","unscrambl","scrabbl","dictionari","anagram","solver","wordscap","answer","word","finder","word","friend","cheat","wordl","solver","word","unscrambl","scrabbl","dictionari","anagram","solver","wordscap","answer","grammar","write","tip","fun","languag","articl","wordofthedai","quiz","dictionari","find","accur","definit","authorit","sourc","thesauru","find","perfect","word","million","option","choos","sentenc","word","sentenc","clarifi","definit","usag","american","heritag","dictionari","english","languag","webster","world","colleg","dictionari","webster","world","financ","invest","dictionari","webster","world","law","dictionari","webster","world","roget","thesauru","american","heritag","scienc","dictionari","american","heritag","dictionari","medicin","wiktionari","webster","world","hacker","dictionari","webster","world","telecom","dictionari","featur","dictionari","thesauru","sentenc","grammar","vocabulari","usag","read","write","compani","contact","privaci","polici","editori","polici","cooki","set","term","suggest","box","sell","person","inform","connect","contact","suggest","box","follow","linkedin","facebook","instagram","tiktok","yourdictionari","word","word","dai","daili","grammar","world","power","dictionari","trend","topic","wordfind","definit","trust","sourc","subscrib","newslett"],"headings":["yourdictionari","definit","mean","dozen","trust","dictionari","sourc","onlin","dictionari","sourc","definit","origin","word","mean","concept","sentenc","synonym","antonym","grammar","tip"],"url":"https://yourdictionary.com","previewTitle":"YourDictionary: Definitions and Meanings From Over a Dozen Trusted Dictionary Sources","preview":"Our online dictionary is the best source for definitions and origins of words, meanings of concepts, example sentences, synonyms and antonyms, grammar tips, and more.","forwardLinks":["https://thesaurus.yourdictionary.com","https://sentence.yourdictionary.com","https://wordfinder.yourdictionary.com","https://wordscapes.yourdictionary.com","https://www.instagram.com"]}