{"doc":["million","peopl","juli","2015","larg","economi","world","million","annual","visitor","million","civilian","labor","forc","california","hit","devast","wildfir","natur","disast","northern","southern","part","state","inform","recoveri","resourc","visit","resourc","skip","main","content","covid19","ca","gov","home","facebook","twitter","state","agenc","contact","translat","servic","busi","work","learn","live","visit","govern","find","state","agenc","find","state","servic","common","question","servic","visit","governor","websit","visit","lieuten","governor","websit","emerg","servic","wild","fire","recoveri","disast","assist","visit","open","datum","portal","flex","alert","websit","access","certif","servic","busi","work","learn","live","visit","govern","regist","vote","save","water","flex","alert","amber","alert","cal","alert","hazard","governor","lt","governor","california","datum","state","directori","technic","issu","top","sitemap","access","condit","privaci","polici","contact","flickr","pinterest","youtub","gavin","newsom","eleni","kounalaki","disast","resourc","california","believ","power","unlock","govern","datum","find","campaign","alert","support"],"headings":["www","ca","gov","california","state","portal"],"url":"https://ca.gov","previewTitle":"www.ca.gov | California State Portal","preview":"No preview available","forwardLinks":[]}