{"doc":["artstor","usernam","password","don","account","regist","free","jstor","accept","term","condit","privaci","polici","16","old","explor","million","high","qualiti","primari","sourc","imag","world","includ","artwork","map","photograph","explor","migrat","issu","varieti","medium","type","har","power","visual","materi","explor","million","imag","jstor","enhanc","scholarli","research","underground","newspap","magazin","journal","explor","collect","art","scienc","literatur","world","lead","museum","archiv","scholar","ithaka","websit","ithaka","manag","locat","unit","state","cooki","purpos","ensur","web","site","function","displai","target","ad","provid","social","medium","featur","track","usag","engag","parti","servic","provid","googl","analyt","manag","essenti","cooki","cooki","set","inform","cooki","polici","visit","websit","store","cooki","browser","collect","inform","inform","collect","relat","prefer","devic","site","work","expect","provid","person","web","experi","choos","type","cooki","impact","experi","site","servic","offer","click","categori","head","find","chang","default","set","prefer","refresh","web","page","navig","page","site","appli","opt","strictli","cooki","deploi","order","ensur","proper","function","websit","prompt","cooki","banner","rememb","set","log","account","redirect","log","inform","parti","cooki","follow","link","ithaka","cooki","polici","cooki","websit","function","switch","system","set","respons","action","amount","request","servic","set","privaci","prefer","log","fill","form","set","parti","provid","servic","add","page","set","browser","block","alert","cooki","part","site","work","cooki","store","person","identifi","inform","cooki","includ","googl","analyt","count","visit","traffic","sourc","measur","improv","perform","site","page","popular","user","interact","ithaka","site","inform","compil","report","ithaka","improv","respect","site","includ","report","numb","visitor","site","visitor","page","user","visit","site","inform","cooki","collect","aggreg","anonym","cooki","visit","site","monitor","perform","cooki","set","rang","social","medium","servic","add","site","enabl","share","content","friend","network","capabl","track","browser","site","build","profil","interest","impact","content","messag","websit","visit","cooki","share","tool","ithaka","websit","displai","advertis","cooki","identifi","begin","uniqu","user","session","order","displai","gener","ad","session","ithaka","captur","inform","user","session","order","displai","target","ad","advertis","cooki","set","site","advertis","entiti","compani","build","profil","interest","show","relev","advert","site","advertis","cooki","store","person","inform","base","uniqu","identifi","browser","internet","devic","cooki","experi","target","advertis","cooki","enabl","websit","provid","enhanc","function","personalis","set","parti","provid","servic","add","page","cooki","servic","function","properli","cooki","list","cooki","set","strictli","cooki","perform","analyt","cooki","social","medium","cooki","advertis","cooki","function","cooki","ithaka","cooki","polici","part","street","talk","public","form","creativ","express","world","part","journal","econom","perspect","vol","34","winter","2020","part","cato","institut","aug","2021","part","univers","california","press","part","open","smithsonian","nation","museum","african","american","histori","cultur","part","indiana","journal","global","legal","studi","vol","19","winter","2012","part","street","institut","nov","2020","part","leuven","univers","press","part","secretari","gener","paper","ban","ki","moon","2007","2016","part","perspect","terror","vol","12","august","2018","part","leverag","live","serbia","illeg","tunisian","migrat","europ","carnegi","endow","intern","peac","mar","2023","part","ucl","press","har","power","visual","materi","explor","million","imag","jstor","search","imag","enhanc","scholarli","research","underground","newspap","magazin","journal","brows","independ","voic","explor","collect","art","scienc","literatur","world","lead","museum","archiv","scholar","search","artstor","collect","jstor","mission","histori","jstor","lab","jstor","daili","new","webinar","career","jstor","mission","histori","jstor","lab","jstor","daili","new","webinar","career","jstor","advanc","search","subject","titl","collect","publish","imag","jstor","advanc","search","subject","titl","collect","publish","imag","datum","research","text","analyz","jstor","understand","seri","constel","datum","research","text","analyz","jstor","understand","seri","constel","support","access","libguid","research","basic","contact","support","access","libguid","research","basic","contact","librarian","publish","term","condit","privaci","polici","access","cooki","polici","cooki","set","cooki","set","strictli","cooki","perform","analyt","cooki","social","medium","cooki","advertis","cooki","function","cooki","cooki","prefer","center"],"headings":["jstor","homeback","buttonfilt","button","jstor","digit","librari","academ","journal","book","primari","sourc"],"url":"https://jstor.org","previewTitle":"JSTOR HomeBack ButtonFilter Button","preview":"JSTOR is a digital library of academic journals, books, and primary sources.","forwardLinks":[]}