{"doc":["facebook","help","connect","share","peopl","life","creat","page","celebr","brand","busi","english","uk","deutsch","espa","ol","sign","log","messeng","facebook","lite","video","place","game","marketplac","meta","pai","meta","store","meta","quest","meta","have","instagram","thread","fundrais","servic","vote","inform","centr","privaci","polici","privaci","centr","group","creat","ad","creat","page","develop","career","cooki","adchoic","term","contact","upload","user","set","activ","log"],"headings":["facebook","log","sign","log","facebook","start","share","connect","friend","famili","peopl"],"url":"https://facebook.com","previewTitle":"Facebook – log in or sign up","preview":"Log in to Facebook to start sharing and connecting with your friends, family and people you know.","forwardLinks":[]}