{"doc":["access","customiz","webpag","design","tool","build","websit","grow","ideal","busi","easili","build","free","websit","discov","grow","custom","base","style","start","todai","power","free","websit","builder","weebli","part","squar","product","suit","mean","miss","sale","let","custom","pai","pop","shop","onlin","store","squar","take","care","payment","focu","busi","busi","have","tech","hurdl","big","small","busi","growth","tip","custom","success","team","email","chat","phone","call","weebli","free","websit","builder","lean","product","resourc","support","compani","transfer","domain","websit","onlin","store","price","log","sign","sign","websit","onlin","store","price","guid","theme","featur","app","center","seo","guid","center","blog","log","start","guid","theme","featur","blog","app","center","seo","guid","creat","websit","start","design","start","learn","learn","learn","sign","learn","learn","learn","start","websit","onlin","store","photo","studio","featur","theme","price","app","center","mobil","app","blog","success","stori","develop","doc","affili","support","center","commun","career","press","contact","term","privaci","polici","addit","california","privaci","disclosur","2024","squar","english","espa","ol","catalan","dansk","deutsch","english","australia","english","uk","english","canada","english","ireland","espa","ol","espa","ol","spain","fran","ai","franc","fran","ai","canada","italiano","nederland","norsk","polski","portugu","svenska","rk","guid","theme","featur","blog","app","center","seo","guid","espa","ol","catalan","dansk","deutsch","english","australia","english","uk","english","canada","english","ireland","espa","ol","espa","ol","spain","fran","ai","franc","fran","ai","canada","italiano","nederland","norsk","polski","portugu","svenska","rk","start","power","free","websit","builder","build","free","websit","grow","busi","succe","websit","builder","start","growth","freedom","sell","anytim","weebli","squar","guid","common","hurdl","build","websit","build","success"],"headings":["free","websit","builder","build","free","websit","onlin","store","weebli","fill","5get","goingget","onlineget","sellingget","grow","weebli","free","websit","builder","easi","creat","websit","blog","onlin","store","find","customiz","templat","domain","easi","tool","type","busi","websit"],"url":"https://weebly.com","previewTitle":"\n\t\t\t\tFree Website Builder: Build a Free Website or Online Store | Weebly\n\t\tFill 5Get GoingGet OnlineGet SellingGet Growing","preview":"Weebly’s free website builder makes it easy to create a website, blog, or online store. Find customizable templates, domains, and easy-to-use tools for any type of business website.","forwardLinks":["https://www.facebook.com","https://twitter.com","https://www.youtube.com","https://instagram.com","https://plus.google.com"]}