{"doc":["tech","specialist","expert","join","justansw","world","trust","institut","includ","dr","muneeb","ali","mbb","md","mccm","work","critic","care","medicin","10","year","experi","medicin","18","166","satisfi","custom","chri","master","mechan","16","year","experi","domest","foreign","luxuri","car","heavi","equip","60","004","satisfi","custom","legal","eagl","attornei","law","doctor","degre","licens","practic","state","feder","court","star","expert","2016","50","924","satisfi","custom","rebecca","vet","doctor","veterinari","medicin","30","year","companion","anim","practic","dog","cat","bird","hors","27","774","satisfi","custom","nora","apprais","post","graduat","christi","10","year","art","world","experi","nyc","presid","founder","corpor","32","426","satisfi","custom","benji","support","engin","bachelor","degre","inform","technolog","comput","network","programm","897","satisfi","custom","dr","muneeb","ali","mbb","md","mccm","work","critic","care","medicin","10","year","experi","medicin","18","166","satisfi","custom","chri","master","mechan","16","year","experi","domest","foreign","luxuri","car","heavi","equip","60","004","satisfi","custom","legal","eagl","attornei","law","doctor","degre","licens","practic","state","feder","court","star","expert","2016","50","924","satisfi","custom","rebecca","vet","doctor","veterinari","medicin","30","year","companion","anim","practic","dog","cat","bird","hors","27","774","satisfi","custom","nora","apprais","post","graduat","christi","10","year","art","world","experi","nyc","presid","founder","corpor","32","426","satisfi","custom","benji","support","engin","bachelor","degre","inform","technolog","comput","network","programm","897","satisfi","custom","dr","muneeb","ali","mbb","md","mccm","work","critic","care","medicin","10","year","experi","medicin","18","166","satisfi","custom","chri","master","mechan","16","year","experi","domest","foreign","luxuri","car","heavi","equip","60","004","satisfi","custom","legal","eagl","attornei","law","doctor","degre","licens","practic","state","feder","court","star","expert","2016","50","924","satisfi","custom","rebecca","vet","doctor","veterinari","medicin","30","year","companion","anim","practic","dog","cat","bird","hors","27","774","satisfi","custom","nora","apprais","post","graduat","christi","10","year","art","world","experi","nyc","presid","founder","corpor","32","426","satisfi","custom","benji","support","engin","bachelor","degre","inform","technolog","comput","network","programm","897","satisfi","custom","2003","2024","justansw","llc","right","reserv","24","access","thousand","expert","24","access","thousand","expert","question","match","chat","expert","question","match","chat","expert","will","love","justansw","12","000","verifi","expert","question","save","monei","servic","tailor","save","valuabl","time","home","12","000","verifi","expert","question","save","monei","servic","tailor","save","valuabl","time","home","log","lawyer","doctor","vet","mechan","electron","tech","comput","tech","electrician","plumber","tax","account","home","career","press","partner","program","blog","unemploy","hub","countri","work","login","regist","categori","meet","expert","expert","qualiti","expert","center","contact","privaci","polici","term","servic","contact","sitemap","join","justansw","support","friend","colleagu","ukrain","ukrain","stand","strong","donat","join","justansw","support","friend","colleagu","ukrain","donat","price","expert","partner","harvard","lawyer","ucla","doctor","microsoft","certifi","comput","tech","christi","apprais","uc","davi","vet","revolution","profession","servic","revolution","profession","servic","work","work","meet","expert","10","million","member","help"],"headings":["expert","answer","question","asap"],"url":"https://justanswer.com","previewTitle":"Ask an Expert & Get Answers to Your Questions - ASAP","preview":"No preview available","forwardLinks":[]}