{"doc":["stun","royalti","free","imag","royalti","free","stock","million","high","qualiti","stock","imag","video","music","share","talent","commun","background","wallpap","flower","woman","landscap","busi","peopl","cat","monei","dog","car","spring","iphon","wallpap","basket","wicker","market","shoe","antiqu","hors","anim","equin","natur","sleep","sound","35","track","hr","52","min","brown","bear","bear","natur","blue","tit","nuthatch","bird","lake","mountain","fog","rise","4k","wallpap","peacock","bird","natur","bird","blue","tit","plumag","4k","00","22","tawni","owl","brown","owl","labrador","dog","anim","cow","calf","cattl","coffe","bean","roast","snake","nest","natur","children","music","44","track","hr","30","min","blue","natur","crystal","hedgehog","fly","insect","blue","jai","hd","wallpap","wheat","barlei","waterdrop","brown","bear","grizzli","bear","tropic","sky","ecolog","bird","ring","neck","dive","oxford","shoe","leather","record","record","player","4k","00","19","grei","reef","shark","water","fruit","blueberri","berri","cyberpunk","futur","sound","30","track","hr","20","min","love","mist","flower","leav","green","droplet","cosmo","49","track","hr","min","natur","toad","frog","chill","upbeat","summel","travel","vlog","ig","music","royalti","free","viola","viola","bridg","have","gener","cat","ey","groovi","ambient","funk","car","classic","beetl","reed","wilder","spruce","leav","tree","goos","bird","green","grass","tina","dansk","deutsch","english","espa","ol","fran","ai","indonesia","italiano","magyar","nederland","norsk","polski","portugu","rom","sloven","ina","suomi","svenska","rk","vi","privaci","polici","term","servic"],"headings":["million","stun","free","imag","pixabai","pixabai","find","perfect","royalti","free","imag","video","download","royalti","free","attribut","requir","high","qualiti","imag"],"url":"https://pixabay.com","previewTitle":"4.3 million+ Stunning Free Images to Use Anywhere - Pixabay - Pixabay","preview":"Find your perfect royalty-free image or video to download and use. ✓ Royalty-free ✓ No attribution required ✓ High quality images.","forwardLinks":[]}