{"doc":["start","dai","synonym","dai","inbox","click","sign","accept","dictionari","term","condit","privaci","polici","sign","tauru","shy","grab","bull","horn","learn","sign","anim","constel","read","advertis","call","cruciverbalist","sharpen","mind","crossword","word","game","brain","break","favorit","classic","game","advertis","fire","emoji","irl","advertis","salut","logophil","sign","word","lover","word","origin","fun","fact","late","languag","trend","click","sign","accept","dictionari","term","condit","privaci","polici","adject","compar","call","advertis","brows","follow","synonym","dai","dai","click","sign","accept","dictionari","term","condit","privaci","polici","synonym","subtl","ag","sophist","loyal","answer","tenaci","passion","word","describ","tauru","daili","crossword","hurdl","word","puzzl","word","wipe","plai","80","game","list","skill","pai","bill","guid","perfect","resum","pai","tribut","dracon","magnific","dragon","quiz","stori","rainbow","flag","emoji","full","quiz","quiz","account","game","daili","crossword","word","puzzl","word","finder","game","featur","word","dai","synonym","dai","word","year","word","languag","stori","featur","pop","cultur","slang","emoji","meme","acronym","gender","sexual","pop","cultur","write","tip","write","hub","grammar","essenti","commonli","confus","write","tip","log","game","featur","pop","cultur","write","tip","fiction","languag","creat","writer","write","haiku","tip","exampl","10","essenti","poetri","term","todai","todai","don","mid","slang","word","psychic","medium","gaze","crystal","ball","find","differ","superl","adject","compar","adject","compound","adject","aa","bb","cc","dd","ee","ff","gg","hh","ii","jj","kk","will","mm","nn","oo","pp","qq","rr","s","tt","uu","vv","ww","xx","yy","zz","career","contact","cooki","term","privaci","synonym","dai","todai","game","featur","trend","newslett","quiz"],"headings":["synonym","antonym","word","thesauru","thesauru","world","larg","trust","onlin","thesauru","25","year","join","million","peopl","grow","masteri","english","languag"],"url":"https://thesaurus.com","previewTitle":"Synonyms and Antonyms of Words | Thesaurus.com","preview":"Thesaurus.com is the world’s largest and most trusted online thesaurus for 25+ years. Join millions of people and grow your mastery of the English language.","forwardLinks":[]}