{"doc":["intern","custom","shop","www","bestbui","order","ship","address","store","detail","le","client","internationaux","peuvent","magasin","au","www","bestbui","fair","livrer","leur","command","import","quell","adress","ou","import","quel","magasin","aux","tat","uni","voir","le","tail","client","internacional","pueden","compar","en","www","bestbui","enviar","su","pedido","cualquier","domicilio","tienda","en","ee","uu","ver","detal","shop","vou","magasinez","aux","comprando","en","ee","uu","canada","unit","state","canada","unit","state","canada","estado","unido","canada","unit","state","detail","canada","unit","state","voir","le","tail","canada","estado","unido","ver","detal","choos","countri","choisir","pai","seleciona","pa"],"headings":["bui","intern","select","countri","bui","shop","onlin","bui","countri","languag","choic","bui","onlin","shop","numb","countri","languag","bui","intern","bui","countri"],"url":"https://bestbuy.com","previewTitle":"Best Buy International: Select your Country - Best Buy","preview":"Shop online at Best Buy in your country and language of choice. Best Buy provides online shopping in a number of countries and languages.","forwardLinks":[]}