{"doc":["glosb","big","commun","build","dictionari","support","languag","world","join","todai","glosb","platform","provid","free","dictionari","context","translat","translat","sentenc","call","translat","memori","find","glosb","develop","effort","peopl","add","content","dai","join","share","knowledg","languag","complic","grammar","glosb","check","conjug","declens","tabl","click","word","imag","worth","thousand","word","displai","pictur","word","creat","person","dictionari","practic","learn","word","easi","glosb","mark","translat","interest","come","tool","stai","touch","log","english","spanish","dictionari","english","german","dictionari","english","greek","dictionari","english","english","dictionari","english","spanish","dictionari","english","french","dictionari","english","hindi","dictionari","english","indonesian","dictionari","english","japanes","pass","lawn","zoran","lombar","nazari","pass","loon","zoran","lombar","nazari","climb","loon","zoran","lombar","nazari","dam","water","tui","khuap","zoran","lombar","nazari","dull","thiim","zoran","lombar","nazari","duoduo","chais","872366","3p","3p","3p","3p","www","690023","a872366","872366","3p","3p","3p","3p","www","690023","telegram","a872366","glosb","dictionari","billion","translat","phrase","phrase","illustr","record","pronunci","billion","translat","sentenc","automat","translat","long","text","dictionari","builder","pronunci","record","add","translat","batch","add","exampl","batch","transliter","dictionari","glosb","partner","privaci","polici","term","servic","facebook","twitter","contact","glosb","dictionari","big","onlin","dictionari","popular","recommend","dictionari","glosb","commun","600","000","user","join","check","conjug","declens","brows","pictur","dictionari","collect","favorit","translat"],"headings":["glosb","dictionari","languag","world","place","glosb","dictionari","place","languag","translat","sentenc","pronunci","record","grammar","refer","check","dictionari","glosb","translat","definit","pronunci","exampl","translat","memori"],"url":"https://glosbe.com","previewTitle":"Glosbe Dictionary - All Languages of the World in One Place","preview":"Glosbe dictionary - one place, all languages! Translations, example sentences, pronunciation recordings and grammar references. Check it out!","forwardLinks":["https://auth.glosbe.com","https://en.glosbe.com","https://app.glosbe.com"]}