{"doc":["2023","heliophilia","pte","right","reserv","send","privaci","polici","term","servic","commun","guidelin","intellectu","properti","law","enforc","guidelin","bahasa","indonesia","bahasa","melayu","english","ti","ng","vi","privaci","polici","term","servic","commun","guidelin","intellectu","properti","law","enforc","guidelin"],"headings":["lemon8","fresh","discoveri","dai","lemon8","app","start","discoveri","lifestyl","content","commun","featur","photo","video","beauti","fashion","food","travel","fit","pet","beauti","fashion","travel","lemon8"],"url":"https://lemon8-app.com","previewTitle":"Lemon8 - Fresh discoveries every day","preview":"Get the Lemon8 app and start your discovery. A lifestyle content community featuring photos and videos of beauty, fashion, food, travel, fitness, pets, and more.","forwardLinks":[]}